
26-09-14 20:05:34 [-] [INFO] Installed on 'shard1'.
26-09-14 20:10:21 [-] [INFO] Installed on 'shard1'.
26-09-14 20:11:16 [-] [INFO] Installed on 'shard1'.
26-09-14 20:11:23 [-] [INFO] Installed on 'shard1'.
26-09-14 20:11:26 [-] [INFO] Installed on 'shard1'.
26-09-14 20:11:27 [-] [INFO] 'shard1' attached.
26-09-14 20:11:30 [-] [INFO] Installed on 'shard1'.
26-09-14 20:11:31 [-] [INFO] 'shard1' attached.
26-09-14 20:11:52 [-] [INFO] Installed on 'shard1'.
26-09-14 20:12:54 [-] [INFO] Installed on 'shard1'.
26-09-14 20:12:55 [-] [INFO] server_start: twistd --python=/Users/timbaird/Documents/fcm-umbrella/src/venv/lib/python3.13/site-packages/evennia/server/server.py --logger=evennia.utils.logger.GetServerLogObserver --pidfile=/Users/timbaird/Documents/fcm-umbrella/src/shard1/server/server.pid
26-09-14 20:12:57 [-] [INFO] Installed on 'shard1'.
26-09-14 20:24:59 [-] [ERROR] Could not reach the Portal at localhost:4006 ([Failure instance: Traceback (failure with no frames): <class 'twisted.internet.error.ConnectionRefusedError'>: Connection was refused by other side: 61: Connection refused.
]). Retrying.
26-09-14 20:25:01 [-] [ERROR] Could not reach the Portal at localhost:4006 ([Failure instance: Traceback (failure with no frames): <class 'twisted.internet.error.ConnectionRefusedError'>: Connection was refused by other side: 61: Connection refused.
]). Retrying.
26-09-14 20:25:03 [-] [ERROR] Could not reach the Portal at localhost:4006 ([Failure instance: Traceback (failure with no frames): <class 'twisted.internet.error.ConnectionRefusedError'>: Connection was refused by other side: 61: Connection refused.
]). Retrying.
26-09-14 20:25:07 [-] [ERROR] Could not reach the Portal at localhost:4006 ([Failure instance: Traceback (failure with no frames): <class 'twisted.internet.error.ConnectionRefusedError'>: Connection was refused by other side: 61: Connection refused.
]). Retrying.
26-09-14 20:25:12 [-] [ERROR] Could not reach the Portal at localhost:4006 ([Failure instance: Traceback (failure with no frames): <class 'twisted.internet.error.ConnectionRefusedError'>: Connection was refused by other side: 61: Connection refused.
]). Retrying.
26-09-14 20:25:20 [-] [ERROR] Could not reach the Portal at localhost:4006 ([Failure instance: Traceback (failure with no frames): <class 'twisted.internet.error.ConnectionRefusedError'>: Connection was refused by other side: 61: Connection refused.
]). Retrying.
26-09-14 20:25:30 [-] [ERROR] Could not reach the Portal at localhost:4006 ([Failure instance: Traceback (failure with no frames): <class 'twisted.internet.error.ConnectionRefusedError'>: Connection was refused by other side: 61: Connection refused.
]). Retrying.
26-09-14 20:25:30 [-] [INFO] Installed on 'shard1'.
26-09-14 20:25:39 [-] [ERROR] Could not reach the Portal at localhost:4006 ([Failure instance: Traceback (failure with no frames): <class 'twisted.internet.error.ConnectionRefusedError'>: Connection was refused by other side: 61: Connection refused.
]). Retrying.
26-09-14 20:25:48 [-] [ERROR] Could not reach the Portal at localhost:4006 ([Failure instance: Traceback (failure with no frames): <class 'twisted.internet.error.ConnectionRefusedError'>: Connection was refused by other side: 61: Connection refused.
]). Retrying.
26-09-14 20:26:01 [-] [ERROR] Could not reach the Portal at localhost:4006 ([Failure instance: Traceback (failure with no frames): <class 'twisted.internet.error.ConnectionRefusedError'>: Connection was refused by other side: 61: Connection refused.
]). Retrying.
26-09-14 20:26:12 [-] [ERROR] Could not reach the Portal at localhost:4006 ([Failure instance: Traceback (failure with no frames): <class 'twisted.internet.error.ConnectionRefusedError'>: Connection was refused by other side: 61: Connection refused.
]). Retrying.
26-09-14 20:26:23 [-] [ERROR] Could not reach the Portal at localhost:4006 ([Failure instance: Traceback (failure with no frames): <class 'twisted.internet.error.ConnectionRefusedError'>: Connection was refused by other side: 61: Connection refused.
]). Retrying.
26-09-14 20:26:33 [-] [ERROR] Could not reach the Portal at localhost:4006 ([Failure instance: Traceback (failure with no frames): <class 'twisted.internet.error.ConnectionRefusedError'>: Connection was refused by other side: 61: Connection refused.
]). Retrying.
26-09-14 20:26:43 [-] [ERROR] Could not reach the Portal at localhost:4006 ([Failure instance: Traceback (failure with no frames): <class 'twisted.internet.error.ConnectionRefusedError'>: Connection was refused by other side: 61: Connection refused.
]). Retrying.
26-09-14 20:26:53 [-] [ERROR] Could not reach the Portal at localhost:4006 ([Failure instance: Traceback (failure with no frames): <class 'twisted.internet.error.ConnectionRefusedError'>: Connection was refused by other side: 61: Connection refused.
]). Retrying.
26-09-14 20:27:05 [-] [ERROR] Could not reach the Portal at localhost:4006 ([Failure instance: Traceback (failure with no frames): <class 'twisted.internet.error.ConnectionRefusedError'>: Connection was refused by other side: 61: Connection refused.
]). Retrying.
26-09-14 20:27:14 [-] [ERROR] Could not reach the Portal at localhost:4006 ([Failure instance: Traceback (failure with no frames): <class 'twisted.internet.error.ConnectionRefusedError'>: Connection was refused by other side: 61: Connection refused.
]). Retrying.
26-09-14 20:27:26 [-] [ERROR] Could not reach the Portal at localhost:4006 ([Failure instance: Traceback (failure with no frames): <class 'twisted.internet.error.ConnectionRefusedError'>: Connection was refused by other side: 61: Connection refused.
]). Retrying.
26-09-14 20:27:36 [-] [ERROR] Could not reach the Portal at localhost:4006 ([Failure instance: Traceback (failure with no frames): <class 'twisted.internet.error.ConnectionRefusedError'>: Connection was refused by other side: 61: Connection refused.
]). Retrying.
26-09-14 20:27:47 [-] [ERROR] Could not reach the Portal at localhost:4006 ([Failure instance: Traceback (failure with no frames): <class 'twisted.internet.error.ConnectionRefusedError'>: Connection was refused by other side: 61: Connection refused.
]). Retrying.
26-09-14 20:27:55 [-] [ERROR] Could not reach the Portal at localhost:4006 ([Failure instance: Traceback (failure with no frames): <class 'twisted.internet.error.ConnectionRefusedError'>: Connection was refused by other side: 61: Connection refused.
]). Retrying.
26-09-14 20:28:05 [-] [ERROR] Could not reach the Portal at localhost:4006 ([Failure instance: Traceback (failure with no frames): <class 'twisted.internet.error.ConnectionRefusedError'>: Connection was refused by other side: 61: Connection refused.
]). Retrying.
26-09-14 20:28:15 [-] [ERROR] Could not reach the Portal at localhost:4006 ([Failure instance: Traceback (failure with no frames): <class 'twisted.internet.error.ConnectionRefusedError'>: Connection was refused by other side: 61: Connection refused.
]). Retrying.
26-09-14 20:28:26 [-] [ERROR] Could not reach the Portal at localhost:4006 ([Failure instance: Traceback (failure with no frames): <class 'twisted.internet.error.ConnectionRefusedError'>: Connection was refused by other side: 61: Connection refused.
]). Retrying.
26-09-14 20:28:38 [-] [ERROR] Could not reach the Portal at localhost:4006 ([Failure instance: Traceback (failure with no frames): <class 'twisted.internet.error.ConnectionRefusedError'>: Connection was refused by other side: 61: Connection refused.
]). Retrying.
26-09-14 20:28:47 [-] [ERROR] Could not reach the Portal at localhost:4006 ([Failure instance: Traceback (failure with no frames): <class 'twisted.internet.error.ConnectionRefusedError'>: Connection was refused by other side: 61: Connection refused.
]). Retrying.
26-09-14 20:28:57 [-] [ERROR] Could not reach the Portal at localhost:4006 ([Failure instance: Traceback (failure with no frames): <class 'twisted.internet.error.ConnectionRefusedError'>: Connection was refused by other side: 61: Connection refused.
]). Retrying.
26-09-14 20:29:07 [-] [ERROR] Could not reach the Portal at localhost:4006 ([Failure instance: Traceback (failure with no frames): <class 'twisted.internet.error.ConnectionRefusedError'>: Connection was refused by other side: 61: Connection refused.
]). Retrying.
26-09-14 20:29:15 [-] [ERROR] Could not reach the Portal at localhost:4006 ([Failure instance: Traceback (failure with no frames): <class 'twisted.internet.error.ConnectionRefusedError'>: Connection was refused by other side: 61: Connection refused.
]). Retrying.
26-09-14 20:29:26 [-] [ERROR] Could not reach the Portal at localhost:4006 ([Failure instance: Traceback (failure with no frames): <class 'twisted.internet.error.ConnectionRefusedError'>: Connection was refused by other side: 61: Connection refused.
]). Retrying.
26-09-14 20:29:37 [-] [ERROR] Could not reach the Portal at localhost:4006 ([Failure instance: Traceback (failure with no frames): <class 'twisted.internet.error.ConnectionRefusedError'>: Connection was refused by other side: 61: Connection refused.
]). Retrying.
26-09-14 20:29:46 [-] [ERROR] Could not reach the Portal at localhost:4006 ([Failure instance: Traceback (failure with no frames): <class 'twisted.internet.error.ConnectionRefusedError'>: Connection was refused by other side: 61: Connection refused.
]). Retrying.
26-09-14 20:29:55 [-] [ERROR] Could not reach the Portal at localhost:4006 ([Failure instance: Traceback (failure with no frames): <class 'twisted.internet.error.ConnectionRefusedError'>: Connection was refused by other side: 61: Connection refused.
]). Retrying.
26-09-14 20:30:06 [-] [ERROR] Could not reach the Portal at localhost:4006 ([Failure instance: Traceback (failure with no frames): <class 'twisted.internet.error.ConnectionRefusedError'>: Connection was refused by other side: 61: Connection refused.
]). Retrying.
26-09-14 20:30:15 [-] [ERROR] Could not reach the Portal at localhost:4006 ([Failure instance: Traceback (failure with no frames): <class 'twisted.internet.error.ConnectionRefusedError'>: Connection was refused by other side: 61: Connection refused.
]). Retrying.
26-09-14 20:30:24 [-] [ERROR] Could not reach the Portal at localhost:4006 ([Failure instance: Traceback (failure with no frames): <class 'twisted.internet.error.ConnectionRefusedError'>: Connection was refused by other side: 61: Connection refused.
]). Retrying.
26-09-14 20:30:32 [-] [ERROR] Could not reach the Portal at localhost:4006 ([Failure instance: Traceback (failure with no frames): <class 'twisted.internet.error.ConnectionRefusedError'>: Connection was refused by other side: 61: Connection refused.
]). Retrying.
26-09-14 20:30:41 [-] [ERROR] Could not reach the Portal at localhost:4006 ([Failure instance: Traceback (failure with no frames): <class 'twisted.internet.error.ConnectionRefusedError'>: Connection was refused by other side: 61: Connection refused.
]). Retrying.
26-09-14 20:30:51 [-] [ERROR] Could not reach the Portal at localhost:4006 ([Failure instance: Traceback (failure with no frames): <class 'twisted.internet.error.ConnectionRefusedError'>: Connection was refused by other side: 61: Connection refused.
]). Retrying.
26-09-14 20:31:02 [-] [ERROR] Could not reach the Portal at localhost:4006 ([Failure instance: Traceback (failure with no frames): <class 'twisted.internet.error.ConnectionRefusedError'>: Connection was refused by other side: 61: Connection refused.
]). Retrying.
26-09-14 20:31:13 [-] [ERROR] Could not reach the Portal at localhost:4006 ([Failure instance: Traceback (failure with no frames): <class 'twisted.internet.error.ConnectionRefusedError'>: Connection was refused by other side: 61: Connection refused.
]). Retrying.
26-09-14 20:31:25 [-] [ERROR] Could not reach the Portal at localhost:4006 ([Failure instance: Traceback (failure with no frames): <class 'twisted.internet.error.ConnectionRefusedError'>: Connection was refused by other side: 61: Connection refused.
]). Retrying.
26-09-14 20:31:36 [-] [ERROR] Could not reach the Portal at localhost:4006 ([Failure instance: Traceback (failure with no frames): <class 'twisted.internet.error.ConnectionRefusedError'>: Connection was refused by other side: 61: Connection refused.
]). Retrying.
26-09-14 20:31:44 [-] [ERROR] Could not reach the Portal at localhost:4006 ([Failure instance: Traceback (failure with no frames): <class 'twisted.internet.error.ConnectionRefusedError'>: Connection was refused by other side: 61: Connection refused.
]). Retrying.
26-09-14 20:31:55 [-] [ERROR] Could not reach the Portal at localhost:4006 ([Failure instance: Traceback (failure with no frames): <class 'twisted.internet.error.ConnectionRefusedError'>: Connection was refused by other side: 61: Connection refused.
]). Retrying.
26-09-14 20:32:06 [-] [ERROR] Could not reach the Portal at localhost:4006 ([Failure instance: Traceback (failure with no frames): <class 'twisted.internet.error.ConnectionRefusedError'>: Connection was refused by other side: 61: Connection refused.
]). Retrying.
26-09-14 20:32:16 [-] [ERROR] Could not reach the Portal at localhost:4006 ([Failure instance: Traceback (failure with no frames): <class 'twisted.internet.error.ConnectionRefusedError'>: Connection was refused by other side: 61: Connection refused.
]). Retrying.
26-09-14 20:32:26 [-] [ERROR] Could not reach the Portal at localhost:4006 ([Failure instance: Traceback (failure with no frames): <class 'twisted.internet.error.ConnectionRefusedError'>: Connection was refused by other side: 61: Connection refused.
]). Retrying.
26-09-14 20:32:36 [-] [ERROR] Could not reach the Portal at localhost:4006 ([Failure instance: Traceback (failure with no frames): <class 'twisted.internet.error.ConnectionRefusedError'>: Connection was refused by other side: 61: Connection refused.
]). Retrying.
26-09-14 20:32:45 [-] [ERROR] Could not reach the Portal at localhost:4006 ([Failure instance: Traceback (failure with no frames): <class 'twisted.internet.error.ConnectionRefusedError'>: Connection was refused by other side: 61: Connection refused.
]). Retrying.
26-09-14 20:32:55 [-] [ERROR] Could not reach the Portal at localhost:4006 ([Failure instance: Traceback (failure with no frames): <class 'twisted.internet.error.ConnectionRefusedError'>: Connection was refused by other side: 61: Connection refused.
]). Retrying.
26-09-14 20:33:05 [-] [ERROR] Could not reach the Portal at localhost:4006 ([Failure instance: Traceback (failure with no frames): <class 'twisted.internet.error.ConnectionRefusedError'>: Connection was refused by other side: 61: Connection refused.
]). Retrying.
26-09-14 20:33:16 [-] [ERROR] Could not reach the Portal at localhost:4006 ([Failure instance: Traceback (failure with no frames): <class 'twisted.internet.error.ConnectionRefusedError'>: Connection was refused by other side: 61: Connection refused.
]). Retrying.
26-09-14 20:33:25 [-] [ERROR] Could not reach the Portal at localhost:4006 ([Failure instance: Traceback (failure with no frames): <class 'twisted.internet.error.ConnectionRefusedError'>: Connection was refused by other side: 61: Connection refused.
]). Retrying.
26-09-14 20:33:36 [-] [ERROR] Could not reach the Portal at localhost:4006 ([Failure instance: Traceback (failure with no frames): <class 'twisted.internet.error.ConnectionRefusedError'>: Connection was refused by other side: 61: Connection refused.
]). Retrying.
26-09-14 20:33:47 [-] [ERROR] Could not reach the Portal at localhost:4006 ([Failure instance: Traceback (failure with no frames): <class 'twisted.internet.error.ConnectionRefusedError'>: Connection was refused by other side: 61: Connection refused.
]). Retrying.
26-09-14 20:33:57 [-] [ERROR] Could not reach the Portal at localhost:4006 ([Failure instance: Traceback (failure with no frames): <class 'twisted.internet.error.ConnectionRefusedError'>: Connection was refused by other side: 61: Connection refused.
]). Retrying.
26-09-14 20:34:07 [-] [ERROR] Could not reach the Portal at localhost:4006 ([Failure instance: Traceback (failure with no frames): <class 'twisted.internet.error.ConnectionRefusedError'>: Connection was refused by other side: 61: Connection refused.
]). Retrying.
26-09-14 20:34:17 [-] [ERROR] Could not reach the Portal at localhost:4006 ([Failure instance: Traceback (failure with no frames): <class 'twisted.internet.error.ConnectionRefusedError'>: Connection was refused by other side: 61: Connection refused.
]). Retrying.
26-09-14 20:34:24 [-] [ERROR] Could not reach the Portal at localhost:4006 ([Failure instance: Traceback (failure with no frames): <class 'twisted.internet.error.ConnectionRefusedError'>: Connection was refused by other side: 61: Connection refused.
]). Retrying.
26-09-14 20:34:32 [-] [ERROR] Could not reach the Portal at localhost:4006 ([Failure instance: Traceback (failure with no frames): <class 'twisted.internet.error.ConnectionRefusedError'>: Connection was refused by other side: 61: Connection refused.
]). Retrying.
26-09-14 20:34:43 [-] [ERROR] Could not reach the Portal at localhost:4006 ([Failure instance: Traceback (failure with no frames): <class 'twisted.internet.error.ConnectionRefusedError'>: Connection was refused by other side: 61: Connection refused.
]). Retrying.
26-09-14 20:34:52 [-] [ERROR] Could not reach the Portal at localhost:4006 ([Failure instance: Traceback (failure with no frames): <class 'twisted.internet.error.ConnectionRefusedError'>: Connection was refused by other side: 61: Connection refused.
]). Retrying.
26-09-14 20:35:00 [-] [ERROR] Could not reach the Portal at localhost:4006 ([Failure instance: Traceback (failure with no frames): <class 'twisted.internet.error.ConnectionRefusedError'>: Connection was refused by other side: 61: Connection refused.
]). Retrying.
26-09-14 20:35:09 [-] [ERROR] Could not reach the Portal at localhost:4006 ([Failure instance: Traceback (failure with no frames): <class 'twisted.internet.error.ConnectionRefusedError'>: Connection was refused by other side: 61: Connection refused.
]). Retrying.
26-09-14 20:35:17 [-] [ERROR] Could not reach the Portal at localhost:4006 ([Failure instance: Traceback (failure with no frames): <class 'twisted.internet.error.ConnectionRefusedError'>: Connection was refused by other side: 61: Connection refused.
]). Retrying.
26-09-14 20:35:29 [-] [ERROR] Could not reach the Portal at localhost:4006 ([Failure instance: Traceback (failure with no frames): <class 'twisted.internet.error.ConnectionRefusedError'>: Connection was refused by other side: 61: Connection refused.
]). Retrying.
26-09-14 20:35:37 [-] [ERROR] Could not reach the Portal at localhost:4006 ([Failure instance: Traceback (failure with no frames): <class 'twisted.internet.error.ConnectionRefusedError'>: Connection was refused by other side: 61: Connection refused.
]). Retrying.
26-09-14 20:35:49 [-] [ERROR] Could not reach the Portal at localhost:4006 ([Failure instance: Traceback (failure with no frames): <class 'twisted.internet.error.ConnectionRefusedError'>: Connection was refused by other side: 61: Connection refused.
]). Retrying.
26-09-14 20:36:00 [-] [ERROR] Could not reach the Portal at localhost:4006 ([Failure instance: Traceback (failure with no frames): <class 'twisted.internet.error.ConnectionRefusedError'>: Connection was refused by other side: 61: Connection refused.
]). Retrying.
26-09-14 20:36:09 [-] [ERROR] Could not reach the Portal at localhost:4006 ([Failure instance: Traceback (failure with no frames): <class 'twisted.internet.error.ConnectionRefusedError'>: Connection was refused by other side: 61: Connection refused.
]). Retrying.
26-09-14 20:36:19 [-] [ERROR] Could not reach the Portal at localhost:4006 ([Failure instance: Traceback (failure with no frames): <class 'twisted.internet.error.ConnectionRefusedError'>: Connection was refused by other side: 61: Connection refused.
]). Retrying.
26-09-14 20:36:30 [-] [ERROR] Could not reach the Portal at localhost:4006 ([Failure instance: Traceback (failure with no frames): <class 'twisted.internet.error.ConnectionRefusedError'>: Connection was refused by other side: 61: Connection refused.
]). Retrying.
26-09-14 20:36:37 [-] [ERROR] Could not reach the Portal at localhost:4006 ([Failure instance: Traceback (failure with no frames): <class 'twisted.internet.error.ConnectionRefusedError'>: Connection was refused by other side: 61: Connection refused.
]). Retrying.
26-09-14 20:36:46 [-] [ERROR] Could not reach the Portal at localhost:4006 ([Failure instance: Traceback (failure with no frames): <class 'twisted.internet.error.ConnectionRefusedError'>: Connection was refused by other side: 61: Connection refused.
]). Retrying.
26-09-14 20:36:56 [-] [ERROR] Could not reach the Portal at localhost:4006 ([Failure instance: Traceback (failure with no frames): <class 'twisted.internet.error.ConnectionRefusedError'>: Connection was refused by other side: 61: Connection refused.
]). Retrying.
26-09-14 20:37:06 [-] [ERROR] Could not reach the Portal at localhost:4006 ([Failure instance: Traceback (failure with no frames): <class 'twisted.internet.error.ConnectionRefusedError'>: Connection was refused by other side: 61: Connection refused.
]). Retrying.
26-09-14 20:37:17 [-] [ERROR] Could not reach the Portal at localhost:4006 ([Failure instance: Traceback (failure with no frames): <class 'twisted.internet.error.ConnectionRefusedError'>: Connection was refused by other side: 61: Connection refused.
]). Retrying.
26-09-14 20:37:27 [-] [ERROR] Could not reach the Portal at localhost:4006 ([Failure instance: Traceback (failure with no frames): <class 'twisted.internet.error.ConnectionRefusedError'>: Connection was refused by other side: 61: Connection refused.
]). Retrying.
26-09-14 20:37:35 [-] [ERROR] Could not reach the Portal at localhost:4006 ([Failure instance: Traceback (failure with no frames): <class 'twisted.internet.error.ConnectionRefusedError'>: Connection was refused by other side: 61: Connection refused.
]). Retrying.
26-09-14 20:37:48 [-] [ERROR] Could not reach the Portal at localhost:4006 ([Failure instance: Traceback (failure with no frames): <class 'twisted.internet.error.ConnectionRefusedError'>: Connection was refused by other side: 61: Connection refused.
]). Retrying.
26-09-14 20:37:59 [-] [ERROR] Could not reach the Portal at localhost:4006 ([Failure instance: Traceback (failure with no frames): <class 'twisted.internet.error.ConnectionRefusedError'>: Connection was refused by other side: 61: Connection refused.
]). Retrying.
26-09-14 20:38:09 [-] [ERROR] Could not reach the Portal at localhost:4006 ([Failure instance: Traceback (failure with no frames): <class 'twisted.internet.error.ConnectionRefusedError'>: Connection was refused by other side: 61: Connection refused.
]). Retrying.
26-09-14 20:38:18 [-] [ERROR] Could not reach the Portal at localhost:4006 ([Failure instance: Traceback (failure with no frames): <class 'twisted.internet.error.ConnectionRefusedError'>: Connection was refused by other side: 61: Connection refused.
]). Retrying.
26-09-14 20:38:28 [-] [ERROR] Could not reach the Portal at localhost:4006 ([Failure instance: Traceback (failure with no frames): <class 'twisted.internet.error.ConnectionRefusedError'>: Connection was refused by other side: 61: Connection refused.
]). Retrying.
26-09-14 20:38:38 [-] [ERROR] Could not reach the Portal at localhost:4006 ([Failure instance: Traceback (failure with no frames): <class 'twisted.internet.error.ConnectionRefusedError'>: Connection was refused by other side: 61: Connection refused.
]). Retrying.
26-09-14 20:38:48 [-] [ERROR] Could not reach the Portal at localhost:4006 ([Failure instance: Traceback (failure with no frames): <class 'twisted.internet.error.ConnectionRefusedError'>: Connection was refused by other side: 61: Connection refused.
]). Retrying.
26-09-14 20:38:55 [-] [ERROR] Could not reach the Portal at localhost:4006 ([Failure instance: Traceback (failure with no frames): <class 'twisted.internet.error.ConnectionRefusedError'>: Connection was refused by other side: 61: Connection refused.
]). Retrying.
26-09-14 20:39:04 [-] [ERROR] Could not reach the Portal at localhost:4006 ([Failure instance: Traceback (failure with no frames): <class 'twisted.internet.error.ConnectionRefusedError'>: Connection was refused by other side: 61: Connection refused.
]). Retrying.
26-09-14 20:39:16 [-] [ERROR] Could not reach the Portal at localhost:4006 ([Failure instance: Traceback (failure with no frames): <class 'twisted.internet.error.ConnectionRefusedError'>: Connection was refused by other side: 61: Connection refused.
]). Retrying.
26-09-14 20:39:26 [-] [ERROR] Could not reach the Portal at localhost:4006 ([Failure instance: Traceback (failure with no frames): <class 'twisted.internet.error.ConnectionRefusedError'>: Connection was refused by other side: 61: Connection refused.
]). Retrying.
26-09-14 20:39:34 [-] [ERROR] Could not reach the Portal at localhost:4006 ([Failure instance: Traceback (failure with no frames): <class 'twisted.internet.error.ConnectionRefusedError'>: Connection was refused by other side: 61: Connection refused.
]). Retrying.
26-09-14 20:39:44 [-] [ERROR] Could not reach the Portal at localhost:4006 ([Failure instance: Traceback (failure with no frames): <class 'twisted.internet.error.ConnectionRefusedError'>: Connection was refused by other side: 61: Connection refused.
]). Retrying.
26-09-14 20:39:54 [-] [ERROR] Could not reach the Portal at localhost:4006 ([Failure instance: Traceback (failure with no frames): <class 'twisted.internet.error.ConnectionRefusedError'>: Connection was refused by other side: 61: Connection refused.
]). Retrying.
26-09-14 20:40:03 [-] [ERROR] Could not reach the Portal at localhost:4006 ([Failure instance: Traceback (failure with no frames): <class 'twisted.internet.error.ConnectionRefusedError'>: Connection was refused by other side: 61: Connection refused.
]). Retrying.
26-09-14 20:40:15 [-] [ERROR] Could not reach the Portal at localhost:4006 ([Failure instance: Traceback (failure with no frames): <class 'twisted.internet.error.ConnectionRefusedError'>: Connection was refused by other side: 61: Connection refused.
]). Retrying.
26-09-14 20:40:25 [-] [ERROR] Could not reach the Portal at localhost:4006 ([Failure instance: Traceback (failure with no frames): <class 'twisted.internet.error.ConnectionRefusedError'>: Connection was refused by other side: 61: Connection refused.
]). Retrying.
26-09-14 20:40:36 [-] [ERROR] Could not reach the Portal at localhost:4006 ([Failure instance: Traceback (failure with no frames): <class 'twisted.internet.error.ConnectionRefusedError'>: Connection was refused by other side: 61: Connection refused.
]). Retrying.
26-09-14 20:40:46 [-] [ERROR] Could not reach the Portal at localhost:4006 ([Failure instance: Traceback (failure with no frames): <class 'twisted.internet.error.ConnectionRefusedError'>: Connection was refused by other side: 61: Connection refused.
]). Retrying.
26-09-14 20:40:54 [-] [ERROR] Could not reach the Portal at localhost:4006 ([Failure instance: Traceback (failure with no frames): <class 'twisted.internet.error.ConnectionRefusedError'>: Connection was refused by other side: 61: Connection refused.
]). Retrying.
26-09-14 20:41:03 [-] [ERROR] Could not reach the Portal at localhost:4006 ([Failure instance: Traceback (failure with no frames): <class 'twisted.internet.error.ConnectionRefusedError'>: Connection was refused by other side: 61: Connection refused.
]). Retrying.
26-09-14 20:41:13 [-] [ERROR] Could not reach the Portal at localhost:4006 ([Failure instance: Traceback (failure with no frames): <class 'twisted.internet.error.ConnectionRefusedError'>: Connection was refused by other side: 61: Connection refused.
]). Retrying.
26-09-14 20:41:22 [-] [ERROR] Could not reach the Portal at localhost:4006 ([Failure instance: Traceback (failure with no frames): <class 'twisted.internet.error.ConnectionRefusedError'>: Connection was refused by other side: 61: Connection refused.
]). Retrying.
26-09-14 20:41:32 [-] [ERROR] Could not reach the Portal at localhost:4006 ([Failure instance: Traceback (failure with no frames): <class 'twisted.internet.error.ConnectionRefusedError'>: Connection was refused by other side: 61: Connection refused.
]). Retrying.
26-09-14 20:41:42 [-] [ERROR] Could not reach the Portal at localhost:4006 ([Failure instance: Traceback (failure with no frames): <class 'twisted.internet.error.ConnectionRefusedError'>: Connection was refused by other side: 61: Connection refused.
]). Retrying.
26-09-14 20:41:49 [-] [ERROR] Could not reach the Portal at localhost:4006 ([Failure instance: Traceback (failure with no frames): <class 'twisted.internet.error.ConnectionRefusedError'>: Connection was refused by other side: 61: Connection refused.
]). Retrying.
26-09-14 20:41:59 [-] [ERROR] Could not reach the Portal at localhost:4006 ([Failure instance: Traceback (failure with no frames): <class 'twisted.internet.error.ConnectionRefusedError'>: Connection was refused by other side: 61: Connection refused.
]). Retrying.
26-09-14 20:42:10 [-] [ERROR] Could not reach the Portal at localhost:4006 ([Failure instance: Traceback (failure with no frames): <class 'twisted.internet.error.ConnectionRefusedError'>: Connection was refused by other side: 61: Connection refused.
]). Retrying.
26-09-14 20:42:20 [-] [ERROR] Could not reach the Portal at localhost:4006 ([Failure instance: Traceback (failure with no frames): <class 'twisted.internet.error.ConnectionRefusedError'>: Connection was refused by other side: 61: Connection refused.
]). Retrying.
26-09-14 20:42:30 [-] [ERROR] Could not reach the Portal at localhost:4006 ([Failure instance: Traceback (failure with no frames): <class 'twisted.internet.error.ConnectionRefusedError'>: Connection was refused by other side: 61: Connection refused.
]). Retrying.
26-09-14 20:42:38 [-] [ERROR] Could not reach the Portal at localhost:4006 ([Failure instance: Traceback (failure with no frames): <class 'twisted.internet.error.ConnectionRefusedError'>: Connection was refused by other side: 61: Connection refused.
]). Retrying.
26-09-14 20:42:48 [-] [ERROR] Could not reach the Portal at localhost:4006 ([Failure instance: Traceback (failure with no frames): <class 'twisted.internet.error.ConnectionRefusedError'>: Connection was refused by other side: 61: Connection refused.
]). Retrying.
26-09-14 20:42:58 [-] [ERROR] Could not reach the Portal at localhost:4006 ([Failure instance: Traceback (failure with no frames): <class 'twisted.internet.error.ConnectionRefusedError'>: Connection was refused by other side: 61: Connection refused.
]). Retrying.
26-09-14 20:43:07 [-] [ERROR] Could not reach the Portal at localhost:4006 ([Failure instance: Traceback (failure with no frames): <class 'twisted.internet.error.ConnectionRefusedError'>: Connection was refused by other side: 61: Connection refused.
]). Retrying.
26-09-14 20:43:17 [-] [ERROR] Could not reach the Portal at localhost:4006 ([Failure instance: Traceback (failure with no frames): <class 'twisted.internet.error.ConnectionRefusedError'>: Connection was refused by other side: 61: Connection refused.
]). Retrying.
26-09-14 20:43:26 [-] [ERROR] Could not reach the Portal at localhost:4006 ([Failure instance: Traceback (failure with no frames): <class 'twisted.internet.error.ConnectionRefusedError'>: Connection was refused by other side: 61: Connection refused.
]). Retrying.
26-09-14 20:43:38 [-] [ERROR] Could not reach the Portal at localhost:4006 ([Failure instance: Traceback (failure with no frames): <class 'twisted.internet.error.ConnectionRefusedError'>: Connection was refused by other side: 61: Connection refused.
]). Retrying.
26-09-14 20:43:47 [-] [ERROR] Could not reach the Portal at localhost:4006 ([Failure instance: Traceback (failure with no frames): <class 'twisted.internet.error.ConnectionRefusedError'>: Connection was refused by other side: 61: Connection refused.
]). Retrying.
26-09-14 20:43:57 [-] [ERROR] Could not reach the Portal at localhost:4006 ([Failure instance: Traceback (failure with no frames): <class 'twisted.internet.error.ConnectionRefusedError'>: Connection was refused by other side: 61: Connection refused.
]). Retrying.
26-09-14 20:44:06 [-] [ERROR] Could not reach the Portal at localhost:4006 ([Failure instance: Traceback (failure with no frames): <class 'twisted.internet.error.ConnectionRefusedError'>: Connection was refused by other side: 61: Connection refused.
]). Retrying.
26-09-14 20:44:15 [-] [ERROR] Could not reach the Portal at localhost:4006 ([Failure instance: Traceback (failure with no frames): <class 'twisted.internet.error.ConnectionRefusedError'>: Connection was refused by other side: 61: Connection refused.
]). Retrying.
26-09-14 20:44:25 [-] [ERROR] Could not reach the Portal at localhost:4006 ([Failure instance: Traceback (failure with no frames): <class 'twisted.internet.error.ConnectionRefusedError'>: Connection was refused by other side: 61: Connection refused.
]). Retrying.
26-09-14 20:44:36 [-] [ERROR] Could not reach the Portal at localhost:4006 ([Failure instance: Traceback (failure with no frames): <class 'twisted.internet.error.ConnectionRefusedError'>: Connection was refused by other side: 61: Connection refused.
]). Retrying.
26-09-14 20:44:46 [-] [ERROR] Could not reach the Portal at localhost:4006 ([Failure instance: Traceback (failure with no frames): <class 'twisted.internet.error.ConnectionRefusedError'>: Connection was refused by other side: 61: Connection refused.
]). Retrying.
26-09-14 20:44:55 [-] [ERROR] Could not reach the Portal at localhost:4006 ([Failure instance: Traceback (failure with no frames): <class 'twisted.internet.error.ConnectionRefusedError'>: Connection was refused by other side: 61: Connection refused.
]). Retrying.
26-09-14 20:45:05 [-] [ERROR] Could not reach the Portal at localhost:4006 ([Failure instance: Traceback (failure with no frames): <class 'twisted.internet.error.ConnectionRefusedError'>: Connection was refused by other side: 61: Connection refused.
]). Retrying.
26-09-14 20:45:14 [-] [ERROR] Could not reach the Portal at localhost:4006 ([Failure instance: Traceback (failure with no frames): <class 'twisted.internet.error.ConnectionRefusedError'>: Connection was refused by other side: 61: Connection refused.
]). Retrying.
26-09-14 20:45:25 [-] [ERROR] Could not reach the Portal at localhost:4006 ([Failure instance: Traceback (failure with no frames): <class 'twisted.internet.error.ConnectionRefusedError'>: Connection was refused by other side: 61: Connection refused.
]). Retrying.
26-09-14 20:45:34 [-] [ERROR] Could not reach the Portal at localhost:4006 ([Failure instance: Traceback (failure with no frames): <class 'twisted.internet.error.ConnectionRefusedError'>: Connection was refused by other side: 61: Connection refused.
]). Retrying.
26-09-14 20:45:44 [-] [ERROR] Could not reach the Portal at localhost:4006 ([Failure instance: Traceback (failure with no frames): <class 'twisted.internet.error.ConnectionRefusedError'>: Connection was refused by other side: 61: Connection refused.
]). Retrying.
26-09-14 20:45:54 [-] [ERROR] Could not reach the Portal at localhost:4006 ([Failure instance: Traceback (failure with no frames): <class 'twisted.internet.error.ConnectionRefusedError'>: Connection was refused by other side: 61: Connection refused.
]). Retrying.
26-09-14 20:46:06 [-] [ERROR] Could not reach the Portal at localhost:4006 ([Failure instance: Traceback (failure with no frames): <class 'twisted.internet.error.ConnectionRefusedError'>: Connection was refused by other side: 61: Connection refused.
]). Retrying.
26-09-14 20:46:16 [-] [ERROR] Could not reach the Portal at localhost:4006 ([Failure instance: Traceback (failure with no frames): <class 'twisted.internet.error.ConnectionRefusedError'>: Connection was refused by other side: 61: Connection refused.
]). Retrying.
26-09-14 20:46:26 [-] [ERROR] Could not reach the Portal at localhost:4006 ([Failure instance: Traceback (failure with no frames): <class 'twisted.internet.error.ConnectionRefusedError'>: Connection was refused by other side: 61: Connection refused.
]). Retrying.
26-09-14 20:46:36 [-] [ERROR] Could not reach the Portal at localhost:4006 ([Failure instance: Traceback (failure with no frames): <class 'twisted.internet.error.ConnectionRefusedError'>: Connection was refused by other side: 61: Connection refused.
]). Retrying.
26-09-14 20:46:46 [-] [ERROR] Could not reach the Portal at localhost:4006 ([Failure instance: Traceback (failure with no frames): <class 'twisted.internet.error.ConnectionRefusedError'>: Connection was refused by other side: 61: Connection refused.
]). Retrying.
26-09-14 20:46:57 [-] [ERROR] Could not reach the Portal at localhost:4006 ([Failure instance: Traceback (failure with no frames): <class 'twisted.internet.error.ConnectionRefusedError'>: Connection was refused by other side: 61: Connection refused.
]). Retrying.
26-09-14 20:47:08 [-] [ERROR] Could not reach the Portal at localhost:4006 ([Failure instance: Traceback (failure with no frames): <class 'twisted.internet.error.ConnectionRefusedError'>: Connection was refused by other side: 61: Connection refused.
]). Retrying.
26-09-14 20:47:16 [-] [ERROR] Could not reach the Portal at localhost:4006 ([Failure instance: Traceback (failure with no frames): <class 'twisted.internet.error.ConnectionRefusedError'>: Connection was refused by other side: 61: Connection refused.
]). Retrying.
26-09-14 20:47:25 [-] [ERROR] Could not reach the Portal at localhost:4006 ([Failure instance: Traceback (failure with no frames): <class 'twisted.internet.error.ConnectionRefusedError'>: Connection was refused by other side: 61: Connection refused.
]). Retrying.
26-09-14 20:47:35 [-] [ERROR] Could not reach the Portal at localhost:4006 ([Failure instance: Traceback (failure with no frames): <class 'twisted.internet.error.ConnectionRefusedError'>: Connection was refused by other side: 61: Connection refused.
]). Retrying.
26-09-14 20:47:46 [-] [ERROR] Could not reach the Portal at localhost:4006 ([Failure instance: Traceback (failure with no frames): <class 'twisted.internet.error.ConnectionRefusedError'>: Connection was refused by other side: 61: Connection refused.
]). Retrying.
26-09-14 20:47:56 [-] [ERROR] Could not reach the Portal at localhost:4006 ([Failure instance: Traceback (failure with no frames): <class 'twisted.internet.error.ConnectionRefusedError'>: Connection was refused by other side: 61: Connection refused.
]). Retrying.
26-09-14 20:48:06 [-] [ERROR] Could not reach the Portal at localhost:4006 ([Failure instance: Traceback (failure with no frames): <class 'twisted.internet.error.ConnectionRefusedError'>: Connection was refused by other side: 61: Connection refused.
]). Retrying.
26-09-14 20:48:15 [-] [ERROR] Could not reach the Portal at localhost:4006 ([Failure instance: Traceback (failure with no frames): <class 'twisted.internet.error.ConnectionRefusedError'>: Connection was refused by other side: 61: Connection refused.
]). Retrying.
26-09-14 20:48:27 [-] [ERROR] Could not reach the Portal at localhost:4006 ([Failure instance: Traceback (failure with no frames): <class 'twisted.internet.error.ConnectionRefusedError'>: Connection was refused by other side: 61: Connection refused.
]). Retrying.
26-09-14 20:48:37 [-] [ERROR] Could not reach the Portal at localhost:4006 ([Failure instance: Traceback (failure with no frames): <class 'twisted.internet.error.ConnectionRefusedError'>: Connection was refused by other side: 61: Connection refused.
]). Retrying.
26-09-14 20:48:46 [-] [ERROR] Could not reach the Portal at localhost:4006 ([Failure instance: Traceback (failure with no frames): <class 'twisted.internet.error.ConnectionRefusedError'>: Connection was refused by other side: 61: Connection refused.
]). Retrying.
26-09-14 20:48:57 [-] [ERROR] Could not reach the Portal at localhost:4006 ([Failure instance: Traceback (failure with no frames): <class 'twisted.internet.error.ConnectionRefusedError'>: Connection was refused by other side: 61: Connection refused.
]). Retrying.
26-09-14 20:49:04 [-] [ERROR] Could not reach the Portal at localhost:4006 ([Failure instance: Traceback (failure with no frames): <class 'twisted.internet.error.ConnectionRefusedError'>: Connection was refused by other side: 61: Connection refused.
]). Retrying.
26-09-14 20:49:14 [-] [ERROR] Could not reach the Portal at localhost:4006 ([Failure instance: Traceback (failure with no frames): <class 'twisted.internet.error.ConnectionRefusedError'>: Connection was refused by other side: 61: Connection refused.
]). Retrying.
26-09-14 20:49:22 [-] [ERROR] Could not reach the Portal at localhost:4006 ([Failure instance: Traceback (failure with no frames): <class 'twisted.internet.error.ConnectionRefusedError'>: Connection was refused by other side: 61: Connection refused.
]). Retrying.
26-09-14 20:49:30 [-] [ERROR] Could not reach the Portal at localhost:4006 ([Failure instance: Traceback (failure with no frames): <class 'twisted.internet.error.ConnectionRefusedError'>: Connection was refused by other side: 61: Connection refused.
]). Retrying.
26-09-14 20:49:43 [-] [ERROR] Could not reach the Portal at localhost:4006 ([Failure instance: Traceback (failure with no frames): <class 'twisted.internet.error.ConnectionRefusedError'>: Connection was refused by other side: 61: Connection refused.
]). Retrying.
26-09-14 20:49:53 [-] [ERROR] Could not reach the Portal at localhost:4006 ([Failure instance: Traceback (failure with no frames): <class 'twisted.internet.error.ConnectionRefusedError'>: Connection was refused by other side: 61: Connection refused.
]). Retrying.
26-09-14 20:50:02 [-] [ERROR] Could not reach the Portal at localhost:4006 ([Failure instance: Traceback (failure with no frames): <class 'twisted.internet.error.ConnectionRefusedError'>: Connection was refused by other side: 61: Connection refused.
]). Retrying.
26-09-14 20:50:12 [-] [ERROR] Could not reach the Portal at localhost:4006 ([Failure instance: Traceback (failure with no frames): <class 'twisted.internet.error.ConnectionRefusedError'>: Connection was refused by other side: 61: Connection refused.
]). Retrying.
26-09-14 20:50:23 [-] [ERROR] Could not reach the Portal at localhost:4006 ([Failure instance: Traceback (failure with no frames): <class 'twisted.internet.error.ConnectionRefusedError'>: Connection was refused by other side: 61: Connection refused.
]). Retrying.
26-09-14 20:50:33 [-] [ERROR] Could not reach the Portal at localhost:4006 ([Failure instance: Traceback (failure with no frames): <class 'twisted.internet.error.ConnectionRefusedError'>: Connection was refused by other side: 61: Connection refused.
]). Retrying.
26-09-14 20:50:43 [-] [ERROR] Could not reach the Portal at localhost:4006 ([Failure instance: Traceback (failure with no frames): <class 'twisted.internet.error.ConnectionRefusedError'>: Connection was refused by other side: 61: Connection refused.
]). Retrying.
26-09-14 20:50:53 [-] [ERROR] Could not reach the Portal at localhost:4006 ([Failure instance: Traceback (failure with no frames): <class 'twisted.internet.error.ConnectionRefusedError'>: Connection was refused by other side: 61: Connection refused.
]). Retrying.
26-09-14 20:51:01 [-] [ERROR] Could not reach the Portal at localhost:4006 ([Failure instance: Traceback (failure with no frames): <class 'twisted.internet.error.ConnectionRefusedError'>: Connection was refused by other side: 61: Connection refused.
]). Retrying.
26-09-14 20:51:11 [-] [ERROR] Could not reach the Portal at localhost:4006 ([Failure instance: Traceback (failure with no frames): <class 'twisted.internet.error.ConnectionRefusedError'>: Connection was refused by other side: 61: Connection refused.
]). Retrying.
26-09-14 20:51:21 [-] [ERROR] Could not reach the Portal at localhost:4006 ([Failure instance: Traceback (failure with no frames): <class 'twisted.internet.error.ConnectionRefusedError'>: Connection was refused by other side: 61: Connection refused.
]). Retrying.
26-09-14 20:51:32 [-] [ERROR] Could not reach the Portal at localhost:4006 ([Failure instance: Traceback (failure with no frames): <class 'twisted.internet.error.ConnectionRefusedError'>: Connection was refused by other side: 61: Connection refused.
]). Retrying.
26-09-14 20:51:42 [-] [ERROR] Could not reach the Portal at localhost:4006 ([Failure instance: Traceback (failure with no frames): <class 'twisted.internet.error.ConnectionRefusedError'>: Connection was refused by other side: 61: Connection refused.
]). Retrying.
26-09-14 20:51:53 [-] [ERROR] Could not reach the Portal at localhost:4006 ([Failure instance: Traceback (failure with no frames): <class 'twisted.internet.error.ConnectionRefusedError'>: Connection was refused by other side: 61: Connection refused.
]). Retrying.
26-09-14 20:52:03 [-] [ERROR] Could not reach the Portal at localhost:4006 ([Failure instance: Traceback (failure with no frames): <class 'twisted.internet.error.ConnectionRefusedError'>: Connection was refused by other side: 61: Connection refused.
]). Retrying.
26-09-14 20:52:12 [-] [ERROR] Could not reach the Portal at localhost:4006 ([Failure instance: Traceback (failure with no frames): <class 'twisted.internet.error.ConnectionRefusedError'>: Connection was refused by other side: 61: Connection refused.
]). Retrying.
26-09-14 20:52:20 [-] [ERROR] Could not reach the Portal at localhost:4006 ([Failure instance: Traceback (failure with no frames): <class 'twisted.internet.error.ConnectionRefusedError'>: Connection was refused by other side: 61: Connection refused.
]). Retrying.
26-09-14 20:52:30 [-] [ERROR] Could not reach the Portal at localhost:4006 ([Failure instance: Traceback (failure with no frames): <class 'twisted.internet.error.ConnectionRefusedError'>: Connection was refused by other side: 61: Connection refused.
]). Retrying.
26-09-14 20:52:39 [-] [ERROR] Could not reach the Portal at localhost:4006 ([Failure instance: Traceback (failure with no frames): <class 'twisted.internet.error.ConnectionRefusedError'>: Connection was refused by other side: 61: Connection refused.
]). Retrying.
26-09-14 20:52:48 [-] [ERROR] Could not reach the Portal at localhost:4006 ([Failure instance: Traceback (failure with no frames): <class 'twisted.internet.error.ConnectionRefusedError'>: Connection was refused by other side: 61: Connection refused.
]). Retrying.
26-09-14 20:52:55 [-] [ERROR] Could not reach the Portal at localhost:4006 ([Failure instance: Traceback (failure with no frames): <class 'twisted.internet.error.ConnectionRefusedError'>: Connection was refused by other side: 61: Connection refused.
]). Retrying.
26-09-14 20:53:07 [-] [ERROR] Could not reach the Portal at localhost:4006 ([Failure instance: Traceback (failure with no frames): <class 'twisted.internet.error.ConnectionRefusedError'>: Connection was refused by other side: 61: Connection refused.
]). Retrying.
26-09-14 20:53:16 [-] [ERROR] Could not reach the Portal at localhost:4006 ([Failure instance: Traceback (failure with no frames): <class 'twisted.internet.error.ConnectionRefusedError'>: Connection was refused by other side: 61: Connection refused.
]). Retrying.
26-09-14 20:53:25 [-] [ERROR] Could not reach the Portal at localhost:4006 ([Failure instance: Traceback (failure with no frames): <class 'twisted.internet.error.ConnectionRefusedError'>: Connection was refused by other side: 61: Connection refused.
]). Retrying.
26-09-14 20:53:35 [-] [ERROR] Could not reach the Portal at localhost:4006 ([Failure instance: Traceback (failure with no frames): <class 'twisted.internet.error.ConnectionRefusedError'>: Connection was refused by other side: 61: Connection refused.
]). Retrying.
26-09-14 20:53:45 [-] [ERROR] Could not reach the Portal at localhost:4006 ([Failure instance: Traceback (failure with no frames): <class 'twisted.internet.error.ConnectionRefusedError'>: Connection was refused by other side: 61: Connection refused.
]). Retrying.
26-09-14 20:53:54 [-] [ERROR] Could not reach the Portal at localhost:4006 ([Failure instance: Traceback (failure with no frames): <class 'twisted.internet.error.ConnectionRefusedError'>: Connection was refused by other side: 61: Connection refused.
]). Retrying.
26-09-14 20:54:03 [-] [ERROR] Could not reach the Portal at localhost:4006 ([Failure instance: Traceback (failure with no frames): <class 'twisted.internet.error.ConnectionRefusedError'>: Connection was refused by other side: 61: Connection refused.
]). Retrying.
26-09-14 20:54:14 [-] [ERROR] Could not reach the Portal at localhost:4006 ([Failure instance: Traceback (failure with no frames): <class 'twisted.internet.error.ConnectionRefusedError'>: Connection was refused by other side: 61: Connection refused.
]). Retrying.
26-09-14 20:54:25 [-] [ERROR] Could not reach the Portal at localhost:4006 ([Failure instance: Traceback (failure with no frames): <class 'twisted.internet.error.ConnectionRefusedError'>: Connection was refused by other side: 61: Connection refused.
]). Retrying.
26-09-14 20:54:36 [-] [ERROR] Could not reach the Portal at localhost:4006 ([Failure instance: Traceback (failure with no frames): <class 'twisted.internet.error.ConnectionRefusedError'>: Connection was refused by other side: 61: Connection refused.
]). Retrying.
26-09-14 20:54:46 [-] [ERROR] Could not reach the Portal at localhost:4006 ([Failure instance: Traceback (failure with no frames): <class 'twisted.internet.error.ConnectionRefusedError'>: Connection was refused by other side: 61: Connection refused.
]). Retrying.
26-09-14 20:54:56 [-] [ERROR] Could not reach the Portal at localhost:4006 ([Failure instance: Traceback (failure with no frames): <class 'twisted.internet.error.ConnectionRefusedError'>: Connection was refused by other side: 61: Connection refused.
]). Retrying.
26-09-14 20:55:05 [-] [ERROR] Could not reach the Portal at localhost:4006 ([Failure instance: Traceback (failure with no frames): <class 'twisted.internet.error.ConnectionRefusedError'>: Connection was refused by other side: 61: Connection refused.
]). Retrying.
26-09-14 20:55:15 [-] [ERROR] Could not reach the Portal at localhost:4006 ([Failure instance: Traceback (failure with no frames): <class 'twisted.internet.error.ConnectionRefusedError'>: Connection was refused by other side: 61: Connection refused.
]). Retrying.
26-09-14 20:55:25 [-] [ERROR] Could not reach the Portal at localhost:4006 ([Failure instance: Traceback (failure with no frames): <class 'twisted.internet.error.ConnectionRefusedError'>: Connection was refused by other side: 61: Connection refused.
]). Retrying.
26-09-14 20:55:35 [-] [ERROR] Could not reach the Portal at localhost:4006 ([Failure instance: Traceback (failure with no frames): <class 'twisted.internet.error.ConnectionRefusedError'>: Connection was refused by other side: 61: Connection refused.
]). Retrying.
26-09-14 20:55:44 [-] [ERROR] Could not reach the Portal at localhost:4006 ([Failure instance: Traceback (failure with no frames): <class 'twisted.internet.error.ConnectionRefusedError'>: Connection was refused by other side: 61: Connection refused.
]). Retrying.
26-09-14 20:55:52 [-] [ERROR] Could not reach the Portal at localhost:4006 ([Failure instance: Traceback (failure with no frames): <class 'twisted.internet.error.ConnectionRefusedError'>: Connection was refused by other side: 61: Connection refused.
]). Retrying.
26-09-14 20:56:03 [-] [ERROR] Could not reach the Portal at localhost:4006 ([Failure instance: Traceback (failure with no frames): <class 'twisted.internet.error.ConnectionRefusedError'>: Connection was refused by other side: 61: Connection refused.
]). Retrying.
26-09-14 20:56:13 [-] [ERROR] Could not reach the Portal at localhost:4006 ([Failure instance: Traceback (failure with no frames): <class 'twisted.internet.error.ConnectionRefusedError'>: Connection was refused by other side: 61: Connection refused.
]). Retrying.
26-09-14 20:56:22 [-] [ERROR] Could not reach the Portal at localhost:4006 ([Failure instance: Traceback (failure with no frames): <class 'twisted.internet.error.ConnectionRefusedError'>: Connection was refused by other side: 61: Connection refused.
]). Retrying.
26-09-14 20:56:32 [-] [ERROR] Could not reach the Portal at localhost:4006 ([Failure instance: Traceback (failure with no frames): <class 'twisted.internet.error.ConnectionRefusedError'>: Connection was refused by other side: 61: Connection refused.
]). Retrying.
26-09-14 20:56:44 [-] [ERROR] Could not reach the Portal at localhost:4006 ([Failure instance: Traceback (failure with no frames): <class 'twisted.internet.error.ConnectionRefusedError'>: Connection was refused by other side: 61: Connection refused.
]). Retrying.
26-09-14 20:56:54 [-] [ERROR] Could not reach the Portal at localhost:4006 ([Failure instance: Traceback (failure with no frames): <class 'twisted.internet.error.ConnectionRefusedError'>: Connection was refused by other side: 61: Connection refused.
]). Retrying.
26-09-14 20:57:03 [-] [ERROR] Could not reach the Portal at localhost:4006 ([Failure instance: Traceback (failure with no frames): <class 'twisted.internet.error.ConnectionRefusedError'>: Connection was refused by other side: 61: Connection refused.
]). Retrying.
26-09-14 20:57:13 [-] [ERROR] Could not reach the Portal at localhost:4006 ([Failure instance: Traceback (failure with no frames): <class 'twisted.internet.error.ConnectionRefusedError'>: Connection was refused by other side: 61: Connection refused.
]). Retrying.
26-09-14 20:57:22 [-] [ERROR] Could not reach the Portal at localhost:4006 ([Failure instance: Traceback (failure with no frames): <class 'twisted.internet.error.ConnectionRefusedError'>: Connection was refused by other side: 61: Connection refused.
]). Retrying.
26-09-14 20:57:32 [-] [ERROR] Could not reach the Portal at localhost:4006 ([Failure instance: Traceback (failure with no frames): <class 'twisted.internet.error.ConnectionRefusedError'>: Connection was refused by other side: 61: Connection refused.
]). Retrying.
26-09-14 20:57:43 [-] [ERROR] Could not reach the Portal at localhost:4006 ([Failure instance: Traceback (failure with no frames): <class 'twisted.internet.error.ConnectionRefusedError'>: Connection was refused by other side: 61: Connection refused.
]). Retrying.
26-09-14 20:57:52 [-] [ERROR] Could not reach the Portal at localhost:4006 ([Failure instance: Traceback (failure with no frames): <class 'twisted.internet.error.ConnectionRefusedError'>: Connection was refused by other side: 61: Connection refused.
]). Retrying.
26-09-14 20:58:02 [-] [ERROR] Could not reach the Portal at localhost:4006 ([Failure instance: Traceback (failure with no frames): <class 'twisted.internet.error.ConnectionRefusedError'>: Connection was refused by other side: 61: Connection refused.
]). Retrying.
26-09-14 20:58:10 [-] [ERROR] Could not reach the Portal at localhost:4006 ([Failure instance: Traceback (failure with no frames): <class 'twisted.internet.error.ConnectionRefusedError'>: Connection was refused by other side: 61: Connection refused.
]). Retrying.
26-09-14 20:58:20 [-] [ERROR] Could not reach the Portal at localhost:4006 ([Failure instance: Traceback (failure with no frames): <class 'twisted.internet.error.ConnectionRefusedError'>: Connection was refused by other side: 61: Connection refused.
]). Retrying.
26-09-14 20:58:29 [-] [ERROR] Could not reach the Portal at localhost:4006 ([Failure instance: Traceback (failure with no frames): <class 'twisted.internet.error.ConnectionRefusedError'>: Connection was refused by other side: 61: Connection refused.
]). Retrying.
26-09-14 20:58:39 [-] [ERROR] Could not reach the Portal at localhost:4006 ([Failure instance: Traceback (failure with no frames): <class 'twisted.internet.error.ConnectionRefusedError'>: Connection was refused by other side: 61: Connection refused.
]). Retrying.
26-09-14 20:58:49 [-] [ERROR] Could not reach the Portal at localhost:4006 ([Failure instance: Traceback (failure with no frames): <class 'twisted.internet.error.ConnectionRefusedError'>: Connection was refused by other side: 61: Connection refused.
]). Retrying.
26-09-14 20:58:58 [-] [ERROR] Could not reach the Portal at localhost:4006 ([Failure instance: Traceback (failure with no frames): <class 'twisted.internet.error.ConnectionRefusedError'>: Connection was refused by other side: 61: Connection refused.
]). Retrying.
26-09-14 20:59:10 [-] [ERROR] Could not reach the Portal at localhost:4006 ([Failure instance: Traceback (failure with no frames): <class 'twisted.internet.error.ConnectionRefusedError'>: Connection was refused by other side: 61: Connection refused.
]). Retrying.
26-09-14 20:59:21 [-] [ERROR] Could not reach the Portal at localhost:4006 ([Failure instance: Traceback (failure with no frames): <class 'twisted.internet.error.ConnectionRefusedError'>: Connection was refused by other side: 61: Connection refused.
]). Retrying.
26-09-14 20:59:31 [-] [ERROR] Could not reach the Portal at localhost:4006 ([Failure instance: Traceback (failure with no frames): <class 'twisted.internet.error.ConnectionRefusedError'>: Connection was refused by other side: 61: Connection refused.
]). Retrying.
26-09-14 20:59:40 [-] [ERROR] Could not reach the Portal at localhost:4006 ([Failure instance: Traceback (failure with no frames): <class 'twisted.internet.error.ConnectionRefusedError'>: Connection was refused by other side: 61: Connection refused.
]). Retrying.
26-09-14 20:59:50 [-] [ERROR] Could not reach the Portal at localhost:4006 ([Failure instance: Traceback (failure with no frames): <class 'twisted.internet.error.ConnectionRefusedError'>: Connection was refused by other side: 61: Connection refused.
]). Retrying.
26-09-14 21:00:00 [-] [ERROR] Could not reach the Portal at localhost:4006 ([Failure instance: Traceback (failure with no frames): <class 'twisted.internet.error.ConnectionRefusedError'>: Connection was refused by other side: 61: Connection refused.
]). Retrying.
26-09-14 21:00:10 [-] [ERROR] Could not reach the Portal at localhost:4006 ([Failure instance: Traceback (failure with no frames): <class 'twisted.internet.error.ConnectionRefusedError'>: Connection was refused by other side: 61: Connection refused.
]). Retrying.
26-09-14 21:00:20 [-] [ERROR] Could not reach the Portal at localhost:4006 ([Failure instance: Traceback (failure with no frames): <class 'twisted.internet.error.ConnectionRefusedError'>: Connection was refused by other side: 61: Connection refused.
]). Retrying.
26-09-14 21:00:29 [-] [ERROR] Could not reach the Portal at localhost:4006 ([Failure instance: Traceback (failure with no frames): <class 'twisted.internet.error.ConnectionRefusedError'>: Connection was refused by other side: 61: Connection refused.
]). Retrying.
26-09-14 21:00:40 [-] [ERROR] Could not reach the Portal at localhost:4006 ([Failure instance: Traceback (failure with no frames): <class 'twisted.internet.error.ConnectionRefusedError'>: Connection was refused by other side: 61: Connection refused.
]). Retrying.
26-09-14 21:00:50 [-] [ERROR] Could not reach the Portal at localhost:4006 ([Failure instance: Traceback (failure with no frames): <class 'twisted.internet.error.ConnectionRefusedError'>: Connection was refused by other side: 61: Connection refused.
]). Retrying.
26-09-14 21:00:59 [-] [ERROR] Could not reach the Portal at localhost:4006 ([Failure instance: Traceback (failure with no frames): <class 'twisted.internet.error.ConnectionRefusedError'>: Connection was refused by other side: 61: Connection refused.
]). Retrying.
26-09-14 21:01:11 [-] [ERROR] Could not reach the Portal at localhost:4006 ([Failure instance: Traceback (failure with no frames): <class 'twisted.internet.error.ConnectionRefusedError'>: Connection was refused by other side: 61: Connection refused.
]). Retrying.
26-09-14 21:01:21 [-] [ERROR] Could not reach the Portal at localhost:4006 ([Failure instance: Traceback (failure with no frames): <class 'twisted.internet.error.ConnectionRefusedError'>: Connection was refused by other side: 61: Connection refused.
]). Retrying.
26-09-14 21:01:30 [-] [ERROR] Could not reach the Portal at localhost:4006 ([Failure instance: Traceback (failure with no frames): <class 'twisted.internet.error.ConnectionRefusedError'>: Connection was refused by other side: 61: Connection refused.
]). Retrying.
26-09-14 21:01:41 [-] [ERROR] Could not reach the Portal at localhost:4006 ([Failure instance: Traceback (failure with no frames): <class 'twisted.internet.error.ConnectionRefusedError'>: Connection was refused by other side: 61: Connection refused.
]). Retrying.
26-09-14 21:01:51 [-] [ERROR] Could not reach the Portal at localhost:4006 ([Failure instance: Traceback (failure with no frames): <class 'twisted.internet.error.ConnectionRefusedError'>: Connection was refused by other side: 61: Connection refused.
]). Retrying.
26-09-14 21:02:00 [-] [ERROR] Could not reach the Portal at localhost:4006 ([Failure instance: Traceback (failure with no frames): <class 'twisted.internet.error.ConnectionRefusedError'>: Connection was refused by other side: 61: Connection refused.
]). Retrying.
26-09-14 21:02:09 [-] [ERROR] Could not reach the Portal at localhost:4006 ([Failure instance: Traceback (failure with no frames): <class 'twisted.internet.error.ConnectionRefusedError'>: Connection was refused by other side: 61: Connection refused.
]). Retrying.
26-09-14 21:02:20 [-] [ERROR] Could not reach the Portal at localhost:4006 ([Failure instance: Traceback (failure with no frames): <class 'twisted.internet.error.ConnectionRefusedError'>: Connection was refused by other side: 61: Connection refused.
]). Retrying.
26-09-14 21:02:31 [-] [ERROR] Could not reach the Portal at localhost:4006 ([Failure instance: Traceback (failure with no frames): <class 'twisted.internet.error.ConnectionRefusedError'>: Connection was refused by other side: 61: Connection refused.
]). Retrying.
26-09-14 21:02:42 [-] [ERROR] Could not reach the Portal at localhost:4006 ([Failure instance: Traceback (failure with no frames): <class 'twisted.internet.error.ConnectionRefusedError'>: Connection was refused by other side: 61: Connection refused.
]). Retrying.
26-09-14 21:02:52 [-] [ERROR] Could not reach the Portal at localhost:4006 ([Failure instance: Traceback (failure with no frames): <class 'twisted.internet.error.ConnectionRefusedError'>: Connection was refused by other side: 61: Connection refused.
]). Retrying.
26-09-14 21:03:04 [-] [ERROR] Could not reach the Portal at localhost:4006 ([Failure instance: Traceback (failure with no frames): <class 'twisted.internet.error.ConnectionRefusedError'>: Connection was refused by other side: 61: Connection refused.
]). Retrying.
26-09-14 21:03:14 [-] [ERROR] Could not reach the Portal at localhost:4006 ([Failure instance: Traceback (failure with no frames): <class 'twisted.internet.error.ConnectionRefusedError'>: Connection was refused by other side: 61: Connection refused.
]). Retrying.
26-09-14 21:03:24 [-] [ERROR] Could not reach the Portal at localhost:4006 ([Failure instance: Traceback (failure with no frames): <class 'twisted.internet.error.ConnectionRefusedError'>: Connection was refused by other side: 61: Connection refused.
]). Retrying.
26-09-14 21:03:34 [-] [ERROR] Could not reach the Portal at localhost:4006 ([Failure instance: Traceback (failure with no frames): <class 'twisted.internet.error.ConnectionRefusedError'>: Connection was refused by other side: 61: Connection refused.
]). Retrying.
26-09-14 21:03:43 [-] [ERROR] Could not reach the Portal at localhost:4006 ([Failure instance: Traceback (failure with no frames): <class 'twisted.internet.error.ConnectionRefusedError'>: Connection was refused by other side: 61: Connection refused.
]). Retrying.
26-09-14 21:03:53 [-] [ERROR] Could not reach the Portal at localhost:4006 ([Failure instance: Traceback (failure with no frames): <class 'twisted.internet.error.ConnectionRefusedError'>: Connection was refused by other side: 61: Connection refused.
]). Retrying.
26-09-14 21:04:03 [-] [ERROR] Could not reach the Portal at localhost:4006 ([Failure instance: Traceback (failure with no frames): <class 'twisted.internet.error.ConnectionRefusedError'>: Connection was refused by other side: 61: Connection refused.
]). Retrying.
26-09-14 21:04:13 [-] [ERROR] Could not reach the Portal at localhost:4006 ([Failure instance: Traceback (failure with no frames): <class 'twisted.internet.error.ConnectionRefusedError'>: Connection was refused by other side: 61: Connection refused.
]). Retrying.
26-09-14 21:04:23 [-] [ERROR] Could not reach the Portal at localhost:4006 ([Failure instance: Traceback (failure with no frames): <class 'twisted.internet.error.ConnectionRefusedError'>: Connection was refused by other side: 61: Connection refused.
]). Retrying.
26-09-14 21:04:33 [-] [ERROR] Could not reach the Portal at localhost:4006 ([Failure instance: Traceback (failure with no frames): <class 'twisted.internet.error.ConnectionRefusedError'>: Connection was refused by other side: 61: Connection refused.
]). Retrying.
26-09-14 21:04:42 [-] [ERROR] Could not reach the Portal at localhost:4006 ([Failure instance: Traceback (failure with no frames): <class 'twisted.internet.error.ConnectionRefusedError'>: Connection was refused by other side: 61: Connection refused.
]). Retrying.
26-09-14 21:04:52 [-] [ERROR] Could not reach the Portal at localhost:4006 ([Failure instance: Traceback (failure with no frames): <class 'twisted.internet.error.ConnectionRefusedError'>: Connection was refused by other side: 61: Connection refused.
]). Retrying.
26-09-14 21:05:03 [-] [ERROR] Could not reach the Portal at localhost:4006 ([Failure instance: Traceback (failure with no frames): <class 'twisted.internet.error.ConnectionRefusedError'>: Connection was refused by other side: 61: Connection refused.
]). Retrying.
26-09-14 21:05:14 [-] [ERROR] Could not reach the Portal at localhost:4006 ([Failure instance: Traceback (failure with no frames): <class 'twisted.internet.error.ConnectionRefusedError'>: Connection was refused by other side: 61: Connection refused.
]). Retrying.
26-09-14 21:05:26 [-] [ERROR] Could not reach the Portal at localhost:4006 ([Failure instance: Traceback (failure with no frames): <class 'twisted.internet.error.ConnectionRefusedError'>: Connection was refused by other side: 61: Connection refused.
]). Retrying.
26-09-14 21:05:36 [-] [ERROR] Could not reach the Portal at localhost:4006 ([Failure instance: Traceback (failure with no frames): <class 'twisted.internet.error.ConnectionRefusedError'>: Connection was refused by other side: 61: Connection refused.
]). Retrying.
26-09-14 21:05:42 [-] [ERROR] Could not reach the Portal at localhost:4006 ([Failure instance: Traceback (failure with no frames): <class 'twisted.internet.error.ConnectionRefusedError'>: Connection was refused by other side: 61: Connection refused.
]). Retrying.
26-09-14 21:05:53 [-] [ERROR] Could not reach the Portal at localhost:4006 ([Failure instance: Traceback (failure with no frames): <class 'twisted.internet.error.ConnectionRefusedError'>: Connection was refused by other side: 61: Connection refused.
]). Retrying.
26-09-14 21:06:03 [-] [ERROR] Could not reach the Portal at localhost:4006 ([Failure instance: Traceback (failure with no frames): <class 'twisted.internet.error.ConnectionRefusedError'>: Connection was refused by other side: 61: Connection refused.
]). Retrying.
26-09-14 21:06:12 [-] [ERROR] Could not reach the Portal at localhost:4006 ([Failure instance: Traceback (failure with no frames): <class 'twisted.internet.error.ConnectionRefusedError'>: Connection was refused by other side: 61: Connection refused.
]). Retrying.
26-09-14 21:06:21 [-] [ERROR] Could not reach the Portal at localhost:4006 ([Failure instance: Traceback (failure with no frames): <class 'twisted.internet.error.ConnectionRefusedError'>: Connection was refused by other side: 61: Connection refused.
]). Retrying.
26-09-14 21:06:29 [-] [ERROR] Could not reach the Portal at localhost:4006 ([Failure instance: Traceback (failure with no frames): <class 'twisted.internet.error.ConnectionRefusedError'>: Connection was refused by other side: 61: Connection refused.
]). Retrying.
26-09-14 21:06:39 [-] [ERROR] Could not reach the Portal at localhost:4006 ([Failure instance: Traceback (failure with no frames): <class 'twisted.internet.error.ConnectionRefusedError'>: Connection was refused by other side: 61: Connection refused.
]). Retrying.
26-09-14 21:06:48 [-] [ERROR] Could not reach the Portal at localhost:4006 ([Failure instance: Traceback (failure with no frames): <class 'twisted.internet.error.ConnectionRefusedError'>: Connection was refused by other side: 61: Connection refused.
]). Retrying.
26-09-14 21:07:01 [-] [ERROR] Could not reach the Portal at localhost:4006 ([Failure instance: Traceback (failure with no frames): <class 'twisted.internet.error.ConnectionRefusedError'>: Connection was refused by other side: 61: Connection refused.
]). Retrying.
26-09-14 21:07:09 [-] [ERROR] Could not reach the Portal at localhost:4006 ([Failure instance: Traceback (failure with no frames): <class 'twisted.internet.error.ConnectionRefusedError'>: Connection was refused by other side: 61: Connection refused.
]). Retrying.
26-09-14 21:07:19 [-] [ERROR] Could not reach the Portal at localhost:4006 ([Failure instance: Traceback (failure with no frames): <class 'twisted.internet.error.ConnectionRefusedError'>: Connection was refused by other side: 61: Connection refused.
]). Retrying.
26-09-14 21:07:29 [-] [ERROR] Could not reach the Portal at localhost:4006 ([Failure instance: Traceback (failure with no frames): <class 'twisted.internet.error.ConnectionRefusedError'>: Connection was refused by other side: 61: Connection refused.
]). Retrying.
26-09-14 21:07:38 [-] [ERROR] Could not reach the Portal at localhost:4006 ([Failure instance: Traceback (failure with no frames): <class 'twisted.internet.error.ConnectionRefusedError'>: Connection was refused by other side: 61: Connection refused.
]). Retrying.
26-09-14 21:07:50 [-] [ERROR] Could not reach the Portal at localhost:4006 ([Failure instance: Traceback (failure with no frames): <class 'twisted.internet.error.ConnectionRefusedError'>: Connection was refused by other side: 61: Connection refused.
]). Retrying.
26-09-14 21:08:00 [-] [ERROR] Could not reach the Portal at localhost:4006 ([Failure instance: Traceback (failure with no frames): <class 'twisted.internet.error.ConnectionRefusedError'>: Connection was refused by other side: 61: Connection refused.
]). Retrying.
26-09-14 21:08:07 [-] [ERROR] Could not reach the Portal at localhost:4006 ([Failure instance: Traceback (failure with no frames): <class 'twisted.internet.error.ConnectionRefusedError'>: Connection was refused by other side: 61: Connection refused.
]). Retrying.
26-09-14 21:08:18 [-] [ERROR] Could not reach the Portal at localhost:4006 ([Failure instance: Traceback (failure with no frames): <class 'twisted.internet.error.ConnectionRefusedError'>: Connection was refused by other side: 61: Connection refused.
]). Retrying.
26-09-14 21:08:28 [-] [ERROR] Could not reach the Portal at localhost:4006 ([Failure instance: Traceback (failure with no frames): <class 'twisted.internet.error.ConnectionRefusedError'>: Connection was refused by other side: 61: Connection refused.
]). Retrying.
26-09-14 21:08:40 [-] [ERROR] Could not reach the Portal at localhost:4006 ([Failure instance: Traceback (failure with no frames): <class 'twisted.internet.error.ConnectionRefusedError'>: Connection was refused by other side: 61: Connection refused.
]). Retrying.
26-09-14 21:08:50 [-] [ERROR] Could not reach the Portal at localhost:4006 ([Failure instance: Traceback (failure with no frames): <class 'twisted.internet.error.ConnectionRefusedError'>: Connection was refused by other side: 61: Connection refused.
]). Retrying.
26-09-14 21:08:58 [-] [ERROR] Could not reach the Portal at localhost:4006 ([Failure instance: Traceback (failure with no frames): <class 'twisted.internet.error.ConnectionRefusedError'>: Connection was refused by other side: 61: Connection refused.
]). Retrying.
26-09-14 21:09:07 [-] [ERROR] Could not reach the Portal at localhost:4006 ([Failure instance: Traceback (failure with no frames): <class 'twisted.internet.error.ConnectionRefusedError'>: Connection was refused by other side: 61: Connection refused.
]). Retrying.
26-09-14 21:09:19 [-] [ERROR] Could not reach the Portal at localhost:4006 ([Failure instance: Traceback (failure with no frames): <class 'twisted.internet.error.ConnectionRefusedError'>: Connection was refused by other side: 61: Connection refused.
]). Retrying.
26-09-14 21:09:31 [-] [ERROR] Could not reach the Portal at localhost:4006 ([Failure instance: Traceback (failure with no frames): <class 'twisted.internet.error.ConnectionRefusedError'>: Connection was refused by other side: 61: Connection refused.
]). Retrying.
26-09-14 21:09:41 [-] [ERROR] Could not reach the Portal at localhost:4006 ([Failure instance: Traceback (failure with no frames): <class 'twisted.internet.error.ConnectionRefusedError'>: Connection was refused by other side: 61: Connection refused.
]). Retrying.
26-09-14 21:09:50 [-] [ERROR] Could not reach the Portal at localhost:4006 ([Failure instance: Traceback (failure with no frames): <class 'twisted.internet.error.ConnectionRefusedError'>: Connection was refused by other side: 61: Connection refused.
]). Retrying.
26-09-14 21:10:02 [-] [ERROR] Could not reach the Portal at localhost:4006 ([Failure instance: Traceback (failure with no frames): <class 'twisted.internet.error.ConnectionRefusedError'>: Connection was refused by other side: 61: Connection refused.
]). Retrying.
26-09-14 21:10:13 [-] [ERROR] Could not reach the Portal at localhost:4006 ([Failure instance: Traceback (failure with no frames): <class 'twisted.internet.error.ConnectionRefusedError'>: Connection was refused by other side: 61: Connection refused.
]). Retrying.
26-09-14 21:10:21 [-] [ERROR] Could not reach the Portal at localhost:4006 ([Failure instance: Traceback (failure with no frames): <class 'twisted.internet.error.ConnectionRefusedError'>: Connection was refused by other side: 61: Connection refused.
]). Retrying.
26-09-14 21:10:32 [-] [ERROR] Could not reach the Portal at localhost:4006 ([Failure instance: Traceback (failure with no frames): <class 'twisted.internet.error.ConnectionRefusedError'>: Connection was refused by other side: 61: Connection refused.
]). Retrying.
26-09-14 21:10:43 [-] [ERROR] Could not reach the Portal at localhost:4006 ([Failure instance: Traceback (failure with no frames): <class 'twisted.internet.error.ConnectionRefusedError'>: Connection was refused by other side: 61: Connection refused.
]). Retrying.
26-09-14 21:10:52 [-] [ERROR] Could not reach the Portal at localhost:4006 ([Failure instance: Traceback (failure with no frames): <class 'twisted.internet.error.ConnectionRefusedError'>: Connection was refused by other side: 61: Connection refused.
]). Retrying.
26-09-14 21:11:01 [-] [ERROR] Could not reach the Portal at localhost:4006 ([Failure instance: Traceback (failure with no frames): <class 'twisted.internet.error.ConnectionRefusedError'>: Connection was refused by other side: 61: Connection refused.
]). Retrying.
26-09-14 21:11:12 [-] [ERROR] Could not reach the Portal at localhost:4006 ([Failure instance: Traceback (failure with no frames): <class 'twisted.internet.error.ConnectionRefusedError'>: Connection was refused by other side: 61: Connection refused.
]). Retrying.
26-09-14 21:11:21 [-] [ERROR] Could not reach the Portal at localhost:4006 ([Failure instance: Traceback (failure with no frames): <class 'twisted.internet.error.ConnectionRefusedError'>: Connection was refused by other side: 61: Connection refused.
]). Retrying.
26-09-14 21:11:29 [-] [ERROR] Could not reach the Portal at localhost:4006 ([Failure instance: Traceback (failure with no frames): <class 'twisted.internet.error.ConnectionRefusedError'>: Connection was refused by other side: 61: Connection refused.
]). Retrying.
26-09-14 21:11:40 [-] [ERROR] Could not reach the Portal at localhost:4006 ([Failure instance: Traceback (failure with no frames): <class 'twisted.internet.error.ConnectionRefusedError'>: Connection was refused by other side: 61: Connection refused.
]). Retrying.
26-09-14 21:11:48 [-] [ERROR] Could not reach the Portal at localhost:4006 ([Failure instance: Traceback (failure with no frames): <class 'twisted.internet.error.ConnectionRefusedError'>: Connection was refused by other side: 61: Connection refused.
]). Retrying.
26-09-14 21:11:58 [-] [ERROR] Could not reach the Portal at localhost:4006 ([Failure instance: Traceback (failure with no frames): <class 'twisted.internet.error.ConnectionRefusedError'>: Connection was refused by other side: 61: Connection refused.
]). Retrying.
26-09-14 21:12:07 [-] [ERROR] Could not reach the Portal at localhost:4006 ([Failure instance: Traceback (failure with no frames): <class 'twisted.internet.error.ConnectionRefusedError'>: Connection was refused by other side: 61: Connection refused.
]). Retrying.
26-09-14 21:12:18 [-] [ERROR] Could not reach the Portal at localhost:4006 ([Failure instance: Traceback (failure with no frames): <class 'twisted.internet.error.ConnectionRefusedError'>: Connection was refused by other side: 61: Connection refused.
]). Retrying.
26-09-14 21:12:30 [-] [ERROR] Could not reach the Portal at localhost:4006 ([Failure instance: Traceback (failure with no frames): <class 'twisted.internet.error.ConnectionRefusedError'>: Connection was refused by other side: 61: Connection refused.
]). Retrying.
26-09-14 21:12:38 [-] [ERROR] Could not reach the Portal at localhost:4006 ([Failure instance: Traceback (failure with no frames): <class 'twisted.internet.error.ConnectionRefusedError'>: Connection was refused by other side: 61: Connection refused.
]). Retrying.
26-09-14 21:12:49 [-] [ERROR] Could not reach the Portal at localhost:4006 ([Failure instance: Traceback (failure with no frames): <class 'twisted.internet.error.ConnectionRefusedError'>: Connection was refused by other side: 61: Connection refused.
]). Retrying.
26-09-14 21:13:00 [-] [ERROR] Could not reach the Portal at localhost:4006 ([Failure instance: Traceback (failure with no frames): <class 'twisted.internet.error.ConnectionRefusedError'>: Connection was refused by other side: 61: Connection refused.
]). Retrying.
26-09-14 21:13:10 [-] [ERROR] Could not reach the Portal at localhost:4006 ([Failure instance: Traceback (failure with no frames): <class 'twisted.internet.error.ConnectionRefusedError'>: Connection was refused by other side: 61: Connection refused.
]). Retrying.
26-09-14 21:13:18 [-] [ERROR] Could not reach the Portal at localhost:4006 ([Failure instance: Traceback (failure with no frames): <class 'twisted.internet.error.ConnectionRefusedError'>: Connection was refused by other side: 61: Connection refused.
]). Retrying.
26-09-14 21:13:27 [-] [ERROR] Could not reach the Portal at localhost:4006 ([Failure instance: Traceback (failure with no frames): <class 'twisted.internet.error.ConnectionRefusedError'>: Connection was refused by other side: 61: Connection refused.
]). Retrying.
26-09-14 21:13:36 [-] [ERROR] Could not reach the Portal at localhost:4006 ([Failure instance: Traceback (failure with no frames): <class 'twisted.internet.error.ConnectionRefusedError'>: Connection was refused by other side: 61: Connection refused.
]). Retrying.
26-09-14 21:13:45 [-] [ERROR] Could not reach the Portal at localhost:4006 ([Failure instance: Traceback (failure with no frames): <class 'twisted.internet.error.ConnectionRefusedError'>: Connection was refused by other side: 61: Connection refused.
]). Retrying.
26-09-14 21:13:56 [-] [ERROR] Could not reach the Portal at localhost:4006 ([Failure instance: Traceback (failure with no frames): <class 'twisted.internet.error.ConnectionRefusedError'>: Connection was refused by other side: 61: Connection refused.
]). Retrying.
26-09-14 21:14:05 [-] [ERROR] Could not reach the Portal at localhost:4006 ([Failure instance: Traceback (failure with no frames): <class 'twisted.internet.error.ConnectionRefusedError'>: Connection was refused by other side: 61: Connection refused.
]). Retrying.
26-09-14 21:14:16 [-] [ERROR] Could not reach the Portal at localhost:4006 ([Failure instance: Traceback (failure with no frames): <class 'twisted.internet.error.ConnectionRefusedError'>: Connection was refused by other side: 61: Connection refused.
]). Retrying.
26-09-14 21:14:26 [-] [ERROR] Could not reach the Portal at localhost:4006 ([Failure instance: Traceback (failure with no frames): <class 'twisted.internet.error.ConnectionRefusedError'>: Connection was refused by other side: 61: Connection refused.
]). Retrying.
26-09-14 21:14:36 [-] [ERROR] Could not reach the Portal at localhost:4006 ([Failure instance: Traceback (failure with no frames): <class 'twisted.internet.error.ConnectionRefusedError'>: Connection was refused by other side: 61: Connection refused.
]). Retrying.
26-09-14 21:14:47 [-] [ERROR] Could not reach the Portal at localhost:4006 ([Failure instance: Traceback (failure with no frames): <class 'twisted.internet.error.ConnectionRefusedError'>: Connection was refused by other side: 61: Connection refused.
]). Retrying.
26-09-14 21:14:57 [-] [ERROR] Could not reach the Portal at localhost:4006 ([Failure instance: Traceback (failure with no frames): <class 'twisted.internet.error.ConnectionRefusedError'>: Connection was refused by other side: 61: Connection refused.
]). Retrying.
26-09-14 21:15:07 [-] [ERROR] Could not reach the Portal at localhost:4006 ([Failure instance: Traceback (failure with no frames): <class 'twisted.internet.error.ConnectionRefusedError'>: Connection was refused by other side: 61: Connection refused.
]). Retrying.
26-09-14 21:15:16 [-] [ERROR] Could not reach the Portal at localhost:4006 ([Failure instance: Traceback (failure with no frames): <class 'twisted.internet.error.ConnectionRefusedError'>: Connection was refused by other side: 61: Connection refused.
]). Retrying.
26-09-14 21:15:28 [-] [ERROR] Could not reach the Portal at localhost:4006 ([Failure instance: Traceback (failure with no frames): <class 'twisted.internet.error.ConnectionRefusedError'>: Connection was refused by other side: 61: Connection refused.
]). Retrying.
26-09-14 21:15:36 [-] [ERROR] Could not reach the Portal at localhost:4006 ([Failure instance: Traceback (failure with no frames): <class 'twisted.internet.error.ConnectionRefusedError'>: Connection was refused by other side: 61: Connection refused.
]). Retrying.
26-09-14 21:15:44 [-] [ERROR] Could not reach the Portal at localhost:4006 ([Failure instance: Traceback (failure with no frames): <class 'twisted.internet.error.ConnectionRefusedError'>: Connection was refused by other side: 61: Connection refused.
]). Retrying.
26-09-14 21:15:56 [-] [ERROR] Could not reach the Portal at localhost:4006 ([Failure instance: Traceback (failure with no frames): <class 'twisted.internet.error.ConnectionRefusedError'>: Connection was refused by other side: 61: Connection refused.
]). Retrying.
26-09-14 21:16:04 [-] [ERROR] Could not reach the Portal at localhost:4006 ([Failure instance: Traceback (failure with no frames): <class 'twisted.internet.error.ConnectionRefusedError'>: Connection was refused by other side: 61: Connection refused.
]). Retrying.
26-09-14 21:16:15 [-] [ERROR] Could not reach the Portal at localhost:4006 ([Failure instance: Traceback (failure with no frames): <class 'twisted.internet.error.ConnectionRefusedError'>: Connection was refused by other side: 61: Connection refused.
]). Retrying.
26-09-14 21:16:26 [-] [ERROR] Could not reach the Portal at localhost:4006 ([Failure instance: Traceback (failure with no frames): <class 'twisted.internet.error.ConnectionRefusedError'>: Connection was refused by other side: 61: Connection refused.
]). Retrying.
26-09-14 21:16:33 [-] [ERROR] Could not reach the Portal at localhost:4006 ([Failure instance: Traceback (failure with no frames): <class 'twisted.internet.error.ConnectionRefusedError'>: Connection was refused by other side: 61: Connection refused.
]). Retrying.
26-09-14 21:16:43 [-] [ERROR] Could not reach the Portal at localhost:4006 ([Failure instance: Traceback (failure with no frames): <class 'twisted.internet.error.ConnectionRefusedError'>: Connection was refused by other side: 61: Connection refused.
]). Retrying.
26-09-14 21:16:54 [-] [ERROR] Could not reach the Portal at localhost:4006 ([Failure instance: Traceback (failure with no frames): <class 'twisted.internet.error.ConnectionRefusedError'>: Connection was refused by other side: 61: Connection refused.
]). Retrying.
26-09-14 21:17:01 [-] [ERROR] Could not reach the Portal at localhost:4006 ([Failure instance: Traceback (failure with no frames): <class 'twisted.internet.error.ConnectionRefusedError'>: Connection was refused by other side: 61: Connection refused.
]). Retrying.
26-09-14 21:17:13 [-] [ERROR] Could not reach the Portal at localhost:4006 ([Failure instance: Traceback (failure with no frames): <class 'twisted.internet.error.ConnectionRefusedError'>: Connection was refused by other side: 61: Connection refused.
]). Retrying.
26-09-14 21:17:21 [-] [ERROR] Could not reach the Portal at localhost:4006 ([Failure instance: Traceback (failure with no frames): <class 'twisted.internet.error.ConnectionRefusedError'>: Connection was refused by other side: 61: Connection refused.
]). Retrying.
26-09-14 21:17:32 [-] [ERROR] Could not reach the Portal at localhost:4006 ([Failure instance: Traceback (failure with no frames): <class 'twisted.internet.error.ConnectionRefusedError'>: Connection was refused by other side: 61: Connection refused.
]). Retrying.
26-09-14 21:17:42 [-] [ERROR] Could not reach the Portal at localhost:4006 ([Failure instance: Traceback (failure with no frames): <class 'twisted.internet.error.ConnectionRefusedError'>: Connection was refused by other side: 61: Connection refused.
]). Retrying.
26-09-14 21:17:52 [-] [ERROR] Could not reach the Portal at localhost:4006 ([Failure instance: Traceback (failure with no frames): <class 'twisted.internet.error.ConnectionRefusedError'>: Connection was refused by other side: 61: Connection refused.
]). Retrying.
26-09-14 21:18:01 [-] [ERROR] Could not reach the Portal at localhost:4006 ([Failure instance: Traceback (failure with no frames): <class 'twisted.internet.error.ConnectionRefusedError'>: Connection was refused by other side: 61: Connection refused.
]). Retrying.
26-09-14 21:18:11 [-] [ERROR] Could not reach the Portal at localhost:4006 ([Failure instance: Traceback (failure with no frames): <class 'twisted.internet.error.ConnectionRefusedError'>: Connection was refused by other side: 61: Connection refused.
]). Retrying.
26-09-14 21:18:21 [-] [ERROR] Could not reach the Portal at localhost:4006 ([Failure instance: Traceback (failure with no frames): <class 'twisted.internet.error.ConnectionRefusedError'>: Connection was refused by other side: 61: Connection refused.
]). Retrying.
26-09-14 21:18:31 [-] [ERROR] Could not reach the Portal at localhost:4006 ([Failure instance: Traceback (failure with no frames): <class 'twisted.internet.error.ConnectionRefusedError'>: Connection was refused by other side: 61: Connection refused.
]). Retrying.
26-09-14 21:18:42 [-] [ERROR] Could not reach the Portal at localhost:4006 ([Failure instance: Traceback (failure with no frames): <class 'twisted.internet.error.ConnectionRefusedError'>: Connection was refused by other side: 61: Connection refused.
]). Retrying.
26-09-14 21:18:51 [-] [ERROR] Could not reach the Portal at localhost:4006 ([Failure instance: Traceback (failure with no frames): <class 'twisted.internet.error.ConnectionRefusedError'>: Connection was refused by other side: 61: Connection refused.
]). Retrying.
26-09-14 21:18:59 [-] [ERROR] Could not reach the Portal at localhost:4006 ([Failure instance: Traceback (failure with no frames): <class 'twisted.internet.error.ConnectionRefusedError'>: Connection was refused by other side: 61: Connection refused.
]). Retrying.
26-09-14 21:19:09 [-] [ERROR] Could not reach the Portal at localhost:4006 ([Failure instance: Traceback (failure with no frames): <class 'twisted.internet.error.ConnectionRefusedError'>: Connection was refused by other side: 61: Connection refused.
]). Retrying.
26-09-14 21:19:19 [-] [ERROR] Could not reach the Portal at localhost:4006 ([Failure instance: Traceback (failure with no frames): <class 'twisted.internet.error.ConnectionRefusedError'>: Connection was refused by other side: 61: Connection refused.
]). Retrying.
26-09-14 21:19:29 [-] [ERROR] Could not reach the Portal at localhost:4006 ([Failure instance: Traceback (failure with no frames): <class 'twisted.internet.error.ConnectionRefusedError'>: Connection was refused by other side: 61: Connection refused.
]). Retrying.
26-09-14 21:19:39 [-] [ERROR] Could not reach the Portal at localhost:4006 ([Failure instance: Traceback (failure with no frames): <class 'twisted.internet.error.ConnectionRefusedError'>: Connection was refused by other side: 61: Connection refused.
]). Retrying.
26-09-14 21:19:49 [-] [ERROR] Could not reach the Portal at localhost:4006 ([Failure instance: Traceback (failure with no frames): <class 'twisted.internet.error.ConnectionRefusedError'>: Connection was refused by other side: 61: Connection refused.
]). Retrying.
26-09-14 21:19:59 [-] [ERROR] Could not reach the Portal at localhost:4006 ([Failure instance: Traceback (failure with no frames): <class 'twisted.internet.error.ConnectionRefusedError'>: Connection was refused by other side: 61: Connection refused.
]). Retrying.
26-09-14 21:20:09 [-] [ERROR] Could not reach the Portal at localhost:4006 ([Failure instance: Traceback (failure with no frames): <class 'twisted.internet.error.ConnectionRefusedError'>: Connection was refused by other side: 61: Connection refused.
]). Retrying.
26-09-14 21:20:19 [-] [ERROR] Could not reach the Portal at localhost:4006 ([Failure instance: Traceback (failure with no frames): <class 'twisted.internet.error.ConnectionRefusedError'>: Connection was refused by other side: 61: Connection refused.
]). Retrying.
26-09-14 21:20:29 [-] [ERROR] Could not reach the Portal at localhost:4006 ([Failure instance: Traceback (failure with no frames): <class 'twisted.internet.error.ConnectionRefusedError'>: Connection was refused by other side: 61: Connection refused.
]). Retrying.
26-09-14 21:20:40 [-] [ERROR] Could not reach the Portal at localhost:4006 ([Failure instance: Traceback (failure with no frames): <class 'twisted.internet.error.ConnectionRefusedError'>: Connection was refused by other side: 61: Connection refused.
]). Retrying.
26-09-14 21:20:48 [-] [ERROR] Could not reach the Portal at localhost:4006 ([Failure instance: Traceback (failure with no frames): <class 'twisted.internet.error.ConnectionRefusedError'>: Connection was refused by other side: 61: Connection refused.
]). Retrying.
26-09-14 21:20:58 [-] [ERROR] Could not reach the Portal at localhost:4006 ([Failure instance: Traceback (failure with no frames): <class 'twisted.internet.error.ConnectionRefusedError'>: Connection was refused by other side: 61: Connection refused.
]). Retrying.
26-09-14 21:21:09 [-] [ERROR] Could not reach the Portal at localhost:4006 ([Failure instance: Traceback (failure with no frames): <class 'twisted.internet.error.ConnectionRefusedError'>: Connection was refused by other side: 61: Connection refused.
]). Retrying.
26-09-14 21:21:16 [-] [ERROR] Could not reach the Portal at localhost:4006 ([Failure instance: Traceback (failure with no frames): <class 'twisted.internet.error.ConnectionRefusedError'>: Connection was refused by other side: 61: Connection refused.
]). Retrying.
26-09-14 21:21:27 [-] [ERROR] Could not reach the Portal at localhost:4006 ([Failure instance: Traceback (failure with no frames): <class 'twisted.internet.error.ConnectionRefusedError'>: Connection was refused by other side: 61: Connection refused.
]). Retrying.
26-09-14 21:21:37 [-] [ERROR] Could not reach the Portal at localhost:4006 ([Failure instance: Traceback (failure with no frames): <class 'twisted.internet.error.ConnectionRefusedError'>: Connection was refused by other side: 61: Connection refused.
]). Retrying.
26-09-14 21:21:46 [-] [ERROR] Could not reach the Portal at localhost:4006 ([Failure instance: Traceback (failure with no frames): <class 'twisted.internet.error.ConnectionRefusedError'>: Connection was refused by other side: 61: Connection refused.
]). Retrying.
26-09-14 21:21:56 [-] [ERROR] Could not reach the Portal at localhost:4006 ([Failure instance: Traceback (failure with no frames): <class 'twisted.internet.error.ConnectionRefusedError'>: Connection was refused by other side: 61: Connection refused.
]). Retrying.
26-09-14 21:22:06 [-] [ERROR] Could not reach the Portal at localhost:4006 ([Failure instance: Traceback (failure with no frames): <class 'twisted.internet.error.ConnectionRefusedError'>: Connection was refused by other side: 61: Connection refused.
]). Retrying.
26-09-14 21:22:16 [-] [ERROR] Could not reach the Portal at localhost:4006 ([Failure instance: Traceback (failure with no frames): <class 'twisted.internet.error.ConnectionRefusedError'>: Connection was refused by other side: 61: Connection refused.
]). Retrying.
26-09-14 21:22:26 [-] [ERROR] Could not reach the Portal at localhost:4006 ([Failure instance: Traceback (failure with no frames): <class 'twisted.internet.error.ConnectionRefusedError'>: Connection was refused by other side: 61: Connection refused.
]). Retrying.
26-09-14 21:22:36 [-] [ERROR] Could not reach the Portal at localhost:4006 ([Failure instance: Traceback (failure with no frames): <class 'twisted.internet.error.ConnectionRefusedError'>: Connection was refused by other side: 61: Connection refused.
]). Retrying.
26-09-14 21:22:46 [-] [ERROR] Could not reach the Portal at localhost:4006 ([Failure instance: Traceback (failure with no frames): <class 'twisted.internet.error.ConnectionRefusedError'>: Connection was refused by other side: 61: Connection refused.
]). Retrying.
26-09-14 21:22:55 [-] [ERROR] Could not reach the Portal at localhost:4006 ([Failure instance: Traceback (failure with no frames): <class 'twisted.internet.error.ConnectionRefusedError'>: Connection was refused by other side: 61: Connection refused.
]). Retrying.
26-09-14 21:23:04 [-] [ERROR] Could not reach the Portal at localhost:4006 ([Failure instance: Traceback (failure with no frames): <class 'twisted.internet.error.ConnectionRefusedError'>: Connection was refused by other side: 61: Connection refused.
]). Retrying.
26-09-14 21:23:13 [-] [ERROR] Could not reach the Portal at localhost:4006 ([Failure instance: Traceback (failure with no frames): <class 'twisted.internet.error.ConnectionRefusedError'>: Connection was refused by other side: 61: Connection refused.
]). Retrying.
26-09-14 21:23:25 [-] [ERROR] Could not reach the Portal at localhost:4006 ([Failure instance: Traceback (failure with no frames): <class 'twisted.internet.error.ConnectionRefusedError'>: Connection was refused by other side: 61: Connection refused.
]). Retrying.
26-09-14 21:23:35 [-] [ERROR] Could not reach the Portal at localhost:4006 ([Failure instance: Traceback (failure with no frames): <class 'twisted.internet.error.ConnectionRefusedError'>: Connection was refused by other side: 61: Connection refused.
]). Retrying.
26-09-14 21:23:46 [-] [ERROR] Could not reach the Portal at localhost:4006 ([Failure instance: Traceback (failure with no frames): <class 'twisted.internet.error.ConnectionRefusedError'>: Connection was refused by other side: 61: Connection refused.
]). Retrying.
26-09-14 21:23:56 [-] [ERROR] Could not reach the Portal at localhost:4006 ([Failure instance: Traceback (failure with no frames): <class 'twisted.internet.error.ConnectionRefusedError'>: Connection was refused by other side: 61: Connection refused.
]). Retrying.
26-09-14 21:24:04 [-] [ERROR] Could not reach the Portal at localhost:4006 ([Failure instance: Traceback (failure with no frames): <class 'twisted.internet.error.ConnectionRefusedError'>: Connection was refused by other side: 61: Connection refused.
]). Retrying.
26-09-14 21:24:13 [-] [ERROR] Could not reach the Portal at localhost:4006 ([Failure instance: Traceback (failure with no frames): <class 'twisted.internet.error.ConnectionRefusedError'>: Connection was refused by other side: 61: Connection refused.
]). Retrying.
26-09-14 21:24:25 [-] [ERROR] Could not reach the Portal at localhost:4006 ([Failure instance: Traceback (failure with no frames): <class 'twisted.internet.error.ConnectionRefusedError'>: Connection was refused by other side: 61: Connection refused.
]). Retrying.
26-09-14 21:24:32 [-] [ERROR] Could not reach the Portal at localhost:4006 ([Failure instance: Traceback (failure with no frames): <class 'twisted.internet.error.ConnectionRefusedError'>: Connection was refused by other side: 61: Connection refused.
]). Retrying.
26-09-14 21:24:42 [-] [ERROR] Could not reach the Portal at localhost:4006 ([Failure instance: Traceback (failure with no frames): <class 'twisted.internet.error.ConnectionRefusedError'>: Connection was refused by other side: 61: Connection refused.
]). Retrying.
26-09-14 21:24:53 [-] [ERROR] Could not reach the Portal at localhost:4006 ([Failure instance: Traceback (failure with no frames): <class 'twisted.internet.error.ConnectionRefusedError'>: Connection was refused by other side: 61: Connection refused.
]). Retrying.
26-09-14 21:25:03 [-] [ERROR] Could not reach the Portal at localhost:4006 ([Failure instance: Traceback (failure with no frames): <class 'twisted.internet.error.ConnectionRefusedError'>: Connection was refused by other side: 61: Connection refused.
]). Retrying.
26-09-14 21:25:12 [-] [ERROR] Could not reach the Portal at localhost:4006 ([Failure instance: Traceback (failure with no frames): <class 'twisted.internet.error.ConnectionRefusedError'>: Connection was refused by other side: 61: Connection refused.
]). Retrying.
26-09-14 21:25:22 [-] [ERROR] Could not reach the Portal at localhost:4006 ([Failure instance: Traceback (failure with no frames): <class 'twisted.internet.error.ConnectionRefusedError'>: Connection was refused by other side: 61: Connection refused.
]). Retrying.
26-09-14 21:25:31 [-] [ERROR] Could not reach the Portal at localhost:4006 ([Failure instance: Traceback (failure with no frames): <class 'twisted.internet.error.ConnectionRefusedError'>: Connection was refused by other side: 61: Connection refused.
]). Retrying.
26-09-14 21:25:43 [-] [ERROR] Could not reach the Portal at localhost:4006 ([Failure instance: Traceback (failure with no frames): <class 'twisted.internet.error.ConnectionRefusedError'>: Connection was refused by other side: 61: Connection refused.
]). Retrying.
26-09-14 21:25:54 [-] [ERROR] Could not reach the Portal at localhost:4006 ([Failure instance: Traceback (failure with no frames): <class 'twisted.internet.error.ConnectionRefusedError'>: Connection was refused by other side: 61: Connection refused.
]). Retrying.
26-09-14 21:26:04 [-] [ERROR] Could not reach the Portal at localhost:4006 ([Failure instance: Traceback (failure with no frames): <class 'twisted.internet.error.ConnectionRefusedError'>: Connection was refused by other side: 61: Connection refused.
]). Retrying.
26-09-14 21:26:13 [-] [ERROR] Could not reach the Portal at localhost:4006 ([Failure instance: Traceback (failure with no frames): <class 'twisted.internet.error.ConnectionRefusedError'>: Connection was refused by other side: 61: Connection refused.
]). Retrying.
26-09-14 21:26:20 [-] [ERROR] Could not reach the Portal at localhost:4006 ([Failure instance: Traceback (failure with no frames): <class 'twisted.internet.error.ConnectionRefusedError'>: Connection was refused by other side: 61: Connection refused.
]). Retrying.
26-09-14 21:26:32 [-] [ERROR] Could not reach the Portal at localhost:4006 ([Failure instance: Traceback (failure with no frames): <class 'twisted.internet.error.ConnectionRefusedError'>: Connection was refused by other side: 61: Connection refused.
]). Retrying.
26-09-14 21:26:41 [-] [ERROR] Could not reach the Portal at localhost:4006 ([Failure instance: Traceback (failure with no frames): <class 'twisted.internet.error.ConnectionRefusedError'>: Connection was refused by other side: 61: Connection refused.
]). Retrying.
26-09-14 21:26:50 [-] [ERROR] Could not reach the Portal at localhost:4006 ([Failure instance: Traceback (failure with no frames): <class 'twisted.internet.error.ConnectionRefusedError'>: Connection was refused by other side: 61: Connection refused.
]). Retrying.
26-09-14 21:27:03 [-] [ERROR] Could not reach the Portal at localhost:4006 ([Failure instance: Traceback (failure with no frames): <class 'twisted.internet.error.ConnectionRefusedError'>: Connection was refused by other side: 61: Connection refused.
]). Retrying.
26-09-14 21:27:13 [-] [ERROR] Could not reach the Portal at localhost:4006 ([Failure instance: Traceback (failure with no frames): <class 'twisted.internet.error.ConnectionRefusedError'>: Connection was refused by other side: 61: Connection refused.
]). Retrying.
26-09-14 21:27:21 [-] [ERROR] Could not reach the Portal at localhost:4006 ([Failure instance: Traceback (failure with no frames): <class 'twisted.internet.error.ConnectionRefusedError'>: Connection was refused by other side: 61: Connection refused.
]). Retrying.
26-09-14 21:27:31 [-] [ERROR] Could not reach the Portal at localhost:4006 ([Failure instance: Traceback (failure with no frames): <class 'twisted.internet.error.ConnectionRefusedError'>: Connection was refused by other side: 61: Connection refused.
]). Retrying.
26-09-14 21:27:40 [-] [ERROR] Could not reach the Portal at localhost:4006 ([Failure instance: Traceback (failure with no frames): <class 'twisted.internet.error.ConnectionRefusedError'>: Connection was refused by other side: 61: Connection refused.
]). Retrying.
26-09-14 21:27:49 [-] [ERROR] Could not reach the Portal at localhost:4006 ([Failure instance: Traceback (failure with no frames): <class 'twisted.internet.error.ConnectionRefusedError'>: Connection was refused by other side: 61: Connection refused.
]). Retrying.
26-09-14 21:27:58 [-] [ERROR] Could not reach the Portal at localhost:4006 ([Failure instance: Traceback (failure with no frames): <class 'twisted.internet.error.ConnectionRefusedError'>: Connection was refused by other side: 61: Connection refused.
]). Retrying.
26-09-14 21:28:07 [-] [ERROR] Could not reach the Portal at localhost:4006 ([Failure instance: Traceback (failure with no frames): <class 'twisted.internet.error.ConnectionRefusedError'>: Connection was refused by other side: 61: Connection refused.
]). Retrying.
26-09-14 21:28:19 [-] [ERROR] Could not reach the Portal at localhost:4006 ([Failure instance: Traceback (failure with no frames): <class 'twisted.internet.error.ConnectionRefusedError'>: Connection was refused by other side: 61: Connection refused.
]). Retrying.
26-09-14 21:28:31 [-] [ERROR] Could not reach the Portal at localhost:4006 ([Failure instance: Traceback (failure with no frames): <class 'twisted.internet.error.ConnectionRefusedError'>: Connection was refused by other side: 61: Connection refused.
]). Retrying.
26-09-14 21:28:38 [-] [ERROR] Could not reach the Portal at localhost:4006 ([Failure instance: Traceback (failure with no frames): <class 'twisted.internet.error.ConnectionRefusedError'>: Connection was refused by other side: 61: Connection refused.
]). Retrying.
26-09-14 21:28:48 [-] [ERROR] Could not reach the Portal at localhost:4006 ([Failure instance: Traceback (failure with no frames): <class 'twisted.internet.error.ConnectionRefusedError'>: Connection was refused by other side: 61: Connection refused.
]). Retrying.
26-09-14 21:28:56 [-] [ERROR] Could not reach the Portal at localhost:4006 ([Failure instance: Traceback (failure with no frames): <class 'twisted.internet.error.ConnectionRefusedError'>: Connection was refused by other side: 61: Connection refused.
]). Retrying.
26-09-14 21:29:07 [-] [ERROR] Could not reach the Portal at localhost:4006 ([Failure instance: Traceback (failure with no frames): <class 'twisted.internet.error.ConnectionRefusedError'>: Connection was refused by other side: 61: Connection refused.
]). Retrying.
26-09-14 21:29:17 [-] [ERROR] Could not reach the Portal at localhost:4006 ([Failure instance: Traceback (failure with no frames): <class 'twisted.internet.error.ConnectionRefusedError'>: Connection was refused by other side: 61: Connection refused.
]). Retrying.
26-09-14 21:29:26 [-] [ERROR] Could not reach the Portal at localhost:4006 ([Failure instance: Traceback (failure with no frames): <class 'twisted.internet.error.ConnectionRefusedError'>: Connection was refused by other side: 61: Connection refused.
]). Retrying.
26-09-14 21:29:35 [-] [ERROR] Could not reach the Portal at localhost:4006 ([Failure instance: Traceback (failure with no frames): <class 'twisted.internet.error.ConnectionRefusedError'>: Connection was refused by other side: 61: Connection refused.
]). Retrying.
26-09-14 21:29:43 [-] [ERROR] Could not reach the Portal at localhost:4006 ([Failure instance: Traceback (failure with no frames): <class 'twisted.internet.error.ConnectionRefusedError'>: Connection was refused by other side: 61: Connection refused.
]). Retrying.
26-09-14 21:29:51 [-] [ERROR] Could not reach the Portal at localhost:4006 ([Failure instance: Traceback (failure with no frames): <class 'twisted.internet.error.ConnectionRefusedError'>: Connection was refused by other side: 61: Connection refused.
]). Retrying.
26-09-14 21:30:00 [-] [ERROR] Could not reach the Portal at localhost:4006 ([Failure instance: Traceback (failure with no frames): <class 'twisted.internet.error.ConnectionRefusedError'>: Connection was refused by other side: 61: Connection refused.
]). Retrying.
26-09-14 21:30:10 [-] [ERROR] Could not reach the Portal at localhost:4006 ([Failure instance: Traceback (failure with no frames): <class 'twisted.internet.error.ConnectionRefusedError'>: Connection was refused by other side: 61: Connection refused.
]). Retrying.
26-09-14 21:30:21 [-] [ERROR] Could not reach the Portal at localhost:4006 ([Failure instance: Traceback (failure with no frames): <class 'twisted.internet.error.ConnectionRefusedError'>: Connection was refused by other side: 61: Connection refused.
]). Retrying.
26-09-14 21:30:33 [-] [ERROR] Could not reach the Portal at localhost:4006 ([Failure instance: Traceback (failure with no frames): <class 'twisted.internet.error.ConnectionRefusedError'>: Connection was refused by other side: 61: Connection refused.
]). Retrying.
26-09-14 21:30:42 [-] [ERROR] Could not reach the Portal at localhost:4006 ([Failure instance: Traceback (failure with no frames): <class 'twisted.internet.error.ConnectionRefusedError'>: Connection was refused by other side: 61: Connection refused.
]). Retrying.
26-09-14 21:30:52 [-] [ERROR] Could not reach the Portal at localhost:4006 ([Failure instance: Traceback (failure with no frames): <class 'twisted.internet.error.ConnectionRefusedError'>: Connection was refused by other side: 61: Connection refused.
]). Retrying.
26-09-14 21:31:05 [-] [ERROR] Could not reach the Portal at localhost:4006 ([Failure instance: Traceback (failure with no frames): <class 'twisted.internet.error.ConnectionRefusedError'>: Connection was refused by other side: 61: Connection refused.
]). Retrying.
26-09-14 21:31:14 [-] [ERROR] Could not reach the Portal at localhost:4006 ([Failure instance: Traceback (failure with no frames): <class 'twisted.internet.error.ConnectionRefusedError'>: Connection was refused by other side: 61: Connection refused.
]). Retrying.
26-09-14 21:31:24 [-] [ERROR] Could not reach the Portal at localhost:4006 ([Failure instance: Traceback (failure with no frames): <class 'twisted.internet.error.ConnectionRefusedError'>: Connection was refused by other side: 61: Connection refused.
]). Retrying.
26-09-14 21:31:33 [-] [ERROR] Could not reach the Portal at localhost:4006 ([Failure instance: Traceback (failure with no frames): <class 'twisted.internet.error.ConnectionRefusedError'>: Connection was refused by other side: 61: Connection refused.
]). Retrying.
26-09-14 21:31:42 [-] [ERROR] Could not reach the Portal at localhost:4006 ([Failure instance: Traceback (failure with no frames): <class 'twisted.internet.error.ConnectionRefusedError'>: Connection was refused by other side: 61: Connection refused.
]). Retrying.
26-09-14 21:31:53 [-] [ERROR] Could not reach the Portal at localhost:4006 ([Failure instance: Traceback (failure with no frames): <class 'twisted.internet.error.ConnectionRefusedError'>: Connection was refused by other side: 61: Connection refused.
]). Retrying.
26-09-14 21:32:03 [-] [ERROR] Could not reach the Portal at localhost:4006 ([Failure instance: Traceback (failure with no frames): <class 'twisted.internet.error.ConnectionRefusedError'>: Connection was refused by other side: 61: Connection refused.
]). Retrying.
26-09-14 21:32:10 [-] [ERROR] Could not reach the Portal at localhost:4006 ([Failure instance: Traceback (failure with no frames): <class 'twisted.internet.error.ConnectionRefusedError'>: Connection was refused by other side: 61: Connection refused.
]). Retrying.
26-09-14 21:32:22 [-] [ERROR] Could not reach the Portal at localhost:4006 ([Failure instance: Traceback (failure with no frames): <class 'twisted.internet.error.ConnectionRefusedError'>: Connection was refused by other side: 61: Connection refused.
]). Retrying.
26-09-14 21:32:33 [-] [ERROR] Could not reach the Portal at localhost:4006 ([Failure instance: Traceback (failure with no frames): <class 'twisted.internet.error.ConnectionRefusedError'>: Connection was refused by other side: 61: Connection refused.
]). Retrying.
26-09-14 21:32:42 [-] [ERROR] Could not reach the Portal at localhost:4006 ([Failure instance: Traceback (failure with no frames): <class 'twisted.internet.error.ConnectionRefusedError'>: Connection was refused by other side: 61: Connection refused.
]). Retrying.
26-09-14 21:32:49 [-] [ERROR] Could not reach the Portal at localhost:4006 ([Failure instance: Traceback (failure with no frames): <class 'twisted.internet.error.ConnectionRefusedError'>: Connection was refused by other side: 61: Connection refused.
]). Retrying.
26-09-14 21:33:00 [-] [ERROR] Could not reach the Portal at localhost:4006 ([Failure instance: Traceback (failure with no frames): <class 'twisted.internet.error.ConnectionRefusedError'>: Connection was refused by other side: 61: Connection refused.
]). Retrying.
26-09-14 21:33:09 [-] [ERROR] Could not reach the Portal at localhost:4006 ([Failure instance: Traceback (failure with no frames): <class 'twisted.internet.error.ConnectionRefusedError'>: Connection was refused by other side: 61: Connection refused.
]). Retrying.
26-09-14 21:33:19 [-] [ERROR] Could not reach the Portal at localhost:4006 ([Failure instance: Traceback (failure with no frames): <class 'twisted.internet.error.ConnectionRefusedError'>: Connection was refused by other side: 61: Connection refused.
]). Retrying.
26-09-14 21:33:28 [-] [ERROR] Could not reach the Portal at localhost:4006 ([Failure instance: Traceback (failure with no frames): <class 'twisted.internet.error.ConnectionRefusedError'>: Connection was refused by other side: 61: Connection refused.
]). Retrying.
26-09-14 21:33:38 [-] [ERROR] Could not reach the Portal at localhost:4006 ([Failure instance: Traceback (failure with no frames): <class 'twisted.internet.error.ConnectionRefusedError'>: Connection was refused by other side: 61: Connection refused.
]). Retrying.
26-09-14 21:33:46 [-] [ERROR] Could not reach the Portal at localhost:4006 ([Failure instance: Traceback (failure with no frames): <class 'twisted.internet.error.ConnectionRefusedError'>: Connection was refused by other side: 61: Connection refused.
]). Retrying.
26-09-14 21:33:55 [-] [ERROR] Could not reach the Portal at localhost:4006 ([Failure instance: Traceback (failure with no frames): <class 'twisted.internet.error.ConnectionRefusedError'>: Connection was refused by other side: 61: Connection refused.
]). Retrying.
26-09-14 21:34:05 [-] [ERROR] Could not reach the Portal at localhost:4006 ([Failure instance: Traceback (failure with no frames): <class 'twisted.internet.error.ConnectionRefusedError'>: Connection was refused by other side: 61: Connection refused.
]). Retrying.
26-09-14 21:34:15 [-] [ERROR] Could not reach the Portal at localhost:4006 ([Failure instance: Traceback (failure with no frames): <class 'twisted.internet.error.ConnectionRefusedError'>: Connection was refused by other side: 61: Connection refused.
]). Retrying.
26-09-14 21:34:23 [-] [ERROR] Could not reach the Portal at localhost:4006 ([Failure instance: Traceback (failure with no frames): <class 'twisted.internet.error.ConnectionRefusedError'>: Connection was refused by other side: 61: Connection refused.
]). Retrying.
26-09-14 21:34:32 [-] [ERROR] Could not reach the Portal at localhost:4006 ([Failure instance: Traceback (failure with no frames): <class 'twisted.internet.error.ConnectionRefusedError'>: Connection was refused by other side: 61: Connection refused.
]). Retrying.
26-09-14 21:34:43 [-] [ERROR] Could not reach the Portal at localhost:4006 ([Failure instance: Traceback (failure with no frames): <class 'twisted.internet.error.ConnectionRefusedError'>: Connection was refused by other side: 61: Connection refused.
]). Retrying.
26-09-14 21:34:52 [-] [ERROR] Could not reach the Portal at localhost:4006 ([Failure instance: Traceback (failure with no frames): <class 'twisted.internet.error.ConnectionRefusedError'>: Connection was refused by other side: 61: Connection refused.
]). Retrying.
26-09-14 21:35:03 [-] [ERROR] Could not reach the Portal at localhost:4006 ([Failure instance: Traceback (failure with no frames): <class 'twisted.internet.error.ConnectionRefusedError'>: Connection was refused by other side: 61: Connection refused.
]). Retrying.
26-09-14 21:35:11 [-] [ERROR] Could not reach the Portal at localhost:4006 ([Failure instance: Traceback (failure with no frames): <class 'twisted.internet.error.ConnectionRefusedError'>: Connection was refused by other side: 61: Connection refused.
]). Retrying.
26-09-14 21:35:20 [-] [ERROR] Could not reach the Portal at localhost:4006 ([Failure instance: Traceback (failure with no frames): <class 'twisted.internet.error.ConnectionRefusedError'>: Connection was refused by other side: 61: Connection refused.
]). Retrying.
26-09-14 21:35:31 [-] [ERROR] Could not reach the Portal at localhost:4006 ([Failure instance: Traceback (failure with no frames): <class 'twisted.internet.error.ConnectionRefusedError'>: Connection was refused by other side: 61: Connection refused.
]). Retrying.
26-09-14 21:35:43 [-] [ERROR] Could not reach the Portal at localhost:4006 ([Failure instance: Traceback (failure with no frames): <class 'twisted.internet.error.ConnectionRefusedError'>: Connection was refused by other side: 61: Connection refused.
]). Retrying.
26-09-14 21:35:55 [-] [ERROR] Could not reach the Portal at localhost:4006 ([Failure instance: Traceback (failure with no frames): <class 'twisted.internet.error.ConnectionRefusedError'>: Connection was refused by other side: 61: Connection refused.
]). Retrying.
26-09-14 21:36:06 [-] [ERROR] Could not reach the Portal at localhost:4006 ([Failure instance: Traceback (failure with no frames): <class 'twisted.internet.error.ConnectionRefusedError'>: Connection was refused by other side: 61: Connection refused.
]). Retrying.
26-09-14 21:36:15 [-] [ERROR] Could not reach the Portal at localhost:4006 ([Failure instance: Traceback (failure with no frames): <class 'twisted.internet.error.ConnectionRefusedError'>: Connection was refused by other side: 61: Connection refused.
]). Retrying.
26-09-14 21:36:23 [-] [ERROR] Could not reach the Portal at localhost:4006 ([Failure instance: Traceback (failure with no frames): <class 'twisted.internet.error.ConnectionRefusedError'>: Connection was refused by other side: 61: Connection refused.
]). Retrying.
26-09-14 21:36:34 [-] [ERROR] Could not reach the Portal at localhost:4006 ([Failure instance: Traceback (failure with no frames): <class 'twisted.internet.error.ConnectionRefusedError'>: Connection was refused by other side: 61: Connection refused.
]). Retrying.
26-09-14 21:36:44 [-] [ERROR] Could not reach the Portal at localhost:4006 ([Failure instance: Traceback (failure with no frames): <class 'twisted.internet.error.ConnectionRefusedError'>: Connection was refused by other side: 61: Connection refused.
]). Retrying.
26-09-14 21:36:56 [-] [ERROR] Could not reach the Portal at localhost:4006 ([Failure instance: Traceback (failure with no frames): <class 'twisted.internet.error.ConnectionRefusedError'>: Connection was refused by other side: 61: Connection refused.
]). Retrying.
26-09-14 21:37:05 [-] [ERROR] Could not reach the Portal at localhost:4006 ([Failure instance: Traceback (failure with no frames): <class 'twisted.internet.error.ConnectionRefusedError'>: Connection was refused by other side: 61: Connection refused.
]). Retrying.
26-09-14 21:37:16 [-] [ERROR] Could not reach the Portal at localhost:4006 ([Failure instance: Traceback (failure with no frames): <class 'twisted.internet.error.ConnectionRefusedError'>: Connection was refused by other side: 61: Connection refused.
]). Retrying.
26-09-14 21:37:22 [-] [ERROR] Could not reach the Portal at localhost:4006 ([Failure instance: Traceback (failure with no frames): <class 'twisted.internet.error.ConnectionRefusedError'>: Connection was refused by other side: 61: Connection refused.
]). Retrying.
26-09-14 21:37:31 [-] [ERROR] Could not reach the Portal at localhost:4006 ([Failure instance: Traceback (failure with no frames): <class 'twisted.internet.error.ConnectionRefusedError'>: Connection was refused by other side: 61: Connection refused.
]). Retrying.
26-09-14 21:37:41 [-] [ERROR] Could not reach the Portal at localhost:4006 ([Failure instance: Traceback (failure with no frames): <class 'twisted.internet.error.ConnectionRefusedError'>: Connection was refused by other side: 61: Connection refused.
]). Retrying.
26-09-14 21:37:52 [-] [ERROR] Could not reach the Portal at localhost:4006 ([Failure instance: Traceback (failure with no frames): <class 'twisted.internet.error.ConnectionRefusedError'>: Connection was refused by other side: 61: Connection refused.
]). Retrying.
26-09-14 21:38:02 [-] [ERROR] Could not reach the Portal at localhost:4006 ([Failure instance: Traceback (failure with no frames): <class 'twisted.internet.error.ConnectionRefusedError'>: Connection was refused by other side: 61: Connection refused.
]). Retrying.
26-09-14 21:38:11 [-] [ERROR] Could not reach the Portal at localhost:4006 ([Failure instance: Traceback (failure with no frames): <class 'twisted.internet.error.ConnectionRefusedError'>: Connection was refused by other side: 61: Connection refused.
]). Retrying.
26-09-14 21:38:21 [-] [ERROR] Could not reach the Portal at localhost:4006 ([Failure instance: Traceback (failure with no frames): <class 'twisted.internet.error.ConnectionRefusedError'>: Connection was refused by other side: 61: Connection refused.
]). Retrying.
26-09-14 21:38:32 [-] [ERROR] Could not reach the Portal at localhost:4006 ([Failure instance: Traceback (failure with no frames): <class 'twisted.internet.error.ConnectionRefusedError'>: Connection was refused by other side: 61: Connection refused.
]). Retrying.
26-09-14 21:38:41 [-] [ERROR] Could not reach the Portal at localhost:4006 ([Failure instance: Traceback (failure with no frames): <class 'twisted.internet.error.ConnectionRefusedError'>: Connection was refused by other side: 61: Connection refused.
]). Retrying.
26-09-14 21:38:50 [-] [ERROR] Could not reach the Portal at localhost:4006 ([Failure instance: Traceback (failure with no frames): <class 'twisted.internet.error.ConnectionRefusedError'>: Connection was refused by other side: 61: Connection refused.
]). Retrying.
26-09-14 21:38:59 [-] [ERROR] Could not reach the Portal at localhost:4006 ([Failure instance: Traceback (failure with no frames): <class 'twisted.internet.error.ConnectionRefusedError'>: Connection was refused by other side: 61: Connection refused.
]). Retrying.
26-09-14 21:39:08 [-] [ERROR] Could not reach the Portal at localhost:4006 ([Failure instance: Traceback (failure with no frames): <class 'twisted.internet.error.ConnectionRefusedError'>: Connection was refused by other side: 61: Connection refused.
]). Retrying.
26-09-14 21:39:17 [-] [ERROR] Could not reach the Portal at localhost:4006 ([Failure instance: Traceback (failure with no frames): <class 'twisted.internet.error.ConnectionRefusedError'>: Connection was refused by other side: 61: Connection refused.
]). Retrying.
26-09-14 21:39:28 [-] [ERROR] Could not reach the Portal at localhost:4006 ([Failure instance: Traceback (failure with no frames): <class 'twisted.internet.error.ConnectionRefusedError'>: Connection was refused by other side: 61: Connection refused.
]). Retrying.
26-09-14 21:39:38 [-] [ERROR] Could not reach the Portal at localhost:4006 ([Failure instance: Traceback (failure with no frames): <class 'twisted.internet.error.ConnectionRefusedError'>: Connection was refused by other side: 61: Connection refused.
]). Retrying.
26-09-14 21:39:47 [-] [ERROR] Could not reach the Portal at localhost:4006 ([Failure instance: Traceback (failure with no frames): <class 'twisted.internet.error.ConnectionRefusedError'>: Connection was refused by other side: 61: Connection refused.
]). Retrying.
26-09-14 21:39:56 [-] [ERROR] Could not reach the Portal at localhost:4006 ([Failure instance: Traceback (failure with no frames): <class 'twisted.internet.error.ConnectionRefusedError'>: Connection was refused by other side: 61: Connection refused.
]). Retrying.
26-09-14 21:40:06 [-] [ERROR] Could not reach the Portal at localhost:4006 ([Failure instance: Traceback (failure with no frames): <class 'twisted.internet.error.ConnectionRefusedError'>: Connection was refused by other side: 61: Connection refused.
]). Retrying.
26-09-14 21:40:17 [-] [ERROR] Could not reach the Portal at localhost:4006 ([Failure instance: Traceback (failure with no frames): <class 'twisted.internet.error.ConnectionRefusedError'>: Connection was refused by other side: 61: Connection refused.
]). Retrying.
26-09-14 21:40:29 [-] [ERROR] Could not reach the Portal at localhost:4006 ([Failure instance: Traceback (failure with no frames): <class 'twisted.internet.error.ConnectionRefusedError'>: Connection was refused by other side: 61: Connection refused.
]). Retrying.
26-09-14 21:40:40 [-] [ERROR] Could not reach the Portal at localhost:4006 ([Failure instance: Traceback (failure with no frames): <class 'twisted.internet.error.ConnectionRefusedError'>: Connection was refused by other side: 61: Connection refused.
]). Retrying.
26-09-14 21:40:50 [-] [ERROR] Could not reach the Portal at localhost:4006 ([Failure instance: Traceback (failure with no frames): <class 'twisted.internet.error.ConnectionRefusedError'>: Connection was refused by other side: 61: Connection refused.
]). Retrying.
26-09-14 21:41:01 [-] [ERROR] Could not reach the Portal at localhost:4006 ([Failure instance: Traceback (failure with no frames): <class 'twisted.internet.error.ConnectionRefusedError'>: Connection was refused by other side: 61: Connection refused.
]). Retrying.
26-09-14 21:41:11 [-] [ERROR] Could not reach the Portal at localhost:4006 ([Failure instance: Traceback (failure with no frames): <class 'twisted.internet.error.ConnectionRefusedError'>: Connection was refused by other side: 61: Connection refused.
]). Retrying.
26-09-14 21:41:22 [-] [ERROR] Could not reach the Portal at localhost:4006 ([Failure instance: Traceback (failure with no frames): <class 'twisted.internet.error.ConnectionRefusedError'>: Connection was refused by other side: 61: Connection refused.
]). Retrying.
26-09-14 21:41:32 [-] [ERROR] Could not reach the Portal at localhost:4006 ([Failure instance: Traceback (failure with no frames): <class 'twisted.internet.error.ConnectionRefusedError'>: Connection was refused by other side: 61: Connection refused.
]). Retrying.
26-09-14 21:41:40 [-] [ERROR] Could not reach the Portal at localhost:4006 ([Failure instance: Traceback (failure with no frames): <class 'twisted.internet.error.ConnectionRefusedError'>: Connection was refused by other side: 61: Connection refused.
]). Retrying.
26-09-14 21:41:49 [-] [ERROR] Could not reach the Portal at localhost:4006 ([Failure instance: Traceback (failure with no frames): <class 'twisted.internet.error.ConnectionRefusedError'>: Connection was refused by other side: 61: Connection refused.
]). Retrying.
26-09-14 21:41:57 [-] [ERROR] Could not reach the Portal at localhost:4006 ([Failure instance: Traceback (failure with no frames): <class 'twisted.internet.error.ConnectionRefusedError'>: Connection was refused by other side: 61: Connection refused.
]). Retrying.
26-09-14 21:42:07 [-] [ERROR] Could not reach the Portal at localhost:4006 ([Failure instance: Traceback (failure with no frames): <class 'twisted.internet.error.ConnectionRefusedError'>: Connection was refused by other side: 61: Connection refused.
]). Retrying.
26-09-14 21:42:17 [-] [ERROR] Could not reach the Portal at localhost:4006 ([Failure instance: Traceback (failure with no frames): <class 'twisted.internet.error.ConnectionRefusedError'>: Connection was refused by other side: 61: Connection refused.
]). Retrying.
26-09-14 21:42:26 [-] [ERROR] Could not reach the Portal at localhost:4006 ([Failure instance: Traceback (failure with no frames): <class 'twisted.internet.error.ConnectionRefusedError'>: Connection was refused by other side: 61: Connection refused.
]). Retrying.
26-09-14 21:42:37 [-] [ERROR] Could not reach the Portal at localhost:4006 ([Failure instance: Traceback (failure with no frames): <class 'twisted.internet.error.ConnectionRefusedError'>: Connection was refused by other side: 61: Connection refused.
]). Retrying.
26-09-14 21:42:49 [-] [ERROR] Could not reach the Portal at localhost:4006 ([Failure instance: Traceback (failure with no frames): <class 'twisted.internet.error.ConnectionRefusedError'>: Connection was refused by other side: 61: Connection refused.
]). Retrying.
26-09-14 21:43:00 [-] [ERROR] Could not reach the Portal at localhost:4006 ([Failure instance: Traceback (failure with no frames): <class 'twisted.internet.error.ConnectionRefusedError'>: Connection was refused by other side: 61: Connection refused.
]). Retrying.
26-09-14 21:43:09 [-] [ERROR] Could not reach the Portal at localhost:4006 ([Failure instance: Traceback (failure with no frames): <class 'twisted.internet.error.ConnectionRefusedError'>: Connection was refused by other side: 61: Connection refused.
]). Retrying.
26-09-14 21:43:16 [-] [ERROR] Could not reach the Portal at localhost:4006 ([Failure instance: Traceback (failure with no frames): <class 'twisted.internet.error.ConnectionRefusedError'>: Connection was refused by other side: 61: Connection refused.
]). Retrying.
26-09-14 21:43:26 [-] [ERROR] Could not reach the Portal at localhost:4006 ([Failure instance: Traceback (failure with no frames): <class 'twisted.internet.error.ConnectionRefusedError'>: Connection was refused by other side: 61: Connection refused.
]). Retrying.
26-09-14 21:43:39 [-] [ERROR] Could not reach the Portal at localhost:4006 ([Failure instance: Traceback (failure with no frames): <class 'twisted.internet.error.ConnectionRefusedError'>: Connection was refused by other side: 61: Connection refused.
]). Retrying.
26-09-14 21:43:48 [-] [ERROR] Could not reach the Portal at localhost:4006 ([Failure instance: Traceback (failure with no frames): <class 'twisted.internet.error.ConnectionRefusedError'>: Connection was refused by other side: 61: Connection refused.
]). Retrying.
26-09-14 21:43:57 [-] [ERROR] Could not reach the Portal at localhost:4006 ([Failure instance: Traceback (failure with no frames): <class 'twisted.internet.error.ConnectionRefusedError'>: Connection was refused by other side: 61: Connection refused.
]). Retrying.
26-09-14 21:44:04 [-] [ERROR] Could not reach the Portal at localhost:4006 ([Failure instance: Traceback (failure with no frames): <class 'twisted.internet.error.ConnectionRefusedError'>: Connection was refused by other side: 61: Connection refused.
]). Retrying.
26-09-14 21:44:14 [-] [ERROR] Could not reach the Portal at localhost:4006 ([Failure instance: Traceback (failure with no frames): <class 'twisted.internet.error.ConnectionRefusedError'>: Connection was refused by other side: 61: Connection refused.
]). Retrying.
26-09-14 21:44:24 [-] [ERROR] Could not reach the Portal at localhost:4006 ([Failure instance: Traceback (failure with no frames): <class 'twisted.internet.error.ConnectionRefusedError'>: Connection was refused by other side: 61: Connection refused.
]). Retrying.
26-09-14 21:44:35 [-] [ERROR] Could not reach the Portal at localhost:4006 ([Failure instance: Traceback (failure with no frames): <class 'twisted.internet.error.ConnectionRefusedError'>: Connection was refused by other side: 61: Connection refused.
]). Retrying.
26-09-14 21:44:46 [-] [ERROR] Could not reach the Portal at localhost:4006 ([Failure instance: Traceback (failure with no frames): <class 'twisted.internet.error.ConnectionRefusedError'>: Connection was refused by other side: 61: Connection refused.
]). Retrying.
26-09-14 21:44:55 [-] [ERROR] Could not reach the Portal at localhost:4006 ([Failure instance: Traceback (failure with no frames): <class 'twisted.internet.error.ConnectionRefusedError'>: Connection was refused by other side: 61: Connection refused.
]). Retrying.
26-09-14 21:45:04 [-] [ERROR] Could not reach the Portal at localhost:4006 ([Failure instance: Traceback (failure with no frames): <class 'twisted.internet.error.ConnectionRefusedError'>: Connection was refused by other side: 61: Connection refused.
]). Retrying.
26-09-14 21:45:14 [-] [ERROR] Could not reach the Portal at localhost:4006 ([Failure instance: Traceback (failure with no frames): <class 'twisted.internet.error.ConnectionRefusedError'>: Connection was refused by other side: 61: Connection refused.
]). Retrying.
26-09-14 21:45:23 [-] [ERROR] Could not reach the Portal at localhost:4006 ([Failure instance: Traceback (failure with no frames): <class 'twisted.internet.error.ConnectionRefusedError'>: Connection was refused by other side: 61: Connection refused.
]). Retrying.
26-09-14 21:45:34 [-] [ERROR] Could not reach the Portal at localhost:4006 ([Failure instance: Traceback (failure with no frames): <class 'twisted.internet.error.ConnectionRefusedError'>: Connection was refused by other side: 61: Connection refused.
]). Retrying.
26-09-14 21:45:45 [-] [ERROR] Could not reach the Portal at localhost:4006 ([Failure instance: Traceback (failure with no frames): <class 'twisted.internet.error.ConnectionRefusedError'>: Connection was refused by other side: 61: Connection refused.
]). Retrying.
26-09-14 21:45:53 [-] [ERROR] Could not reach the Portal at localhost:4006 ([Failure instance: Traceback (failure with no frames): <class 'twisted.internet.error.ConnectionRefusedError'>: Connection was refused by other side: 61: Connection refused.
]). Retrying.
26-09-14 21:46:04 [-] [ERROR] Could not reach the Portal at localhost:4006 ([Failure instance: Traceback (failure with no frames): <class 'twisted.internet.error.ConnectionRefusedError'>: Connection was refused by other side: 61: Connection refused.
]). Retrying.
26-09-14 21:46:12 [-] [ERROR] Could not reach the Portal at localhost:4006 ([Failure instance: Traceback (failure with no frames): <class 'twisted.internet.error.ConnectionRefusedError'>: Connection was refused by other side: 61: Connection refused.
]). Retrying.
26-09-14 21:46:23 [-] [ERROR] Could not reach the Portal at localhost:4006 ([Failure instance: Traceback (failure with no frames): <class 'twisted.internet.error.ConnectionRefusedError'>: Connection was refused by other side: 61: Connection refused.
]). Retrying.
26-09-14 21:46:33 [-] [ERROR] Could not reach the Portal at localhost:4006 ([Failure instance: Traceback (failure with no frames): <class 'twisted.internet.error.ConnectionRefusedError'>: Connection was refused by other side: 61: Connection refused.
]). Retrying.
26-09-14 21:46:42 [-] [ERROR] Could not reach the Portal at localhost:4006 ([Failure instance: Traceback (failure with no frames): <class 'twisted.internet.error.ConnectionRefusedError'>: Connection was refused by other side: 61: Connection refused.
]). Retrying.
26-09-14 21:46:51 [-] [ERROR] Could not reach the Portal at localhost:4006 ([Failure instance: Traceback (failure with no frames): <class 'twisted.internet.error.ConnectionRefusedError'>: Connection was refused by other side: 61: Connection refused.
]). Retrying.
26-09-14 21:47:00 [-] [ERROR] Could not reach the Portal at localhost:4006 ([Failure instance: Traceback (failure with no frames): <class 'twisted.internet.error.ConnectionRefusedError'>: Connection was refused by other side: 61: Connection refused.
]). Retrying.
26-09-14 21:47:10 [-] [ERROR] Could not reach the Portal at localhost:4006 ([Failure instance: Traceback (failure with no frames): <class 'twisted.internet.error.ConnectionRefusedError'>: Connection was refused by other side: 61: Connection refused.
]). Retrying.
26-09-14 21:47:21 [-] [ERROR] Could not reach the Portal at localhost:4006 ([Failure instance: Traceback (failure with no frames): <class 'twisted.internet.error.ConnectionRefusedError'>: Connection was refused by other side: 61: Connection refused.
]). Retrying.
26-09-14 21:47:32 [-] [ERROR] Could not reach the Portal at localhost:4006 ([Failure instance: Traceback (failure with no frames): <class 'twisted.internet.error.ConnectionRefusedError'>: Connection was refused by other side: 61: Connection refused.
]). Retrying.
26-09-14 21:47:44 [-] [ERROR] Could not reach the Portal at localhost:4006 ([Failure instance: Traceback (failure with no frames): <class 'twisted.internet.error.ConnectionRefusedError'>: Connection was refused by other side: 61: Connection refused.
]). Retrying.
26-09-14 21:47:55 [-] [ERROR] Could not reach the Portal at localhost:4006 ([Failure instance: Traceback (failure with no frames): <class 'twisted.internet.error.ConnectionRefusedError'>: Connection was refused by other side: 61: Connection refused.
]). Retrying.
26-09-14 21:48:05 [-] [ERROR] Could not reach the Portal at localhost:4006 ([Failure instance: Traceback (failure with no frames): <class 'twisted.internet.error.ConnectionRefusedError'>: Connection was refused by other side: 61: Connection refused.
]). Retrying.
26-09-14 21:48:13 [-] [ERROR] Could not reach the Portal at localhost:4006 ([Failure instance: Traceback (failure with no frames): <class 'twisted.internet.error.ConnectionRefusedError'>: Connection was refused by other side: 61: Connection refused.
]). Retrying.
26-09-14 21:48:21 [-] [ERROR] Could not reach the Portal at localhost:4006 ([Failure instance: Traceback (failure with no frames): <class 'twisted.internet.error.ConnectionRefusedError'>: Connection was refused by other side: 61: Connection refused.
]). Retrying.
26-09-14 21:48:32 [-] [ERROR] Could not reach the Portal at localhost:4006 ([Failure instance: Traceback (failure with no frames): <class 'twisted.internet.error.ConnectionRefusedError'>: Connection was refused by other side: 61: Connection refused.
]). Retrying.
26-09-14 21:48:44 [-] [ERROR] Could not reach the Portal at localhost:4006 ([Failure instance: Traceback (failure with no frames): <class 'twisted.internet.error.ConnectionRefusedError'>: Connection was refused by other side: 61: Connection refused.
]). Retrying.
26-09-14 21:48:55 [-] [ERROR] Could not reach the Portal at localhost:4006 ([Failure instance: Traceback (failure with no frames): <class 'twisted.internet.error.ConnectionRefusedError'>: Connection was refused by other side: 61: Connection refused.
]). Retrying.
26-09-14 21:49:03 [-] [ERROR] Could not reach the Portal at localhost:4006 ([Failure instance: Traceback (failure with no frames): <class 'twisted.internet.error.ConnectionRefusedError'>: Connection was refused by other side: 61: Connection refused.
]). Retrying.
26-09-14 21:49:13 [-] [ERROR] Could not reach the Portal at localhost:4006 ([Failure instance: Traceback (failure with no frames): <class 'twisted.internet.error.ConnectionRefusedError'>: Connection was refused by other side: 61: Connection refused.
]). Retrying.
26-09-14 21:49:23 [-] [ERROR] Could not reach the Portal at localhost:4006 ([Failure instance: Traceback (failure with no frames): <class 'twisted.internet.error.ConnectionRefusedError'>: Connection was refused by other side: 61: Connection refused.
]). Retrying.
26-09-14 21:49:33 [-] [ERROR] Could not reach the Portal at localhost:4006 ([Failure instance: Traceback (failure with no frames): <class 'twisted.internet.error.ConnectionRefusedError'>: Connection was refused by other side: 61: Connection refused.
]). Retrying.
26-09-14 21:49:42 [-] [ERROR] Could not reach the Portal at localhost:4006 ([Failure instance: Traceback (failure with no frames): <class 'twisted.internet.error.ConnectionRefusedError'>: Connection was refused by other side: 61: Connection refused.
]). Retrying.
26-09-14 21:49:55 [-] [ERROR] Could not reach the Portal at localhost:4006 ([Failure instance: Traceback (failure with no frames): <class 'twisted.internet.error.ConnectionRefusedError'>: Connection was refused by other side: 61: Connection refused.
]). Retrying.
26-09-14 21:50:08 [-] [ERROR] Could not reach the Portal at localhost:4006 ([Failure instance: Traceback (failure with no frames): <class 'twisted.internet.error.ConnectionRefusedError'>: Connection was refused by other side: 61: Connection refused.
]). Retrying.
26-09-14 21:50:17 [-] [ERROR] Could not reach the Portal at localhost:4006 ([Failure instance: Traceback (failure with no frames): <class 'twisted.internet.error.ConnectionRefusedError'>: Connection was refused by other side: 61: Connection refused.
]). Retrying.
26-09-14 21:50:27 [-] [ERROR] Could not reach the Portal at localhost:4006 ([Failure instance: Traceback (failure with no frames): <class 'twisted.internet.error.ConnectionRefusedError'>: Connection was refused by other side: 61: Connection refused.
]). Retrying.
26-09-14 21:50:39 [-] [ERROR] Could not reach the Portal at localhost:4006 ([Failure instance: Traceback (failure with no frames): <class 'twisted.internet.error.ConnectionRefusedError'>: Connection was refused by other side: 61: Connection refused.
]). Retrying.
26-09-14 21:50:48 [-] [ERROR] Could not reach the Portal at localhost:4006 ([Failure instance: Traceback (failure with no frames): <class 'twisted.internet.error.ConnectionRefusedError'>: Connection was refused by other side: 61: Connection refused.
]). Retrying.
26-09-14 21:50:58 [-] [ERROR] Could not reach the Portal at localhost:4006 ([Failure instance: Traceback (failure with no frames): <class 'twisted.internet.error.ConnectionRefusedError'>: Connection was refused by other side: 61: Connection refused.
]). Retrying.
26-09-14 21:51:07 [-] [ERROR] Could not reach the Portal at localhost:4006 ([Failure instance: Traceback (failure with no frames): <class 'twisted.internet.error.ConnectionRefusedError'>: Connection was refused by other side: 61: Connection refused.
]). Retrying.
26-09-14 21:51:16 [-] [ERROR] Could not reach the Portal at localhost:4006 ([Failure instance: Traceback (failure with no frames): <class 'twisted.internet.error.ConnectionRefusedError'>: Connection was refused by other side: 61: Connection refused.
]). Retrying.
26-09-14 21:51:29 [-] [ERROR] Could not reach the Portal at localhost:4006 ([Failure instance: Traceback (failure with no frames): <class 'twisted.internet.error.ConnectionRefusedError'>: Connection was refused by other side: 61: Connection refused.
]). Retrying.
26-09-14 21:51:40 [-] [ERROR] Could not reach the Portal at localhost:4006 ([Failure instance: Traceback (failure with no frames): <class 'twisted.internet.error.ConnectionRefusedError'>: Connection was refused by other side: 61: Connection refused.
]). Retrying.
26-09-14 21:51:50 [-] [ERROR] Could not reach the Portal at localhost:4006 ([Failure instance: Traceback (failure with no frames): <class 'twisted.internet.error.ConnectionRefusedError'>: Connection was refused by other side: 61: Connection refused.
]). Retrying.
26-09-14 21:52:02 [-] [ERROR] Could not reach the Portal at localhost:4006 ([Failure instance: Traceback (failure with no frames): <class 'twisted.internet.error.ConnectionRefusedError'>: Connection was refused by other side: 61: Connection refused.
]). Retrying.
26-09-14 21:52:13 [-] [ERROR] Could not reach the Portal at localhost:4006 ([Failure instance: Traceback (failure with no frames): <class 'twisted.internet.error.ConnectionRefusedError'>: Connection was refused by other side: 61: Connection refused.
]). Retrying.
26-09-14 21:52:24 [-] [ERROR] Could not reach the Portal at localhost:4006 ([Failure instance: Traceback (failure with no frames): <class 'twisted.internet.error.ConnectionRefusedError'>: Connection was refused by other side: 61: Connection refused.
]). Retrying.
26-09-14 21:52:30 [-] [ERROR] Could not reach the Portal at localhost:4006 ([Failure instance: Traceback (failure with no frames): <class 'twisted.internet.error.ConnectionRefusedError'>: Connection was refused by other side: 61: Connection refused.
]). Retrying.
26-09-14 21:52:38 [-] [ERROR] Could not reach the Portal at localhost:4006 ([Failure instance: Traceback (failure with no frames): <class 'twisted.internet.error.ConnectionRefusedError'>: Connection was refused by other side: 61: Connection refused.
]). Retrying.
26-09-14 21:52:49 [-] [ERROR] Could not reach the Portal at localhost:4006 ([Failure instance: Traceback (failure with no frames): <class 'twisted.internet.error.ConnectionRefusedError'>: Connection was refused by other side: 61: Connection refused.
]). Retrying.
26-09-14 21:52:57 [-] [ERROR] Could not reach the Portal at localhost:4006 ([Failure instance: Traceback (failure with no frames): <class 'twisted.internet.error.ConnectionRefusedError'>: Connection was refused by other side: 61: Connection refused.
]). Retrying.
26-09-14 21:53:08 [-] [ERROR] Could not reach the Portal at localhost:4006 ([Failure instance: Traceback (failure with no frames): <class 'twisted.internet.error.ConnectionRefusedError'>: Connection was refused by other side: 61: Connection refused.
]). Retrying.
26-09-14 21:53:18 [-] [ERROR] Could not reach the Portal at localhost:4006 ([Failure instance: Traceback (failure with no frames): <class 'twisted.internet.error.ConnectionRefusedError'>: Connection was refused by other side: 61: Connection refused.
]). Retrying.
26-09-14 21:53:27 [-] [ERROR] Could not reach the Portal at localhost:4006 ([Failure instance: Traceback (failure with no frames): <class 'twisted.internet.error.ConnectionRefusedError'>: Connection was refused by other side: 61: Connection refused.
]). Retrying.
26-09-14 21:53:37 [-] [ERROR] Could not reach the Portal at localhost:4006 ([Failure instance: Traceback (failure with no frames): <class 'twisted.internet.error.ConnectionRefusedError'>: Connection was refused by other side: 61: Connection refused.
]). Retrying.
26-09-14 21:53:47 [-] [ERROR] Could not reach the Portal at localhost:4006 ([Failure instance: Traceback (failure with no frames): <class 'twisted.internet.error.ConnectionRefusedError'>: Connection was refused by other side: 61: Connection refused.
]). Retrying.
26-09-14 21:53:58 [-] [ERROR] Could not reach the Portal at localhost:4006 ([Failure instance: Traceback (failure with no frames): <class 'twisted.internet.error.ConnectionRefusedError'>: Connection was refused by other side: 61: Connection refused.
]). Retrying.
26-09-14 21:54:07 [-] [ERROR] Could not reach the Portal at localhost:4006 ([Failure instance: Traceback (failure with no frames): <class 'twisted.internet.error.ConnectionRefusedError'>: Connection was refused by other side: 61: Connection refused.
]). Retrying.
26-09-14 21:54:15 [-] [ERROR] Could not reach the Portal at localhost:4006 ([Failure instance: Traceback (failure with no frames): <class 'twisted.internet.error.ConnectionRefusedError'>: Connection was refused by other side: 61: Connection refused.
]). Retrying.
26-09-14 21:54:23 [-] [ERROR] Could not reach the Portal at localhost:4006 ([Failure instance: Traceback (failure with no frames): <class 'twisted.internet.error.ConnectionRefusedError'>: Connection was refused by other side: 61: Connection refused.
]). Retrying.
26-09-14 21:54:33 [-] [ERROR] Could not reach the Portal at localhost:4006 ([Failure instance: Traceback (failure with no frames): <class 'twisted.internet.error.ConnectionRefusedError'>: Connection was refused by other side: 61: Connection refused.
]). Retrying.
26-09-14 21:54:44 [-] [ERROR] Could not reach the Portal at localhost:4006 ([Failure instance: Traceback (failure with no frames): <class 'twisted.internet.error.ConnectionRefusedError'>: Connection was refused by other side: 61: Connection refused.
]). Retrying.
26-09-14 21:54:53 [-] [ERROR] Could not reach the Portal at localhost:4006 ([Failure instance: Traceback (failure with no frames): <class 'twisted.internet.error.ConnectionRefusedError'>: Connection was refused by other side: 61: Connection refused.
]). Retrying.
26-09-14 21:55:04 [-] [ERROR] Could not reach the Portal at localhost:4006 ([Failure instance: Traceback (failure with no frames): <class 'twisted.internet.error.ConnectionRefusedError'>: Connection was refused by other side: 61: Connection refused.
]). Retrying.
26-09-14 21:55:14 [-] [ERROR] Could not reach the Portal at localhost:4006 ([Failure instance: Traceback (failure with no frames): <class 'twisted.internet.error.ConnectionRefusedError'>: Connection was refused by other side: 61: Connection refused.
]). Retrying.
26-09-14 21:55:22 [-] [ERROR] Could not reach the Portal at localhost:4006 ([Failure instance: Traceback (failure with no frames): <class 'twisted.internet.error.ConnectionRefusedError'>: Connection was refused by other side: 61: Connection refused.
]). Retrying.
26-09-14 21:55:32 [-] [ERROR] Could not reach the Portal at localhost:4006 ([Failure instance: Traceback (failure with no frames): <class 'twisted.internet.error.ConnectionRefusedError'>: Connection was refused by other side: 61: Connection refused.
]). Retrying.
26-09-14 21:55:43 [-] [ERROR] Could not reach the Portal at localhost:4006 ([Failure instance: Traceback (failure with no frames): <class 'twisted.internet.error.ConnectionRefusedError'>: Connection was refused by other side: 61: Connection refused.
]). Retrying.
26-09-14 21:55:54 [-] [ERROR] Could not reach the Portal at localhost:4006 ([Failure instance: Traceback (failure with no frames): <class 'twisted.internet.error.ConnectionRefusedError'>: Connection was refused by other side: 61: Connection refused.
]). Retrying.
26-09-14 21:56:05 [-] [ERROR] Could not reach the Portal at localhost:4006 ([Failure instance: Traceback (failure with no frames): <class 'twisted.internet.error.ConnectionRefusedError'>: Connection was refused by other side: 61: Connection refused.
]). Retrying.
26-09-14 21:56:14 [-] [ERROR] Could not reach the Portal at localhost:4006 ([Failure instance: Traceback (failure with no frames): <class 'twisted.internet.error.ConnectionRefusedError'>: Connection was refused by other side: 61: Connection refused.
]). Retrying.
26-09-14 21:56:23 [-] [ERROR] Could not reach the Portal at localhost:4006 ([Failure instance: Traceback (failure with no frames): <class 'twisted.internet.error.ConnectionRefusedError'>: Connection was refused by other side: 61: Connection refused.
]). Retrying.
26-09-14 21:56:33 [-] [ERROR] Could not reach the Portal at localhost:4006 ([Failure instance: Traceback (failure with no frames): <class 'twisted.internet.error.ConnectionRefusedError'>: Connection was refused by other side: 61: Connection refused.
]). Retrying.
26-09-14 21:56:42 [-] [ERROR] Could not reach the Portal at localhost:4006 ([Failure instance: Traceback (failure with no frames): <class 'twisted.internet.error.ConnectionRefusedError'>: Connection was refused by other side: 61: Connection refused.
]). Retrying.
26-09-14 21:56:51 [-] [ERROR] Could not reach the Portal at localhost:4006 ([Failure instance: Traceback (failure with no frames): <class 'twisted.internet.error.ConnectionRefusedError'>: Connection was refused by other side: 61: Connection refused.
]). Retrying.
26-09-14 21:57:03 [-] [ERROR] Could not reach the Portal at localhost:4006 ([Failure instance: Traceback (failure with no frames): <class 'twisted.internet.error.ConnectionRefusedError'>: Connection was refused by other side: 61: Connection refused.
]). Retrying.
26-09-14 21:57:13 [-] [ERROR] Could not reach the Portal at localhost:4006 ([Failure instance: Traceback (failure with no frames): <class 'twisted.internet.error.ConnectionRefusedError'>: Connection was refused by other side: 61: Connection refused.
]). Retrying.
26-09-14 21:57:25 [-] [ERROR] Could not reach the Portal at localhost:4006 ([Failure instance: Traceback (failure with no frames): <class 'twisted.internet.error.ConnectionRefusedError'>: Connection was refused by other side: 61: Connection refused.
]). Retrying.
26-09-14 21:57:33 [-] [ERROR] Could not reach the Portal at localhost:4006 ([Failure instance: Traceback (failure with no frames): <class 'twisted.internet.error.ConnectionRefusedError'>: Connection was refused by other side: 61: Connection refused.
]). Retrying.
26-09-14 21:57:44 [-] [ERROR] Could not reach the Portal at localhost:4006 ([Failure instance: Traceback (failure with no frames): <class 'twisted.internet.error.ConnectionRefusedError'>: Connection was refused by other side: 61: Connection refused.
]). Retrying.
26-09-14 21:57:53 [-] [ERROR] Could not reach the Portal at localhost:4006 ([Failure instance: Traceback (failure with no frames): <class 'twisted.internet.error.ConnectionRefusedError'>: Connection was refused by other side: 61: Connection refused.
]). Retrying.
26-09-14 21:58:04 [-] [ERROR] Could not reach the Portal at localhost:4006 ([Failure instance: Traceback (failure with no frames): <class 'twisted.internet.error.ConnectionRefusedError'>: Connection was refused by other side: 61: Connection refused.
]). Retrying.
26-09-14 21:58:12 [-] [ERROR] Could not reach the Portal at localhost:4006 ([Failure instance: Traceback (failure with no frames): <class 'twisted.internet.error.ConnectionRefusedError'>: Connection was refused by other side: 61: Connection refused.
]). Retrying.
26-09-14 21:58:23 [-] [ERROR] Could not reach the Portal at localhost:4006 ([Failure instance: Traceback (failure with no frames): <class 'twisted.internet.error.ConnectionRefusedError'>: Connection was refused by other side: 61: Connection refused.
]). Retrying.
26-09-14 21:58:33 [-] [ERROR] Could not reach the Portal at localhost:4006 ([Failure instance: Traceback (failure with no frames): <class 'twisted.internet.error.ConnectionRefusedError'>: Connection was refused by other side: 61: Connection refused.
]). Retrying.
26-09-14 21:58:44 [-] [ERROR] Could not reach the Portal at localhost:4006 ([Failure instance: Traceback (failure with no frames): <class 'twisted.internet.error.ConnectionRefusedError'>: Connection was refused by other side: 61: Connection refused.
]). Retrying.
26-09-14 21:58:54 [-] [ERROR] Could not reach the Portal at localhost:4006 ([Failure instance: Traceback (failure with no frames): <class 'twisted.internet.error.ConnectionRefusedError'>: Connection was refused by other side: 61: Connection refused.
]). Retrying.
26-09-14 21:59:04 [-] [ERROR] Could not reach the Portal at localhost:4006 ([Failure instance: Traceback (failure with no frames): <class 'twisted.internet.error.ConnectionRefusedError'>: Connection was refused by other side: 61: Connection refused.
]). Retrying.
26-09-14 21:59:12 [-] [ERROR] Could not reach the Portal at localhost:4006 ([Failure instance: Traceback (failure with no frames): <class 'twisted.internet.error.ConnectionRefusedError'>: Connection was refused by other side: 61: Connection refused.
]). Retrying.
26-09-14 21:59:23 [-] [ERROR] Could not reach the Portal at localhost:4006 ([Failure instance: Traceback (failure with no frames): <class 'twisted.internet.error.ConnectionRefusedError'>: Connection was refused by other side: 61: Connection refused.
]). Retrying.
26-09-14 21:59:34 [-] [ERROR] Could not reach the Portal at localhost:4006 ([Failure instance: Traceback (failure with no frames): <class 'twisted.internet.error.ConnectionRefusedError'>: Connection was refused by other side: 61: Connection refused.
]). Retrying.
26-09-14 21:59:44 [-] [ERROR] Could not reach the Portal at localhost:4006 ([Failure instance: Traceback (failure with no frames): <class 'twisted.internet.error.ConnectionRefusedError'>: Connection was refused by other side: 61: Connection refused.
]). Retrying.
26-09-14 21:59:54 [-] [ERROR] Could not reach the Portal at localhost:4006 ([Failure instance: Traceback (failure with no frames): <class 'twisted.internet.error.ConnectionRefusedError'>: Connection was refused by other side: 61: Connection refused.
]). Retrying.
26-09-14 22:00:05 [-] [ERROR] Could not reach the Portal at localhost:4006 ([Failure instance: Traceback (failure with no frames): <class 'twisted.internet.error.ConnectionRefusedError'>: Connection was refused by other side: 61: Connection refused.
]). Retrying.
26-09-14 22:00:15 [-] [ERROR] Could not reach the Portal at localhost:4006 ([Failure instance: Traceback (failure with no frames): <class 'twisted.internet.error.ConnectionRefusedError'>: Connection was refused by other side: 61: Connection refused.
]). Retrying.
26-09-14 22:00:24 [-] [ERROR] Could not reach the Portal at localhost:4006 ([Failure instance: Traceback (failure with no frames): <class 'twisted.internet.error.ConnectionRefusedError'>: Connection was refused by other side: 61: Connection refused.
]). Retrying.
26-09-14 22:00:34 [-] [ERROR] Could not reach the Portal at localhost:4006 ([Failure instance: Traceback (failure with no frames): <class 'twisted.internet.error.ConnectionRefusedError'>: Connection was refused by other side: 61: Connection refused.
]). Retrying.
26-09-14 22:00:45 [-] [ERROR] Could not reach the Portal at localhost:4006 ([Failure instance: Traceback (failure with no frames): <class 'twisted.internet.error.ConnectionRefusedError'>: Connection was refused by other side: 61: Connection refused.
]). Retrying.
26-09-14 22:00:56 [-] [ERROR] Could not reach the Portal at localhost:4006 ([Failure instance: Traceback (failure with no frames): <class 'twisted.internet.error.ConnectionRefusedError'>: Connection was refused by other side: 61: Connection refused.
]). Retrying.
26-09-14 22:01:05 [-] [ERROR] Could not reach the Portal at localhost:4006 ([Failure instance: Traceback (failure with no frames): <class 'twisted.internet.error.ConnectionRefusedError'>: Connection was refused by other side: 61: Connection refused.
]). Retrying.
26-09-14 22:01:15 [-] [ERROR] Could not reach the Portal at localhost:4006 ([Failure instance: Traceback (failure with no frames): <class 'twisted.internet.error.ConnectionRefusedError'>: Connection was refused by other side: 61: Connection refused.
]). Retrying.
26-09-14 22:01:26 [-] [ERROR] Could not reach the Portal at localhost:4006 ([Failure instance: Traceback (failure with no frames): <class 'twisted.internet.error.ConnectionRefusedError'>: Connection was refused by other side: 61: Connection refused.
]). Retrying.
26-09-14 22:01:36 [-] [ERROR] Could not reach the Portal at localhost:4006 ([Failure instance: Traceback (failure with no frames): <class 'twisted.internet.error.ConnectionRefusedError'>: Connection was refused by other side: 61: Connection refused.
]). Retrying.
26-09-14 22:01:47 [-] [ERROR] Could not reach the Portal at localhost:4006 ([Failure instance: Traceback (failure with no frames): <class 'twisted.internet.error.ConnectionRefusedError'>: Connection was refused by other side: 61: Connection refused.
]). Retrying.
26-09-14 22:01:58 [-] [ERROR] Could not reach the Portal at localhost:4006 ([Failure instance: Traceback (failure with no frames): <class 'twisted.internet.error.ConnectionRefusedError'>: Connection was refused by other side: 61: Connection refused.
]). Retrying.
26-09-14 22:02:07 [-] [ERROR] Could not reach the Portal at localhost:4006 ([Failure instance: Traceback (failure with no frames): <class 'twisted.internet.error.ConnectionRefusedError'>: Connection was refused by other side: 61: Connection refused.
]). Retrying.
26-09-14 22:02:17 [-] [ERROR] Could not reach the Portal at localhost:4006 ([Failure instance: Traceback (failure with no frames): <class 'twisted.internet.error.ConnectionRefusedError'>: Connection was refused by other side: 61: Connection refused.
]). Retrying.
26-09-14 22:02:28 [-] [ERROR] Could not reach the Portal at localhost:4006 ([Failure instance: Traceback (failure with no frames): <class 'twisted.internet.error.ConnectionRefusedError'>: Connection was refused by other side: 61: Connection refused.
]). Retrying.
26-09-14 22:02:37 [-] [ERROR] Could not reach the Portal at localhost:4006 ([Failure instance: Traceback (failure with no frames): <class 'twisted.internet.error.ConnectionRefusedError'>: Connection was refused by other side: 61: Connection refused.
]). Retrying.
26-09-14 22:02:49 [-] [ERROR] Could not reach the Portal at localhost:4006 ([Failure instance: Traceback (failure with no frames): <class 'twisted.internet.error.ConnectionRefusedError'>: Connection was refused by other side: 61: Connection refused.
]). Retrying.
26-09-14 22:02:59 [-] [ERROR] Could not reach the Portal at localhost:4006 ([Failure instance: Traceback (failure with no frames): <class 'twisted.internet.error.ConnectionRefusedError'>: Connection was refused by other side: 61: Connection refused.
]). Retrying.
26-09-14 22:03:08 [-] [ERROR] Could not reach the Portal at localhost:4006 ([Failure instance: Traceback (failure with no frames): <class 'twisted.internet.error.ConnectionRefusedError'>: Connection was refused by other side: 61: Connection refused.
]). Retrying.
26-09-14 22:03:18 [-] [ERROR] Could not reach the Portal at localhost:4006 ([Failure instance: Traceback (failure with no frames): <class 'twisted.internet.error.ConnectionRefusedError'>: Connection was refused by other side: 61: Connection refused.
]). Retrying.
26-09-14 22:03:29 [-] [ERROR] Could not reach the Portal at localhost:4006 ([Failure instance: Traceback (failure with no frames): <class 'twisted.internet.error.ConnectionRefusedError'>: Connection was refused by other side: 61: Connection refused.
]). Retrying.
26-09-14 22:03:38 [-] [ERROR] Could not reach the Portal at localhost:4006 ([Failure instance: Traceback (failure with no frames): <class 'twisted.internet.error.ConnectionRefusedError'>: Connection was refused by other side: 61: Connection refused.
]). Retrying.
26-09-14 22:03:48 [-] [ERROR] Could not reach the Portal at localhost:4006 ([Failure instance: Traceback (failure with no frames): <class 'twisted.internet.error.ConnectionRefusedError'>: Connection was refused by other side: 61: Connection refused.
]). Retrying.
26-09-14 22:03:58 [-] [ERROR] Could not reach the Portal at localhost:4006 ([Failure instance: Traceback (failure with no frames): <class 'twisted.internet.error.ConnectionRefusedError'>: Connection was refused by other side: 61: Connection refused.
]). Retrying.
26-09-14 22:04:07 [-] [ERROR] Could not reach the Portal at localhost:4006 ([Failure instance: Traceback (failure with no frames): <class 'twisted.internet.error.ConnectionRefusedError'>: Connection was refused by other side: 61: Connection refused.
]). Retrying.
26-09-14 22:04:16 [-] [ERROR] Could not reach the Portal at localhost:4006 ([Failure instance: Traceback (failure with no frames): <class 'twisted.internet.error.ConnectionRefusedError'>: Connection was refused by other side: 61: Connection refused.
]). Retrying.
26-09-14 22:04:26 [-] [ERROR] Could not reach the Portal at localhost:4006 ([Failure instance: Traceback (failure with no frames): <class 'twisted.internet.error.ConnectionRefusedError'>: Connection was refused by other side: 61: Connection refused.
]). Retrying.
26-09-14 22:04:37 [-] [ERROR] Could not reach the Portal at localhost:4006 ([Failure instance: Traceback (failure with no frames): <class 'twisted.internet.error.ConnectionRefusedError'>: Connection was refused by other side: 61: Connection refused.
]). Retrying.
26-09-14 22:04:47 [-] [ERROR] Could not reach the Portal at localhost:4006 ([Failure instance: Traceback (failure with no frames): <class 'twisted.internet.error.ConnectionRefusedError'>: Connection was refused by other side: 61: Connection refused.
]). Retrying.
26-09-14 22:04:57 [-] [ERROR] Could not reach the Portal at localhost:4006 ([Failure instance: Traceback (failure with no frames): <class 'twisted.internet.error.ConnectionRefusedError'>: Connection was refused by other side: 61: Connection refused.
]). Retrying.
26-09-14 22:05:08 [-] [ERROR] Could not reach the Portal at localhost:4006 ([Failure instance: Traceback (failure with no frames): <class 'twisted.internet.error.ConnectionRefusedError'>: Connection was refused by other side: 61: Connection refused.
]). Retrying.
26-09-14 22:05:19 [-] [ERROR] Could not reach the Portal at localhost:4006 ([Failure instance: Traceback (failure with no frames): <class 'twisted.internet.error.ConnectionRefusedError'>: Connection was refused by other side: 61: Connection refused.
]). Retrying.
26-09-14 22:05:28 [-] [ERROR] Could not reach the Portal at localhost:4006 ([Failure instance: Traceback (failure with no frames): <class 'twisted.internet.error.ConnectionRefusedError'>: Connection was refused by other side: 61: Connection refused.
]). Retrying.
26-09-14 22:05:37 [-] [ERROR] Could not reach the Portal at localhost:4006 ([Failure instance: Traceback (failure with no frames): <class 'twisted.internet.error.ConnectionRefusedError'>: Connection was refused by other side: 61: Connection refused.
]). Retrying.
26-09-14 22:05:46 [-] [ERROR] Could not reach the Portal at localhost:4006 ([Failure instance: Traceback (failure with no frames): <class 'twisted.internet.error.ConnectionRefusedError'>: Connection was refused by other side: 61: Connection refused.
]). Retrying.
26-09-14 22:05:56 [-] [ERROR] Could not reach the Portal at localhost:4006 ([Failure instance: Traceback (failure with no frames): <class 'twisted.internet.error.ConnectionRefusedError'>: Connection was refused by other side: 61: Connection refused.
]). Retrying.
26-09-14 22:06:06 [-] [ERROR] Could not reach the Portal at localhost:4006 ([Failure instance: Traceback (failure with no frames): <class 'twisted.internet.error.ConnectionRefusedError'>: Connection was refused by other side: 61: Connection refused.
]). Retrying.
26-09-14 22:06:14 [-] [ERROR] Could not reach the Portal at localhost:4006 ([Failure instance: Traceback (failure with no frames): <class 'twisted.internet.error.ConnectionRefusedError'>: Connection was refused by other side: 61: Connection refused.
]). Retrying.
26-09-14 22:06:23 [-] [ERROR] Could not reach the Portal at localhost:4006 ([Failure instance: Traceback (failure with no frames): <class 'twisted.internet.error.ConnectionRefusedError'>: Connection was refused by other side: 61: Connection refused.
]). Retrying.
26-09-14 22:06:33 [-] [ERROR] Could not reach the Portal at localhost:4006 ([Failure instance: Traceback (failure with no frames): <class 'twisted.internet.error.ConnectionRefusedError'>: Connection was refused by other side: 61: Connection refused.
]). Retrying.
26-09-14 22:06:43 [-] [ERROR] Could not reach the Portal at localhost:4006 ([Failure instance: Traceback (failure with no frames): <class 'twisted.internet.error.ConnectionRefusedError'>: Connection was refused by other side: 61: Connection refused.
]). Retrying.
26-09-14 22:06:51 [-] [ERROR] Could not reach the Portal at localhost:4006 ([Failure instance: Traceback (failure with no frames): <class 'twisted.internet.error.ConnectionRefusedError'>: Connection was refused by other side: 61: Connection refused.
]). Retrying.
26-09-14 22:07:03 [-] [ERROR] Could not reach the Portal at localhost:4006 ([Failure instance: Traceback (failure with no frames): <class 'twisted.internet.error.ConnectionRefusedError'>: Connection was refused by other side: 61: Connection refused.
]). Retrying.
26-09-14 22:07:13 [-] [ERROR] Could not reach the Portal at localhost:4006 ([Failure instance: Traceback (failure with no frames): <class 'twisted.internet.error.ConnectionRefusedError'>: Connection was refused by other side: 61: Connection refused.
]). Retrying.
26-09-14 22:07:25 [-] [ERROR] Could not reach the Portal at localhost:4006 ([Failure instance: Traceback (failure with no frames): <class 'twisted.internet.error.ConnectionRefusedError'>: Connection was refused by other side: 61: Connection refused.
]). Retrying.
26-09-14 22:07:32 [-] [ERROR] Could not reach the Portal at localhost:4006 ([Failure instance: Traceback (failure with no frames): <class 'twisted.internet.error.ConnectionRefusedError'>: Connection was refused by other side: 61: Connection refused.
]). Retrying.
26-09-14 22:07:43 [-] [ERROR] Could not reach the Portal at localhost:4006 ([Failure instance: Traceback (failure with no frames): <class 'twisted.internet.error.ConnectionRefusedError'>: Connection was refused by other side: 61: Connection refused.
]). Retrying.
26-09-14 22:07:54 [-] [ERROR] Could not reach the Portal at localhost:4006 ([Failure instance: Traceback (failure with no frames): <class 'twisted.internet.error.ConnectionRefusedError'>: Connection was refused by other side: 61: Connection refused.
]). Retrying.
26-09-14 22:08:03 [-] [ERROR] Could not reach the Portal at localhost:4006 ([Failure instance: Traceback (failure with no frames): <class 'twisted.internet.error.ConnectionRefusedError'>: Connection was refused by other side: 61: Connection refused.
]). Retrying.
26-09-14 22:08:15 [-] [ERROR] Could not reach the Portal at localhost:4006 ([Failure instance: Traceback (failure with no frames): <class 'twisted.internet.error.ConnectionRefusedError'>: Connection was refused by other side: 61: Connection refused.
]). Retrying.
26-09-14 22:08:25 [-] [ERROR] Could not reach the Portal at localhost:4006 ([Failure instance: Traceback (failure with no frames): <class 'twisted.internet.error.ConnectionRefusedError'>: Connection was refused by other side: 61: Connection refused.
]). Retrying.
26-09-14 22:08:35 [-] [ERROR] Could not reach the Portal at localhost:4006 ([Failure instance: Traceback (failure with no frames): <class 'twisted.internet.error.ConnectionRefusedError'>: Connection was refused by other side: 61: Connection refused.
]). Retrying.
26-09-14 22:08:43 [-] [ERROR] Could not reach the Portal at localhost:4006 ([Failure instance: Traceback (failure with no frames): <class 'twisted.internet.error.ConnectionRefusedError'>: Connection was refused by other side: 61: Connection refused.
]). Retrying.
26-09-14 22:08:52 [-] [ERROR] Could not reach the Portal at localhost:4006 ([Failure instance: Traceback (failure with no frames): <class 'twisted.internet.error.ConnectionRefusedError'>: Connection was refused by other side: 61: Connection refused.
]). Retrying.
26-09-14 22:09:02 [-] [ERROR] Could not reach the Portal at localhost:4006 ([Failure instance: Traceback (failure with no frames): <class 'twisted.internet.error.ConnectionRefusedError'>: Connection was refused by other side: 61: Connection refused.
]). Retrying.
26-09-14 22:09:13 [-] [ERROR] Could not reach the Portal at localhost:4006 ([Failure instance: Traceback (failure with no frames): <class 'twisted.internet.error.ConnectionRefusedError'>: Connection was refused by other side: 61: Connection refused.
]). Retrying.
26-09-14 22:09:23 [-] [ERROR] Could not reach the Portal at localhost:4006 ([Failure instance: Traceback (failure with no frames): <class 'twisted.internet.error.ConnectionRefusedError'>: Connection was refused by other side: 61: Connection refused.
]). Retrying.
26-09-14 22:09:33 [-] [ERROR] Could not reach the Portal at localhost:4006 ([Failure instance: Traceback (failure with no frames): <class 'twisted.internet.error.ConnectionRefusedError'>: Connection was refused by other side: 61: Connection refused.
]). Retrying.
26-09-14 22:09:42 [-] [ERROR] Could not reach the Portal at localhost:4006 ([Failure instance: Traceback (failure with no frames): <class 'twisted.internet.error.ConnectionRefusedError'>: Connection was refused by other side: 61: Connection refused.
]). Retrying.
26-09-14 22:09:53 [-] [ERROR] Could not reach the Portal at localhost:4006 ([Failure instance: Traceback (failure with no frames): <class 'twisted.internet.error.ConnectionRefusedError'>: Connection was refused by other side: 61: Connection refused.
]). Retrying.
26-09-14 22:10:05 [-] [ERROR] Could not reach the Portal at localhost:4006 ([Failure instance: Traceback (failure with no frames): <class 'twisted.internet.error.ConnectionRefusedError'>: Connection was refused by other side: 61: Connection refused.
]). Retrying.
26-09-14 22:10:17 [-] [ERROR] Could not reach the Portal at localhost:4006 ([Failure instance: Traceback (failure with no frames): <class 'twisted.internet.error.ConnectionRefusedError'>: Connection was refused by other side: 61: Connection refused.
]). Retrying.
26-09-14 22:10:27 [-] [ERROR] Could not reach the Portal at localhost:4006 ([Failure instance: Traceback (failure with no frames): <class 'twisted.internet.error.ConnectionRefusedError'>: Connection was refused by other side: 61: Connection refused.
]). Retrying.
26-09-14 22:10:36 [-] [ERROR] Could not reach the Portal at localhost:4006 ([Failure instance: Traceback (failure with no frames): <class 'twisted.internet.error.ConnectionRefusedError'>: Connection was refused by other side: 61: Connection refused.
]). Retrying.
26-09-14 22:10:48 [-] [ERROR] Could not reach the Portal at localhost:4006 ([Failure instance: Traceback (failure with no frames): <class 'twisted.internet.error.ConnectionRefusedError'>: Connection was refused by other side: 61: Connection refused.
]). Retrying.
26-09-14 22:10:59 [-] [ERROR] Could not reach the Portal at localhost:4006 ([Failure instance: Traceback (failure with no frames): <class 'twisted.internet.error.ConnectionRefusedError'>: Connection was refused by other side: 61: Connection refused.
]). Retrying.
26-09-14 22:11:11 [-] [ERROR] Could not reach the Portal at localhost:4006 ([Failure instance: Traceback (failure with no frames): <class 'twisted.internet.error.ConnectionRefusedError'>: Connection was refused by other side: 61: Connection refused.
]). Retrying.
26-09-14 22:11:19 [-] [ERROR] Could not reach the Portal at localhost:4006 ([Failure instance: Traceback (failure with no frames): <class 'twisted.internet.error.ConnectionRefusedError'>: Connection was refused by other side: 61: Connection refused.
]). Retrying.
26-09-14 22:11:28 [-] [ERROR] Could not reach the Portal at localhost:4006 ([Failure instance: Traceback (failure with no frames): <class 'twisted.internet.error.ConnectionRefusedError'>: Connection was refused by other side: 61: Connection refused.
]). Retrying.
26-09-14 22:11:40 [-] [ERROR] Could not reach the Portal at localhost:4006 ([Failure instance: Traceback (failure with no frames): <class 'twisted.internet.error.ConnectionRefusedError'>: Connection was refused by other side: 61: Connection refused.
]). Retrying.
26-09-14 22:11:49 [-] [ERROR] Could not reach the Portal at localhost:4006 ([Failure instance: Traceback (failure with no frames): <class 'twisted.internet.error.ConnectionRefusedError'>: Connection was refused by other side: 61: Connection refused.
]). Retrying.
26-09-14 22:12:00 [-] [ERROR] Could not reach the Portal at localhost:4006 ([Failure instance: Traceback (failure with no frames): <class 'twisted.internet.error.ConnectionRefusedError'>: Connection was refused by other side: 61: Connection refused.
]). Retrying.
26-09-14 22:12:12 [-] [ERROR] Could not reach the Portal at localhost:4006 ([Failure instance: Traceback (failure with no frames): <class 'twisted.internet.error.ConnectionRefusedError'>: Connection was refused by other side: 61: Connection refused.
]). Retrying.
26-09-14 22:12:21 [-] [ERROR] Could not reach the Portal at localhost:4006 ([Failure instance: Traceback (failure with no frames): <class 'twisted.internet.error.ConnectionRefusedError'>: Connection was refused by other side: 61: Connection refused.
]). Retrying.
26-09-14 22:12:32 [-] [ERROR] Could not reach the Portal at localhost:4006 ([Failure instance: Traceback (failure with no frames): <class 'twisted.internet.error.ConnectionRefusedError'>: Connection was refused by other side: 61: Connection refused.
]). Retrying.
26-09-14 22:12:43 [-] [ERROR] Could not reach the Portal at localhost:4006 ([Failure instance: Traceback (failure with no frames): <class 'twisted.internet.error.ConnectionRefusedError'>: Connection was refused by other side: 61: Connection refused.
]). Retrying.
26-09-14 22:12:51 [-] [ERROR] Could not reach the Portal at localhost:4006 ([Failure instance: Traceback (failure with no frames): <class 'twisted.internet.error.ConnectionRefusedError'>: Connection was refused by other side: 61: Connection refused.
]). Retrying.
26-09-14 22:12:59 [-] [ERROR] Could not reach the Portal at localhost:4006 ([Failure instance: Traceback (failure with no frames): <class 'twisted.internet.error.ConnectionRefusedError'>: Connection was refused by other side: 61: Connection refused.
]). Retrying.
26-09-14 22:13:10 [-] [ERROR] Could not reach the Portal at localhost:4006 ([Failure instance: Traceback (failure with no frames): <class 'twisted.internet.error.ConnectionRefusedError'>: Connection was refused by other side: 61: Connection refused.
]). Retrying.
26-09-14 22:13:21 [-] [ERROR] Could not reach the Portal at localhost:4006 ([Failure instance: Traceback (failure with no frames): <class 'twisted.internet.error.ConnectionRefusedError'>: Connection was refused by other side: 61: Connection refused.
]). Retrying.
26-09-14 22:13:30 [-] [ERROR] Could not reach the Portal at localhost:4006 ([Failure instance: Traceback (failure with no frames): <class 'twisted.internet.error.ConnectionRefusedError'>: Connection was refused by other side: 61: Connection refused.
]). Retrying.
26-09-14 22:13:40 [-] [ERROR] Could not reach the Portal at localhost:4006 ([Failure instance: Traceback (failure with no frames): <class 'twisted.internet.error.ConnectionRefusedError'>: Connection was refused by other side: 61: Connection refused.
]). Retrying.
26-09-14 22:13:48 [-] [ERROR] Could not reach the Portal at localhost:4006 ([Failure instance: Traceback (failure with no frames): <class 'twisted.internet.error.ConnectionRefusedError'>: Connection was refused by other side: 61: Connection refused.
]). Retrying.
26-09-14 22:13:58 [-] [ERROR] Could not reach the Portal at localhost:4006 ([Failure instance: Traceback (failure with no frames): <class 'twisted.internet.error.ConnectionRefusedError'>: Connection was refused by other side: 61: Connection refused.
]). Retrying.
26-09-14 22:14:08 [-] [ERROR] Could not reach the Portal at localhost:4006 ([Failure instance: Traceback (failure with no frames): <class 'twisted.internet.error.ConnectionRefusedError'>: Connection was refused by other side: 61: Connection refused.
]). Retrying.
26-09-14 22:14:17 [-] [ERROR] Could not reach the Portal at localhost:4006 ([Failure instance: Traceback (failure with no frames): <class 'twisted.internet.error.ConnectionRefusedError'>: Connection was refused by other side: 61: Connection refused.
]). Retrying.
26-09-14 22:14:30 [-] [ERROR] Could not reach the Portal at localhost:4006 ([Failure instance: Traceback (failure with no frames): <class 'twisted.internet.error.ConnectionRefusedError'>: Connection was refused by other side: 61: Connection refused.
]). Retrying.
26-09-14 22:14:39 [-] [ERROR] Could not reach the Portal at localhost:4006 ([Failure instance: Traceback (failure with no frames): <class 'twisted.internet.error.ConnectionRefusedError'>: Connection was refused by other side: 61: Connection refused.
]). Retrying.
26-09-14 22:14:48 [-] [ERROR] Could not reach the Portal at localhost:4006 ([Failure instance: Traceback (failure with no frames): <class 'twisted.internet.error.ConnectionRefusedError'>: Connection was refused by other side: 61: Connection refused.
]). Retrying.
26-09-14 22:14:57 [-] [ERROR] Could not reach the Portal at localhost:4006 ([Failure instance: Traceback (failure with no frames): <class 'twisted.internet.error.ConnectionRefusedError'>: Connection was refused by other side: 61: Connection refused.
]). Retrying.
26-09-14 22:15:07 [-] [ERROR] Could not reach the Portal at localhost:4006 ([Failure instance: Traceback (failure with no frames): <class 'twisted.internet.error.ConnectionRefusedError'>: Connection was refused by other side: 61: Connection refused.
]). Retrying.
26-09-14 22:15:21 [-] [ERROR] Could not reach the Portal at localhost:4006 ([Failure instance: Traceback (failure with no frames): <class 'twisted.internet.error.ConnectionRefusedError'>: Connection was refused by other side: 61: Connection refused.
]). Retrying.
26-09-14 22:15:31 [-] [ERROR] Could not reach the Portal at localhost:4006 ([Failure instance: Traceback (failure with no frames): <class 'twisted.internet.error.ConnectionRefusedError'>: Connection was refused by other side: 61: Connection refused.
]). Retrying.
26-09-14 22:15:42 [-] [ERROR] Could not reach the Portal at localhost:4006 ([Failure instance: Traceback (failure with no frames): <class 'twisted.internet.error.ConnectionRefusedError'>: Connection was refused by other side: 61: Connection refused.
]). Retrying.
26-09-14 22:15:53 [-] [ERROR] Could not reach the Portal at localhost:4006 ([Failure instance: Traceback (failure with no frames): <class 'twisted.internet.error.ConnectionRefusedError'>: Connection was refused by other side: 61: Connection refused.
]). Retrying.
26-09-14 22:16:04 [-] [ERROR] Could not reach the Portal at localhost:4006 ([Failure instance: Traceback (failure with no frames): <class 'twisted.internet.error.ConnectionRefusedError'>: Connection was refused by other side: 61: Connection refused.
]). Retrying.
26-09-14 22:16:14 [-] [ERROR] Could not reach the Portal at localhost:4006 ([Failure instance: Traceback (failure with no frames): <class 'twisted.internet.error.ConnectionRefusedError'>: Connection was refused by other side: 61: Connection refused.
]). Retrying.
26-09-14 22:16:23 [-] [ERROR] Could not reach the Portal at localhost:4006 ([Failure instance: Traceback (failure with no frames): <class 'twisted.internet.error.ConnectionRefusedError'>: Connection was refused by other side: 61: Connection refused.
]). Retrying.
26-09-14 22:16:34 [-] [ERROR] Could not reach the Portal at localhost:4006 ([Failure instance: Traceback (failure with no frames): <class 'twisted.internet.error.ConnectionRefusedError'>: Connection was refused by other side: 61: Connection refused.
]). Retrying.
26-09-14 22:16:43 [-] [ERROR] Could not reach the Portal at localhost:4006 ([Failure instance: Traceback (failure with no frames): <class 'twisted.internet.error.ConnectionRefusedError'>: Connection was refused by other side: 61: Connection refused.
]). Retrying.
26-09-14 22:16:55 [-] [ERROR] Could not reach the Portal at localhost:4006 ([Failure instance: Traceback (failure with no frames): <class 'twisted.internet.error.ConnectionRefusedError'>: Connection was refused by other side: 61: Connection refused.
]). Retrying.
26-09-14 22:17:05 [-] [ERROR] Could not reach the Portal at localhost:4006 ([Failure instance: Traceback (failure with no frames): <class 'twisted.internet.error.ConnectionRefusedError'>: Connection was refused by other side: 61: Connection refused.
]). Retrying.
26-09-14 22:17:13 [-] [ERROR] Could not reach the Portal at localhost:4006 ([Failure instance: Traceback (failure with no frames): <class 'twisted.internet.error.ConnectionRefusedError'>: Connection was refused by other side: 61: Connection refused.
]). Retrying.
26-09-14 22:17:21 [-] [ERROR] Could not reach the Portal at localhost:4006 ([Failure instance: Traceback (failure with no frames): <class 'twisted.internet.error.ConnectionRefusedError'>: Connection was refused by other side: 61: Connection refused.
]). Retrying.
26-09-14 22:17:31 [-] [ERROR] Could not reach the Portal at localhost:4006 ([Failure instance: Traceback (failure with no frames): <class 'twisted.internet.error.ConnectionRefusedError'>: Connection was refused by other side: 61: Connection refused.
]). Retrying.
26-09-14 22:17:41 [-] [ERROR] Could not reach the Portal at localhost:4006 ([Failure instance: Traceback (failure with no frames): <class 'twisted.internet.error.ConnectionRefusedError'>: Connection was refused by other side: 61: Connection refused.
]). Retrying.
26-09-14 22:17:50 [-] [ERROR] Could not reach the Portal at localhost:4006 ([Failure instance: Traceback (failure with no frames): <class 'twisted.internet.error.ConnectionRefusedError'>: Connection was refused by other side: 61: Connection refused.
]). Retrying.
26-09-14 22:17:59 [-] [ERROR] Could not reach the Portal at localhost:4006 ([Failure instance: Traceback (failure with no frames): <class 'twisted.internet.error.ConnectionRefusedError'>: Connection was refused by other side: 61: Connection refused.
]). Retrying.
26-09-14 22:18:09 [-] [ERROR] Could not reach the Portal at localhost:4006 ([Failure instance: Traceback (failure with no frames): <class 'twisted.internet.error.ConnectionRefusedError'>: Connection was refused by other side: 61: Connection refused.
]). Retrying.
26-09-14 22:18:20 [-] [ERROR] Could not reach the Portal at localhost:4006 ([Failure instance: Traceback (failure with no frames): <class 'twisted.internet.error.ConnectionRefusedError'>: Connection was refused by other side: 61: Connection refused.
]). Retrying.
26-09-14 22:18:30 [-] [ERROR] Could not reach the Portal at localhost:4006 ([Failure instance: Traceback (failure with no frames): <class 'twisted.internet.error.ConnectionRefusedError'>: Connection was refused by other side: 61: Connection refused.
]). Retrying.
26-09-14 22:18:40 [-] [ERROR] Could not reach the Portal at localhost:4006 ([Failure instance: Traceback (failure with no frames): <class 'twisted.internet.error.ConnectionRefusedError'>: Connection was refused by other side: 61: Connection refused.
]). Retrying.
26-09-14 22:18:52 [-] [ERROR] Could not reach the Portal at localhost:4006 ([Failure instance: Traceback (failure with no frames): <class 'twisted.internet.error.ConnectionRefusedError'>: Connection was refused by other side: 61: Connection refused.
]). Retrying.
26-09-14 22:19:03 [-] [ERROR] Could not reach the Portal at localhost:4006 ([Failure instance: Traceback (failure with no frames): <class 'twisted.internet.error.ConnectionRefusedError'>: Connection was refused by other side: 61: Connection refused.
]). Retrying.
26-09-14 22:19:13 [-] [ERROR] Could not reach the Portal at localhost:4006 ([Failure instance: Traceback (failure with no frames): <class 'twisted.internet.error.ConnectionRefusedError'>: Connection was refused by other side: 61: Connection refused.
]). Retrying.
26-09-14 22:19:23 [-] [ERROR] Could not reach the Portal at localhost:4006 ([Failure instance: Traceback (failure with no frames): <class 'twisted.internet.error.ConnectionRefusedError'>: Connection was refused by other side: 61: Connection refused.
]). Retrying.
26-09-14 22:19:30 [-] [ERROR] Could not reach the Portal at localhost:4006 ([Failure instance: Traceback (failure with no frames): <class 'twisted.internet.error.ConnectionRefusedError'>: Connection was refused by other side: 61: Connection refused.
]). Retrying.
26-09-14 22:19:41 [-] [ERROR] Could not reach the Portal at localhost:4006 ([Failure instance: Traceback (failure with no frames): <class 'twisted.internet.error.ConnectionRefusedError'>: Connection was refused by other side: 61: Connection refused.
]). Retrying.
26-09-14 22:19:50 [-] [ERROR] Could not reach the Portal at localhost:4006 ([Failure instance: Traceback (failure with no frames): <class 'twisted.internet.error.ConnectionRefusedError'>: Connection was refused by other side: 61: Connection refused.
]). Retrying.
26-09-14 22:20:00 [-] [ERROR] Could not reach the Portal at localhost:4006 ([Failure instance: Traceback (failure with no frames): <class 'twisted.internet.error.ConnectionRefusedError'>: Connection was refused by other side: 61: Connection refused.
]). Retrying.
26-09-14 22:20:10 [-] [ERROR] Could not reach the Portal at localhost:4006 ([Failure instance: Traceback (failure with no frames): <class 'twisted.internet.error.ConnectionRefusedError'>: Connection was refused by other side: 61: Connection refused.
]). Retrying.
26-09-14 22:20:21 [-] [ERROR] Could not reach the Portal at localhost:4006 ([Failure instance: Traceback (failure with no frames): <class 'twisted.internet.error.ConnectionRefusedError'>: Connection was refused by other side: 61: Connection refused.
]). Retrying.
26-09-14 22:20:30 [-] [ERROR] Could not reach the Portal at localhost:4006 ([Failure instance: Traceback (failure with no frames): <class 'twisted.internet.error.ConnectionRefusedError'>: Connection was refused by other side: 61: Connection refused.
]). Retrying.
26-09-14 22:20:41 [-] [ERROR] Could not reach the Portal at localhost:4006 ([Failure instance: Traceback (failure with no frames): <class 'twisted.internet.error.ConnectionRefusedError'>: Connection was refused by other side: 61: Connection refused.
]). Retrying.
26-09-14 22:20:52 [-] [ERROR] Could not reach the Portal at localhost:4006 ([Failure instance: Traceback (failure with no frames): <class 'twisted.internet.error.ConnectionRefusedError'>: Connection was refused by other side: 61: Connection refused.
]). Retrying.
26-09-14 22:21:02 [-] [ERROR] Could not reach the Portal at localhost:4006 ([Failure instance: Traceback (failure with no frames): <class 'twisted.internet.error.ConnectionRefusedError'>: Connection was refused by other side: 61: Connection refused.
]). Retrying.
26-09-14 22:21:11 [-] [ERROR] Could not reach the Portal at localhost:4006 ([Failure instance: Traceback (failure with no frames): <class 'twisted.internet.error.ConnectionRefusedError'>: Connection was refused by other side: 61: Connection refused.
]). Retrying.
26-09-14 22:21:23 [-] [ERROR] Could not reach the Portal at localhost:4006 ([Failure instance: Traceback (failure with no frames): <class 'twisted.internet.error.ConnectionRefusedError'>: Connection was refused by other side: 61: Connection refused.
]). Retrying.
26-09-14 22:21:33 [-] [ERROR] Could not reach the Portal at localhost:4006 ([Failure instance: Traceback (failure with no frames): <class 'twisted.internet.error.ConnectionRefusedError'>: Connection was refused by other side: 61: Connection refused.
]). Retrying.
26-09-14 22:21:41 [-] [ERROR] Could not reach the Portal at localhost:4006 ([Failure instance: Traceback (failure with no frames): <class 'twisted.internet.error.ConnectionRefusedError'>: Connection was refused by other side: 61: Connection refused.
]). Retrying.
26-09-14 22:21:51 [-] [ERROR] Could not reach the Portal at localhost:4006 ([Failure instance: Traceback (failure with no frames): <class 'twisted.internet.error.ConnectionRefusedError'>: Connection was refused by other side: 61: Connection refused.
]). Retrying.
26-09-14 22:21:59 [-] [ERROR] Could not reach the Portal at localhost:4006 ([Failure instance: Traceback (failure with no frames): <class 'twisted.internet.error.ConnectionRefusedError'>: Connection was refused by other side: 61: Connection refused.
]). Retrying.
26-09-14 22:22:08 [-] [ERROR] Could not reach the Portal at localhost:4006 ([Failure instance: Traceback (failure with no frames): <class 'twisted.internet.error.ConnectionRefusedError'>: Connection was refused by other side: 61: Connection refused.
]). Retrying.
26-09-14 22:22:18 [-] [ERROR] Could not reach the Portal at localhost:4006 ([Failure instance: Traceback (failure with no frames): <class 'twisted.internet.error.ConnectionRefusedError'>: Connection was refused by other side: 61: Connection refused.
]). Retrying.
26-09-14 22:22:27 [-] [ERROR] Could not reach the Portal at localhost:4006 ([Failure instance: Traceback (failure with no frames): <class 'twisted.internet.error.ConnectionRefusedError'>: Connection was refused by other side: 61: Connection refused.
]). Retrying.
26-09-14 22:22:35 [-] [ERROR] Could not reach the Portal at localhost:4006 ([Failure instance: Traceback (failure with no frames): <class 'twisted.internet.error.ConnectionRefusedError'>: Connection was refused by other side: 61: Connection refused.
]). Retrying.
26-09-14 22:22:47 [-] [ERROR] Could not reach the Portal at localhost:4006 ([Failure instance: Traceback (failure with no frames): <class 'twisted.internet.error.ConnectionRefusedError'>: Connection was refused by other side: 61: Connection refused.
]). Retrying.
26-09-14 22:22:59 [-] [ERROR] Could not reach the Portal at localhost:4006 ([Failure instance: Traceback (failure with no frames): <class 'twisted.internet.error.ConnectionRefusedError'>: Connection was refused by other side: 61: Connection refused.
]). Retrying.
26-09-14 22:23:09 [-] [ERROR] Could not reach the Portal at localhost:4006 ([Failure instance: Traceback (failure with no frames): <class 'twisted.internet.error.ConnectionRefusedError'>: Connection was refused by other side: 61: Connection refused.
]). Retrying.
26-09-14 22:23:19 [-] [ERROR] Could not reach the Portal at localhost:4006 ([Failure instance: Traceback (failure with no frames): <class 'twisted.internet.error.ConnectionRefusedError'>: Connection was refused by other side: 61: Connection refused.
]). Retrying.
26-09-14 22:23:27 [-] [ERROR] Could not reach the Portal at localhost:4006 ([Failure instance: Traceback (failure with no frames): <class 'twisted.internet.error.ConnectionRefusedError'>: Connection was refused by other side: 61: Connection refused.
]). Retrying.
26-09-14 22:23:36 [-] [ERROR] Could not reach the Portal at localhost:4006 ([Failure instance: Traceback (failure with no frames): <class 'twisted.internet.error.ConnectionRefusedError'>: Connection was refused by other side: 61: Connection refused.
]). Retrying.
26-09-14 22:23:45 [-] [ERROR] Could not reach the Portal at localhost:4006 ([Failure instance: Traceback (failure with no frames): <class 'twisted.internet.error.ConnectionRefusedError'>: Connection was refused by other side: 61: Connection refused.
]). Retrying.
26-09-14 22:23:55 [-] [ERROR] Could not reach the Portal at localhost:4006 ([Failure instance: Traceback (failure with no frames): <class 'twisted.internet.error.ConnectionRefusedError'>: Connection was refused by other side: 61: Connection refused.
]). Retrying.
26-09-14 22:24:04 [-] [ERROR] Could not reach the Portal at localhost:4006 ([Failure instance: Traceback (failure with no frames): <class 'twisted.internet.error.ConnectionRefusedError'>: Connection was refused by other side: 61: Connection refused.
]). Retrying.
26-09-14 22:24:15 [-] [ERROR] Could not reach the Portal at localhost:4006 ([Failure instance: Traceback (failure with no frames): <class 'twisted.internet.error.ConnectionRefusedError'>: Connection was refused by other side: 61: Connection refused.
]). Retrying.
26-09-14 22:24:27 [-] [ERROR] Could not reach the Portal at localhost:4006 ([Failure instance: Traceback (failure with no frames): <class 'twisted.internet.error.ConnectionRefusedError'>: Connection was refused by other side: 61: Connection refused.
]). Retrying.
26-09-14 22:24:38 [-] [ERROR] Could not reach the Portal at localhost:4006 ([Failure instance: Traceback (failure with no frames): <class 'twisted.internet.error.ConnectionRefusedError'>: Connection was refused by other side: 61: Connection refused.
]). Retrying.
26-09-14 22:24:46 [-] [ERROR] Could not reach the Portal at localhost:4006 ([Failure instance: Traceback (failure with no frames): <class 'twisted.internet.error.ConnectionRefusedError'>: Connection was refused by other side: 61: Connection refused.
]). Retrying.
26-09-14 22:24:58 [-] [ERROR] Could not reach the Portal at localhost:4006 ([Failure instance: Traceback (failure with no frames): <class 'twisted.internet.error.ConnectionRefusedError'>: Connection was refused by other side: 61: Connection refused.
]). Retrying.
26-09-14 22:25:07 [-] [ERROR] Could not reach the Portal at localhost:4006 ([Failure instance: Traceback (failure with no frames): <class 'twisted.internet.error.ConnectionRefusedError'>: Connection was refused by other side: 61: Connection refused.
]). Retrying.
26-09-14 22:25:18 [-] [ERROR] Could not reach the Portal at localhost:4006 ([Failure instance: Traceback (failure with no frames): <class 'twisted.internet.error.ConnectionRefusedError'>: Connection was refused by other side: 61: Connection refused.
]). Retrying.
26-09-14 22:25:28 [-] [ERROR] Could not reach the Portal at localhost:4006 ([Failure instance: Traceback (failure with no frames): <class 'twisted.internet.error.ConnectionRefusedError'>: Connection was refused by other side: 61: Connection refused.
]). Retrying.
26-09-14 22:25:38 [-] [ERROR] Could not reach the Portal at localhost:4006 ([Failure instance: Traceback (failure with no frames): <class 'twisted.internet.error.ConnectionRefusedError'>: Connection was refused by other side: 61: Connection refused.
]). Retrying.
26-09-14 22:25:49 [-] [ERROR] Could not reach the Portal at localhost:4006 ([Failure instance: Traceback (failure with no frames): <class 'twisted.internet.error.ConnectionRefusedError'>: Connection was refused by other side: 61: Connection refused.
]). Retrying.
26-09-14 22:26:00 [-] [ERROR] Could not reach the Portal at localhost:4006 ([Failure instance: Traceback (failure with no frames): <class 'twisted.internet.error.ConnectionRefusedError'>: Connection was refused by other side: 61: Connection refused.
]). Retrying.
26-09-14 22:26:10 [-] [ERROR] Could not reach the Portal at localhost:4006 ([Failure instance: Traceback (failure with no frames): <class 'twisted.internet.error.ConnectionRefusedError'>: Connection was refused by other side: 61: Connection refused.
]). Retrying.
26-09-14 22:26:20 [-] [ERROR] Could not reach the Portal at localhost:4006 ([Failure instance: Traceback (failure with no frames): <class 'twisted.internet.error.ConnectionRefusedError'>: Connection was refused by other side: 61: Connection refused.
]). Retrying.
26-09-14 22:26:30 [-] [ERROR] Could not reach the Portal at localhost:4006 ([Failure instance: Traceback (failure with no frames): <class 'twisted.internet.error.ConnectionRefusedError'>: Connection was refused by other side: 61: Connection refused.
]). Retrying.
26-09-14 22:26:41 [-] [ERROR] Could not reach the Portal at localhost:4006 ([Failure instance: Traceback (failure with no frames): <class 'twisted.internet.error.ConnectionRefusedError'>: Connection was refused by other side: 61: Connection refused.
]). Retrying.
26-09-14 22:26:49 [-] [ERROR] Could not reach the Portal at localhost:4006 ([Failure instance: Traceback (failure with no frames): <class 'twisted.internet.error.ConnectionRefusedError'>: Connection was refused by other side: 61: Connection refused.
]). Retrying.
26-09-14 22:27:00 [-] [ERROR] Could not reach the Portal at localhost:4006 ([Failure instance: Traceback (failure with no frames): <class 'twisted.internet.error.ConnectionRefusedError'>: Connection was refused by other side: 61: Connection refused.
]). Retrying.
26-09-14 22:27:11 [-] [ERROR] Could not reach the Portal at localhost:4006 ([Failure instance: Traceback (failure with no frames): <class 'twisted.internet.error.ConnectionRefusedError'>: Connection was refused by other side: 61: Connection refused.
]). Retrying.
26-09-14 22:27:19 [-] [ERROR] Could not reach the Portal at localhost:4006 ([Failure instance: Traceback (failure with no frames): <class 'twisted.internet.error.ConnectionRefusedError'>: Connection was refused by other side: 61: Connection refused.
]). Retrying.
26-09-14 22:27:29 [-] [ERROR] Could not reach the Portal at localhost:4006 ([Failure instance: Traceback (failure with no frames): <class 'twisted.internet.error.ConnectionRefusedError'>: Connection was refused by other side: 61: Connection refused.
]). Retrying.
26-09-14 22:27:38 [-] [ERROR] Could not reach the Portal at localhost:4006 ([Failure instance: Traceback (failure with no frames): <class 'twisted.internet.error.ConnectionRefusedError'>: Connection was refused by other side: 61: Connection refused.
]). Retrying.
26-09-14 22:27:48 [-] [ERROR] Could not reach the Portal at localhost:4006 ([Failure instance: Traceback (failure with no frames): <class 'twisted.internet.error.ConnectionRefusedError'>: Connection was refused by other side: 61: Connection refused.
]). Retrying.
26-09-14 22:27:56 [-] [ERROR] Could not reach the Portal at localhost:4006 ([Failure instance: Traceback (failure with no frames): <class 'twisted.internet.error.ConnectionRefusedError'>: Connection was refused by other side: 61: Connection refused.
]). Retrying.
26-09-14 22:28:06 [-] [ERROR] Could not reach the Portal at localhost:4006 ([Failure instance: Traceback (failure with no frames): <class 'twisted.internet.error.ConnectionRefusedError'>: Connection was refused by other side: 61: Connection refused.
]). Retrying.
26-09-14 22:28:16 [-] [ERROR] Could not reach the Portal at localhost:4006 ([Failure instance: Traceback (failure with no frames): <class 'twisted.internet.error.ConnectionRefusedError'>: Connection was refused by other side: 61: Connection refused.
]). Retrying.
26-09-14 22:28:26 [-] [ERROR] Could not reach the Portal at localhost:4006 ([Failure instance: Traceback (failure with no frames): <class 'twisted.internet.error.ConnectionRefusedError'>: Connection was refused by other side: 61: Connection refused.
]). Retrying.
26-09-14 22:28:36 [-] [ERROR] Could not reach the Portal at localhost:4006 ([Failure instance: Traceback (failure with no frames): <class 'twisted.internet.error.ConnectionRefusedError'>: Connection was refused by other side: 61: Connection refused.
]). Retrying.
26-09-14 22:28:46 [-] [ERROR] Could not reach the Portal at localhost:4006 ([Failure instance: Traceback (failure with no frames): <class 'twisted.internet.error.ConnectionRefusedError'>: Connection was refused by other side: 61: Connection refused.
]). Retrying.
26-09-14 22:28:57 [-] [ERROR] Could not reach the Portal at localhost:4006 ([Failure instance: Traceback (failure with no frames): <class 'twisted.internet.error.ConnectionRefusedError'>: Connection was refused by other side: 61: Connection refused.
]). Retrying.
26-09-14 22:29:06 [-] [ERROR] Could not reach the Portal at localhost:4006 ([Failure instance: Traceback (failure with no frames): <class 'twisted.internet.error.ConnectionRefusedError'>: Connection was refused by other side: 61: Connection refused.
]). Retrying.
26-09-14 22:29:14 [-] [ERROR] Could not reach the Portal at localhost:4006 ([Failure instance: Traceback (failure with no frames): <class 'twisted.internet.error.ConnectionRefusedError'>: Connection was refused by other side: 61: Connection refused.
]). Retrying.
26-09-14 22:29:22 [-] [ERROR] Could not reach the Portal at localhost:4006 ([Failure instance: Traceback (failure with no frames): <class 'twisted.internet.error.ConnectionRefusedError'>: Connection was refused by other side: 61: Connection refused.
]). Retrying.
26-09-14 22:29:31 [-] [ERROR] Could not reach the Portal at localhost:4006 ([Failure instance: Traceback (failure with no frames): <class 'twisted.internet.error.ConnectionRefusedError'>: Connection was refused by other side: 61: Connection refused.
]). Retrying.
26-09-14 22:29:40 [-] [ERROR] Could not reach the Portal at localhost:4006 ([Failure instance: Traceback (failure with no frames): <class 'twisted.internet.error.ConnectionRefusedError'>: Connection was refused by other side: 61: Connection refused.
]). Retrying.
26-09-14 22:29:49 [-] [ERROR] Could not reach the Portal at localhost:4006 ([Failure instance: Traceback (failure with no frames): <class 'twisted.internet.error.ConnectionRefusedError'>: Connection was refused by other side: 61: Connection refused.
]). Retrying.
26-09-14 22:29:59 [-] [ERROR] Could not reach the Portal at localhost:4006 ([Failure instance: Traceback (failure with no frames): <class 'twisted.internet.error.ConnectionRefusedError'>: Connection was refused by other side: 61: Connection refused.
]). Retrying.
26-09-14 22:30:10 [-] [ERROR] Could not reach the Portal at localhost:4006 ([Failure instance: Traceback (failure with no frames): <class 'twisted.internet.error.ConnectionRefusedError'>: Connection was refused by other side: 61: Connection refused.
]). Retrying.
26-09-14 22:30:21 [-] [ERROR] Could not reach the Portal at localhost:4006 ([Failure instance: Traceback (failure with no frames): <class 'twisted.internet.error.ConnectionRefusedError'>: Connection was refused by other side: 61: Connection refused.
]). Retrying.
26-09-14 22:30:33 [-] [ERROR] Could not reach the Portal at localhost:4006 ([Failure instance: Traceback (failure with no frames): <class 'twisted.internet.error.ConnectionRefusedError'>: Connection was refused by other side: 61: Connection refused.
]). Retrying.
26-09-14 22:30:43 [-] [ERROR] Could not reach the Portal at localhost:4006 ([Failure instance: Traceback (failure with no frames): <class 'twisted.internet.error.ConnectionRefusedError'>: Connection was refused by other side: 61: Connection refused.
]). Retrying.
26-09-14 22:30:53 [-] [ERROR] Could not reach the Portal at localhost:4006 ([Failure instance: Traceback (failure with no frames): <class 'twisted.internet.error.ConnectionRefusedError'>: Connection was refused by other side: 61: Connection refused.
]). Retrying.
26-09-14 22:31:02 [-] [ERROR] Could not reach the Portal at localhost:4006 ([Failure instance: Traceback (failure with no frames): <class 'twisted.internet.error.ConnectionRefusedError'>: Connection was refused by other side: 61: Connection refused.
]). Retrying.
26-09-14 22:31:11 [-] [ERROR] Could not reach the Portal at localhost:4006 ([Failure instance: Traceback (failure with no frames): <class 'twisted.internet.error.ConnectionRefusedError'>: Connection was refused by other side: 61: Connection refused.
]). Retrying.
26-09-14 22:31:20 [-] [ERROR] Could not reach the Portal at localhost:4006 ([Failure instance: Traceback (failure with no frames): <class 'twisted.internet.error.ConnectionRefusedError'>: Connection was refused by other side: 61: Connection refused.
]). Retrying.
26-09-14 22:31:33 [-] [ERROR] Could not reach the Portal at localhost:4006 ([Failure instance: Traceback (failure with no frames): <class 'twisted.internet.error.ConnectionRefusedError'>: Connection was refused by other side: 61: Connection refused.
]). Retrying.
26-09-14 22:31:41 [-] [ERROR] Could not reach the Portal at localhost:4006 ([Failure instance: Traceback (failure with no frames): <class 'twisted.internet.error.ConnectionRefusedError'>: Connection was refused by other side: 61: Connection refused.
]). Retrying.
26-09-14 22:31:50 [-] [ERROR] Could not reach the Portal at localhost:4006 ([Failure instance: Traceback (failure with no frames): <class 'twisted.internet.error.ConnectionRefusedError'>: Connection was refused by other side: 61: Connection refused.
]). Retrying.
26-09-14 22:32:01 [-] [ERROR] Could not reach the Portal at localhost:4006 ([Failure instance: Traceback (failure with no frames): <class 'twisted.internet.error.ConnectionRefusedError'>: Connection was refused by other side: 61: Connection refused.
]). Retrying.
26-09-14 22:32:11 [-] [ERROR] Could not reach the Portal at localhost:4006 ([Failure instance: Traceback (failure with no frames): <class 'twisted.internet.error.ConnectionRefusedError'>: Connection was refused by other side: 61: Connection refused.
]). Retrying.
26-09-14 22:32:20 [-] [ERROR] Could not reach the Portal at localhost:4006 ([Failure instance: Traceback (failure with no frames): <class 'twisted.internet.error.ConnectionRefusedError'>: Connection was refused by other side: 61: Connection refused.
]). Retrying.
26-09-14 22:32:31 [-] [ERROR] Could not reach the Portal at localhost:4006 ([Failure instance: Traceback (failure with no frames): <class 'twisted.internet.error.ConnectionRefusedError'>: Connection was refused by other side: 61: Connection refused.
]). Retrying.
26-09-14 22:32:41 [-] [ERROR] Could not reach the Portal at localhost:4006 ([Failure instance: Traceback (failure with no frames): <class 'twisted.internet.error.ConnectionRefusedError'>: Connection was refused by other side: 61: Connection refused.
]). Retrying.
26-09-14 22:32:51 [-] [ERROR] Could not reach the Portal at localhost:4006 ([Failure instance: Traceback (failure with no frames): <class 'twisted.internet.error.ConnectionRefusedError'>: Connection was refused by other side: 61: Connection refused.
]). Retrying.
26-09-14 22:33:00 [-] [ERROR] Could not reach the Portal at localhost:4006 ([Failure instance: Traceback (failure with no frames): <class 'twisted.internet.error.ConnectionRefusedError'>: Connection was refused by other side: 61: Connection refused.
]). Retrying.
26-09-14 22:33:10 [-] [ERROR] Could not reach the Portal at localhost:4006 ([Failure instance: Traceback (failure with no frames): <class 'twisted.internet.error.ConnectionRefusedError'>: Connection was refused by other side: 61: Connection refused.
]). Retrying.
26-09-14 22:33:19 [-] [ERROR] Could not reach the Portal at localhost:4006 ([Failure instance: Traceback (failure with no frames): <class 'twisted.internet.error.ConnectionRefusedError'>: Connection was refused by other side: 61: Connection refused.
]). Retrying.
26-09-14 22:33:29 [-] [ERROR] Could not reach the Portal at localhost:4006 ([Failure instance: Traceback (failure with no frames): <class 'twisted.internet.error.ConnectionRefusedError'>: Connection was refused by other side: 61: Connection refused.
]). Retrying.
26-09-14 22:33:38 [-] [ERROR] Could not reach the Portal at localhost:4006 ([Failure instance: Traceback (failure with no frames): <class 'twisted.internet.error.ConnectionRefusedError'>: Connection was refused by other side: 61: Connection refused.
]). Retrying.
26-09-14 22:33:48 [-] [ERROR] Could not reach the Portal at localhost:4006 ([Failure instance: Traceback (failure with no frames): <class 'twisted.internet.error.ConnectionRefusedError'>: Connection was refused by other side: 61: Connection refused.
]). Retrying.
26-09-14 22:33:59 [-] [ERROR] Could not reach the Portal at localhost:4006 ([Failure instance: Traceback (failure with no frames): <class 'twisted.internet.error.ConnectionRefusedError'>: Connection was refused by other side: 61: Connection refused.
]). Retrying.
26-09-14 22:34:11 [-] [ERROR] Could not reach the Portal at localhost:4006 ([Failure instance: Traceback (failure with no frames): <class 'twisted.internet.error.ConnectionRefusedError'>: Connection was refused by other side: 61: Connection refused.
]). Retrying.
26-09-14 22:34:20 [-] [ERROR] Could not reach the Portal at localhost:4006 ([Failure instance: Traceback (failure with no frames): <class 'twisted.internet.error.ConnectionRefusedError'>: Connection was refused by other side: 61: Connection refused.
]). Retrying.
26-09-14 22:34:29 [-] [ERROR] Could not reach the Portal at localhost:4006 ([Failure instance: Traceback (failure with no frames): <class 'twisted.internet.error.ConnectionRefusedError'>: Connection was refused by other side: 61: Connection refused.
]). Retrying.
26-09-14 22:34:40 [-] [ERROR] Could not reach the Portal at localhost:4006 ([Failure instance: Traceback (failure with no frames): <class 'twisted.internet.error.ConnectionRefusedError'>: Connection was refused by other side: 61: Connection refused.
]). Retrying.
26-09-14 22:34:47 [-] [ERROR] Could not reach the Portal at localhost:4006 ([Failure instance: Traceback (failure with no frames): <class 'twisted.internet.error.ConnectionRefusedError'>: Connection was refused by other side: 61: Connection refused.
]). Retrying.
26-09-14 22:34:58 [-] [ERROR] Could not reach the Portal at localhost:4006 ([Failure instance: Traceback (failure with no frames): <class 'twisted.internet.error.ConnectionRefusedError'>: Connection was refused by other side: 61: Connection refused.
]). Retrying.
26-09-14 22:35:09 [-] [ERROR] Could not reach the Portal at localhost:4006 ([Failure instance: Traceback (failure with no frames): <class 'twisted.internet.error.ConnectionRefusedError'>: Connection was refused by other side: 61: Connection refused.
]). Retrying.
26-09-14 22:35:19 [-] [ERROR] Could not reach the Portal at localhost:4006 ([Failure instance: Traceback (failure with no frames): <class 'twisted.internet.error.ConnectionRefusedError'>: Connection was refused by other side: 61: Connection refused.
]). Retrying.
26-09-14 22:35:29 [-] [ERROR] Could not reach the Portal at localhost:4006 ([Failure instance: Traceback (failure with no frames): <class 'twisted.internet.error.ConnectionRefusedError'>: Connection was refused by other side: 61: Connection refused.
]). Retrying.
26-09-14 22:35:38 [-] [ERROR] Could not reach the Portal at localhost:4006 ([Failure instance: Traceback (failure with no frames): <class 'twisted.internet.error.ConnectionRefusedError'>: Connection was refused by other side: 61: Connection refused.
]). Retrying.
26-09-14 22:35:49 [-] [ERROR] Could not reach the Portal at localhost:4006 ([Failure instance: Traceback (failure with no frames): <class 'twisted.internet.error.ConnectionRefusedError'>: Connection was refused by other side: 61: Connection refused.
]). Retrying.
26-09-14 22:36:00 [-] [ERROR] Could not reach the Portal at localhost:4006 ([Failure instance: Traceback (failure with no frames): <class 'twisted.internet.error.ConnectionRefusedError'>: Connection was refused by other side: 61: Connection refused.
]). Retrying.
26-09-14 22:36:11 [-] [ERROR] Could not reach the Portal at localhost:4006 ([Failure instance: Traceback (failure with no frames): <class 'twisted.internet.error.ConnectionRefusedError'>: Connection was refused by other side: 61: Connection refused.
]). Retrying.
26-09-14 22:36:21 [-] [ERROR] Could not reach the Portal at localhost:4006 ([Failure instance: Traceback (failure with no frames): <class 'twisted.internet.error.ConnectionRefusedError'>: Connection was refused by other side: 61: Connection refused.
]). Retrying.
26-09-14 22:36:32 [-] [ERROR] Could not reach the Portal at localhost:4006 ([Failure instance: Traceback (failure with no frames): <class 'twisted.internet.error.ConnectionRefusedError'>: Connection was refused by other side: 61: Connection refused.
]). Retrying.
26-09-14 22:36:43 [-] [ERROR] Could not reach the Portal at localhost:4006 ([Failure instance: Traceback (failure with no frames): <class 'twisted.internet.error.ConnectionRefusedError'>: Connection was refused by other side: 61: Connection refused.
]). Retrying.
26-09-14 22:36:51 [-] [ERROR] Could not reach the Portal at localhost:4006 ([Failure instance: Traceback (failure with no frames): <class 'twisted.internet.error.ConnectionRefusedError'>: Connection was refused by other side: 61: Connection refused.
]). Retrying.
26-09-14 22:37:04 [-] [ERROR] Could not reach the Portal at localhost:4006 ([Failure instance: Traceback (failure with no frames): <class 'twisted.internet.error.ConnectionRefusedError'>: Connection was refused by other side: 61: Connection refused.
]). Retrying.
26-09-14 22:37:14 [-] [ERROR] Could not reach the Portal at localhost:4006 ([Failure instance: Traceback (failure with no frames): <class 'twisted.internet.error.ConnectionRefusedError'>: Connection was refused by other side: 61: Connection refused.
]). Retrying.
26-09-14 22:37:24 [-] [ERROR] Could not reach the Portal at localhost:4006 ([Failure instance: Traceback (failure with no frames): <class 'twisted.internet.error.ConnectionRefusedError'>: Connection was refused by other side: 61: Connection refused.
]). Retrying.
26-09-14 22:37:35 [-] [ERROR] Could not reach the Portal at localhost:4006 ([Failure instance: Traceback (failure with no frames): <class 'twisted.internet.error.ConnectionRefusedError'>: Connection was refused by other side: 61: Connection refused.
]). Retrying.
26-09-14 22:37:45 [-] [ERROR] Could not reach the Portal at localhost:4006 ([Failure instance: Traceback (failure with no frames): <class 'twisted.internet.error.ConnectionRefusedError'>: Connection was refused by other side: 61: Connection refused.
]). Retrying.
26-09-14 22:37:55 [-] [ERROR] Could not reach the Portal at localhost:4006 ([Failure instance: Traceback (failure with no frames): <class 'twisted.internet.error.ConnectionRefusedError'>: Connection was refused by other side: 61: Connection refused.
]). Retrying.
26-09-14 22:38:07 [-] [ERROR] Could not reach the Portal at localhost:4006 ([Failure instance: Traceback (failure with no frames): <class 'twisted.internet.error.ConnectionRefusedError'>: Connection was refused by other side: 61: Connection refused.
]). Retrying.
26-09-14 22:38:18 [-] [ERROR] Could not reach the Portal at localhost:4006 ([Failure instance: Traceback (failure with no frames): <class 'twisted.internet.error.ConnectionRefusedError'>: Connection was refused by other side: 61: Connection refused.
]). Retrying.
26-09-14 22:38:28 [-] [ERROR] Could not reach the Portal at localhost:4006 ([Failure instance: Traceback (failure with no frames): <class 'twisted.internet.error.ConnectionRefusedError'>: Connection was refused by other side: 61: Connection refused.
]). Retrying.
26-09-14 22:38:38 [-] [ERROR] Could not reach the Portal at localhost:4006 ([Failure instance: Traceback (failure with no frames): <class 'twisted.internet.error.ConnectionRefusedError'>: Connection was refused by other side: 61: Connection refused.
]). Retrying.
26-09-14 22:38:49 [-] [ERROR] Could not reach the Portal at localhost:4006 ([Failure instance: Traceback (failure with no frames): <class 'twisted.internet.error.ConnectionRefusedError'>: Connection was refused by other side: 61: Connection refused.
]). Retrying.
26-09-14 22:38:58 [-] [ERROR] Could not reach the Portal at localhost:4006 ([Failure instance: Traceback (failure with no frames): <class 'twisted.internet.error.ConnectionRefusedError'>: Connection was refused by other side: 61: Connection refused.
]). Retrying.