
26-09-14 20:05:21 [-] [INFO] Installed on 'shard0'.
26-09-14 20:09:14 [-] [INFO] Installed on 'shard0'.
26-09-14 20:10:42 [-] [INFO] Installed on 'shard0'.
26-09-14 20:10:49 [-] [INFO] Installed on 'shard0'.
26-09-14 20:10:53 [-] [INFO] Installed on 'shard0'.
26-09-14 20:10:54 [-] [INFO] 'shard0' attached.
26-09-14 20:10:57 [-] [INFO] Installed on 'shard0'.
26-09-14 20:10:58 [-] [INFO] 'shard0' attached.
26-09-14 20:11:03 [-] [INFO] Installed on 'shard0'.
26-09-14 20:12:28 [-] [INFO] Installed on 'shard0'.
26-09-14 20:12:29 [-] [INFO] server_start: twistd --python=/Users/timbaird/Documents/fcm-umbrella/src/venv/lib/python3.13/site-packages/evennia/server/server.py --logger=evennia.utils.logger.GetServerLogObserver --pidfile=/Users/timbaird/Documents/fcm-umbrella/src/shard0/server/server.pid
26-09-14 20:12:31 [-] [INFO] Installed on 'shard0'.
26-09-14 20:24:59 [-] [ERROR] Could not reach the Portal at localhost:4006 ([Failure instance: Traceback (failure with no frames): <class 'twisted.internet.error.ConnectionRefusedError'>: Connection was refused by other side: 61: Connection refused.
]). Retrying.
26-09-14 20:25:01 [-] [ERROR] Could not reach the Portal at localhost:4006 ([Failure instance: Traceback (failure with no frames): <class 'twisted.internet.error.ConnectionRefusedError'>: Connection was refused by other side: 61: Connection refused.
]). Retrying.
26-09-14 20:25:04 [-] [ERROR] Could not reach the Portal at localhost:4006 ([Failure instance: Traceback (failure with no frames): <class 'twisted.internet.error.ConnectionRefusedError'>: Connection was refused by other side: 61: Connection refused.
]). Retrying.
26-09-14 20:25:10 [-] [ERROR] Could not reach the Portal at localhost:4006 ([Failure instance: Traceback (failure with no frames): <class 'twisted.internet.error.ConnectionRefusedError'>: Connection was refused by other side: 61: Connection refused.
]). Retrying.
26-09-14 20:25:18 [-] [ERROR] Could not reach the Portal at localhost:4006 ([Failure instance: Traceback (failure with no frames): <class 'twisted.internet.error.ConnectionRefusedError'>: Connection was refused by other side: 61: Connection refused.
]). Retrying.
26-09-14 20:25:19 [-] [INFO] Installed on 'shard0'.
26-09-14 20:25:28 [-] [ERROR] Could not reach the Portal at localhost:4006 ([Failure instance: Traceback (failure with no frames): <class 'twisted.internet.error.ConnectionRefusedError'>: Connection was refused by other side: 61: Connection refused.
]). Retrying.
26-09-14 20:25:38 [-] [ERROR] Could not reach the Portal at localhost:4006 ([Failure instance: Traceback (failure with no frames): <class 'twisted.internet.error.ConnectionRefusedError'>: Connection was refused by other side: 61: Connection refused.
]). Retrying.
26-09-14 20:25:48 [-] [ERROR] Could not reach the Portal at localhost:4006 ([Failure instance: Traceback (failure with no frames): <class 'twisted.internet.error.ConnectionRefusedError'>: Connection was refused by other side: 61: Connection refused.
]). Retrying.
26-09-14 20:25:59 [-] [ERROR] Could not reach the Portal at localhost:4006 ([Failure instance: Traceback (failure with no frames): <class 'twisted.internet.error.ConnectionRefusedError'>: Connection was refused by other side: 61: Connection refused.
]). Retrying.
26-09-14 20:26:09 [-] [ERROR] Could not reach the Portal at localhost:4006 ([Failure instance: Traceback (failure with no frames): <class 'twisted.internet.error.ConnectionRefusedError'>: Connection was refused by other side: 61: Connection refused.
]). Retrying.
26-09-14 20:26:18 [-] [ERROR] Could not reach the Portal at localhost:4006 ([Failure instance: Traceback (failure with no frames): <class 'twisted.internet.error.ConnectionRefusedError'>: Connection was refused by other side: 61: Connection refused.
]). Retrying.
26-09-14 20:26:27 [-] [ERROR] Could not reach the Portal at localhost:4006 ([Failure instance: Traceback (failure with no frames): <class 'twisted.internet.error.ConnectionRefusedError'>: Connection was refused by other side: 61: Connection refused.
]). Retrying.
26-09-14 20:26:39 [-] [ERROR] Could not reach the Portal at localhost:4006 ([Failure instance: Traceback (failure with no frames): <class 'twisted.internet.error.ConnectionRefusedError'>: Connection was refused by other side: 61: Connection refused.
]). Retrying.
26-09-14 20:26:49 [-] [ERROR] Could not reach the Portal at localhost:4006 ([Failure instance: Traceback (failure with no frames): <class 'twisted.internet.error.ConnectionRefusedError'>: Connection was refused by other side: 61: Connection refused.
]). Retrying.
26-09-14 20:27:03 [-] [ERROR] Could not reach the Portal at localhost:4006 ([Failure instance: Traceback (failure with no frames): <class 'twisted.internet.error.ConnectionRefusedError'>: Connection was refused by other side: 61: Connection refused.
]). Retrying.
26-09-14 20:27:13 [-] [ERROR] Could not reach the Portal at localhost:4006 ([Failure instance: Traceback (failure with no frames): <class 'twisted.internet.error.ConnectionRefusedError'>: Connection was refused by other side: 61: Connection refused.
]). Retrying.
26-09-14 20:27:24 [-] [ERROR] Could not reach the Portal at localhost:4006 ([Failure instance: Traceback (failure with no frames): <class 'twisted.internet.error.ConnectionRefusedError'>: Connection was refused by other side: 61: Connection refused.
]). Retrying.
26-09-14 20:27:33 [-] [ERROR] Could not reach the Portal at localhost:4006 ([Failure instance: Traceback (failure with no frames): <class 'twisted.internet.error.ConnectionRefusedError'>: Connection was refused by other side: 61: Connection refused.
]). Retrying.
26-09-14 20:27:43 [-] [ERROR] Could not reach the Portal at localhost:4006 ([Failure instance: Traceback (failure with no frames): <class 'twisted.internet.error.ConnectionRefusedError'>: Connection was refused by other side: 61: Connection refused.
]). Retrying.
26-09-14 20:27:52 [-] [ERROR] Could not reach the Portal at localhost:4006 ([Failure instance: Traceback (failure with no frames): <class 'twisted.internet.error.ConnectionRefusedError'>: Connection was refused by other side: 61: Connection refused.
]). Retrying.
26-09-14 20:28:01 [-] [ERROR] Could not reach the Portal at localhost:4006 ([Failure instance: Traceback (failure with no frames): <class 'twisted.internet.error.ConnectionRefusedError'>: Connection was refused by other side: 61: Connection refused.
]). Retrying.
26-09-14 20:28:13 [-] [ERROR] Could not reach the Portal at localhost:4006 ([Failure instance: Traceback (failure with no frames): <class 'twisted.internet.error.ConnectionRefusedError'>: Connection was refused by other side: 61: Connection refused.
]). Retrying.
26-09-14 20:28:22 [-] [ERROR] Could not reach the Portal at localhost:4006 ([Failure instance: Traceback (failure with no frames): <class 'twisted.internet.error.ConnectionRefusedError'>: Connection was refused by other side: 61: Connection refused.
]). Retrying.
26-09-14 20:28:31 [-] [ERROR] Could not reach the Portal at localhost:4006 ([Failure instance: Traceback (failure with no frames): <class 'twisted.internet.error.ConnectionRefusedError'>: Connection was refused by other side: 61: Connection refused.
]). Retrying.
26-09-14 20:28:43 [-] [ERROR] Could not reach the Portal at localhost:4006 ([Failure instance: Traceback (failure with no frames): <class 'twisted.internet.error.ConnectionRefusedError'>: Connection was refused by other side: 61: Connection refused.
]). Retrying.
26-09-14 20:28:53 [-] [ERROR] Could not reach the Portal at localhost:4006 ([Failure instance: Traceback (failure with no frames): <class 'twisted.internet.error.ConnectionRefusedError'>: Connection was refused by other side: 61: Connection refused.
]). Retrying.
26-09-14 20:29:02 [-] [ERROR] Could not reach the Portal at localhost:4006 ([Failure instance: Traceback (failure with no frames): <class 'twisted.internet.error.ConnectionRefusedError'>: Connection was refused by other side: 61: Connection refused.
]). Retrying.
26-09-14 20:29:13 [-] [ERROR] Could not reach the Portal at localhost:4006 ([Failure instance: Traceback (failure with no frames): <class 'twisted.internet.error.ConnectionRefusedError'>: Connection was refused by other side: 61: Connection refused.
]). Retrying.
26-09-14 20:29:25 [-] [ERROR] Could not reach the Portal at localhost:4006 ([Failure instance: Traceback (failure with no frames): <class 'twisted.internet.error.ConnectionRefusedError'>: Connection was refused by other side: 61: Connection refused.
]). Retrying.
26-09-14 20:29:35 [-] [ERROR] Could not reach the Portal at localhost:4006 ([Failure instance: Traceback (failure with no frames): <class 'twisted.internet.error.ConnectionRefusedError'>: Connection was refused by other side: 61: Connection refused.
]). Retrying.
26-09-14 20:29:43 [-] [ERROR] Could not reach the Portal at localhost:4006 ([Failure instance: Traceback (failure with no frames): <class 'twisted.internet.error.ConnectionRefusedError'>: Connection was refused by other side: 61: Connection refused.
]). Retrying.
26-09-14 20:29:54 [-] [ERROR] Could not reach the Portal at localhost:4006 ([Failure instance: Traceback (failure with no frames): <class 'twisted.internet.error.ConnectionRefusedError'>: Connection was refused by other side: 61: Connection refused.
]). Retrying.
26-09-14 20:30:09 [-] [ERROR] Could not reach the Portal at localhost:4006 ([Failure instance: Traceback (failure with no frames): <class 'twisted.internet.error.ConnectionRefusedError'>: Connection was refused by other side: 61: Connection refused.
]). Retrying.
26-09-14 20:30:19 [-] [ERROR] Could not reach the Portal at localhost:4006 ([Failure instance: Traceback (failure with no frames): <class 'twisted.internet.error.ConnectionRefusedError'>: Connection was refused by other side: 61: Connection refused.
]). Retrying.
26-09-14 20:30:29 [-] [ERROR] Could not reach the Portal at localhost:4006 ([Failure instance: Traceback (failure with no frames): <class 'twisted.internet.error.ConnectionRefusedError'>: Connection was refused by other side: 61: Connection refused.
]). Retrying.
26-09-14 20:30:38 [-] [ERROR] Could not reach the Portal at localhost:4006 ([Failure instance: Traceback (failure with no frames): <class 'twisted.internet.error.ConnectionRefusedError'>: Connection was refused by other side: 61: Connection refused.
]). Retrying.
26-09-14 20:30:47 [-] [ERROR] Could not reach the Portal at localhost:4006 ([Failure instance: Traceback (failure with no frames): <class 'twisted.internet.error.ConnectionRefusedError'>: Connection was refused by other side: 61: Connection refused.
]). Retrying.
26-09-14 20:30:56 [-] [ERROR] Could not reach the Portal at localhost:4006 ([Failure instance: Traceback (failure with no frames): <class 'twisted.internet.error.ConnectionRefusedError'>: Connection was refused by other side: 61: Connection refused.
]). Retrying.
26-09-14 20:31:05 [-] [ERROR] Could not reach the Portal at localhost:4006 ([Failure instance: Traceback (failure with no frames): <class 'twisted.internet.error.ConnectionRefusedError'>: Connection was refused by other side: 61: Connection refused.
]). Retrying.
26-09-14 20:31:14 [-] [ERROR] Could not reach the Portal at localhost:4006 ([Failure instance: Traceback (failure with no frames): <class 'twisted.internet.error.ConnectionRefusedError'>: Connection was refused by other side: 61: Connection refused.
]). Retrying.
26-09-14 20:31:26 [-] [ERROR] Could not reach the Portal at localhost:4006 ([Failure instance: Traceback (failure with no frames): <class 'twisted.internet.error.ConnectionRefusedError'>: Connection was refused by other side: 61: Connection refused.
]). Retrying.
26-09-14 20:31:37 [-] [ERROR] Could not reach the Portal at localhost:4006 ([Failure instance: Traceback (failure with no frames): <class 'twisted.internet.error.ConnectionRefusedError'>: Connection was refused by other side: 61: Connection refused.
]). Retrying.
26-09-14 20:31:48 [-] [ERROR] Could not reach the Portal at localhost:4006 ([Failure instance: Traceback (failure with no frames): <class 'twisted.internet.error.ConnectionRefusedError'>: Connection was refused by other side: 61: Connection refused.
]). Retrying.
26-09-14 20:31:59 [-] [ERROR] Could not reach the Portal at localhost:4006 ([Failure instance: Traceback (failure with no frames): <class 'twisted.internet.error.ConnectionRefusedError'>: Connection was refused by other side: 61: Connection refused.
]). Retrying.
26-09-14 20:32:07 [-] [ERROR] Could not reach the Portal at localhost:4006 ([Failure instance: Traceback (failure with no frames): <class 'twisted.internet.error.ConnectionRefusedError'>: Connection was refused by other side: 61: Connection refused.
]). Retrying.
26-09-14 20:32:18 [-] [ERROR] Could not reach the Portal at localhost:4006 ([Failure instance: Traceback (failure with no frames): <class 'twisted.internet.error.ConnectionRefusedError'>: Connection was refused by other side: 61: Connection refused.
]). Retrying.
26-09-14 20:32:28 [-] [ERROR] Could not reach the Portal at localhost:4006 ([Failure instance: Traceback (failure with no frames): <class 'twisted.internet.error.ConnectionRefusedError'>: Connection was refused by other side: 61: Connection refused.
]). Retrying.
26-09-14 20:32:36 [-] [ERROR] Could not reach the Portal at localhost:4006 ([Failure instance: Traceback (failure with no frames): <class 'twisted.internet.error.ConnectionRefusedError'>: Connection was refused by other side: 61: Connection refused.
]). Retrying.
26-09-14 20:32:47 [-] [ERROR] Could not reach the Portal at localhost:4006 ([Failure instance: Traceback (failure with no frames): <class 'twisted.internet.error.ConnectionRefusedError'>: Connection was refused by other side: 61: Connection refused.
]). Retrying.
26-09-14 20:32:59 [-] [ERROR] Could not reach the Portal at localhost:4006 ([Failure instance: Traceback (failure with no frames): <class 'twisted.internet.error.ConnectionRefusedError'>: Connection was refused by other side: 61: Connection refused.
]). Retrying.
26-09-14 20:33:08 [-] [ERROR] Could not reach the Portal at localhost:4006 ([Failure instance: Traceback (failure with no frames): <class 'twisted.internet.error.ConnectionRefusedError'>: Connection was refused by other side: 61: Connection refused.
]). Retrying.
26-09-14 20:33:19 [-] [ERROR] Could not reach the Portal at localhost:4006 ([Failure instance: Traceback (failure with no frames): <class 'twisted.internet.error.ConnectionRefusedError'>: Connection was refused by other side: 61: Connection refused.
]). Retrying.
26-09-14 20:33:29 [-] [ERROR] Could not reach the Portal at localhost:4006 ([Failure instance: Traceback (failure with no frames): <class 'twisted.internet.error.ConnectionRefusedError'>: Connection was refused by other side: 61: Connection refused.
]). Retrying.
26-09-14 20:33:39 [-] [ERROR] Could not reach the Portal at localhost:4006 ([Failure instance: Traceback (failure with no frames): <class 'twisted.internet.error.ConnectionRefusedError'>: Connection was refused by other side: 61: Connection refused.
]). Retrying.
26-09-14 20:33:50 [-] [ERROR] Could not reach the Portal at localhost:4006 ([Failure instance: Traceback (failure with no frames): <class 'twisted.internet.error.ConnectionRefusedError'>: Connection was refused by other side: 61: Connection refused.
]). Retrying.
26-09-14 20:33:58 [-] [ERROR] Could not reach the Portal at localhost:4006 ([Failure instance: Traceback (failure with no frames): <class 'twisted.internet.error.ConnectionRefusedError'>: Connection was refused by other side: 61: Connection refused.
]). Retrying.
26-09-14 20:34:10 [-] [ERROR] Could not reach the Portal at localhost:4006 ([Failure instance: Traceback (failure with no frames): <class 'twisted.internet.error.ConnectionRefusedError'>: Connection was refused by other side: 61: Connection refused.
]). Retrying.
26-09-14 20:34:24 [-] [ERROR] Could not reach the Portal at localhost:4006 ([Failure instance: Traceback (failure with no frames): <class 'twisted.internet.error.ConnectionRefusedError'>: Connection was refused by other side: 61: Connection refused.
]). Retrying.
26-09-14 20:34:33 [-] [ERROR] Could not reach the Portal at localhost:4006 ([Failure instance: Traceback (failure with no frames): <class 'twisted.internet.error.ConnectionRefusedError'>: Connection was refused by other side: 61: Connection refused.
]). Retrying.
26-09-14 20:34:43 [-] [ERROR] Could not reach the Portal at localhost:4006 ([Failure instance: Traceback (failure with no frames): <class 'twisted.internet.error.ConnectionRefusedError'>: Connection was refused by other side: 61: Connection refused.
]). Retrying.
26-09-14 20:34:57 [-] [ERROR] Could not reach the Portal at localhost:4006 ([Failure instance: Traceback (failure with no frames): <class 'twisted.internet.error.ConnectionRefusedError'>: Connection was refused by other side: 61: Connection refused.
]). Retrying.
26-09-14 20:35:06 [-] [ERROR] Could not reach the Portal at localhost:4006 ([Failure instance: Traceback (failure with no frames): <class 'twisted.internet.error.ConnectionRefusedError'>: Connection was refused by other side: 61: Connection refused.
]). Retrying.
26-09-14 20:35:14 [-] [ERROR] Could not reach the Portal at localhost:4006 ([Failure instance: Traceback (failure with no frames): <class 'twisted.internet.error.ConnectionRefusedError'>: Connection was refused by other side: 61: Connection refused.
]). Retrying.
26-09-14 20:35:24 [-] [ERROR] Could not reach the Portal at localhost:4006 ([Failure instance: Traceback (failure with no frames): <class 'twisted.internet.error.ConnectionRefusedError'>: Connection was refused by other side: 61: Connection refused.
]). Retrying.
26-09-14 20:35:32 [-] [ERROR] Could not reach the Portal at localhost:4006 ([Failure instance: Traceback (failure with no frames): <class 'twisted.internet.error.ConnectionRefusedError'>: Connection was refused by other side: 61: Connection refused.
]). Retrying.
26-09-14 20:35:42 [-] [ERROR] Could not reach the Portal at localhost:4006 ([Failure instance: Traceback (failure with no frames): <class 'twisted.internet.error.ConnectionRefusedError'>: Connection was refused by other side: 61: Connection refused.
]). Retrying.
26-09-14 20:35:52 [-] [ERROR] Could not reach the Portal at localhost:4006 ([Failure instance: Traceback (failure with no frames): <class 'twisted.internet.error.ConnectionRefusedError'>: Connection was refused by other side: 61: Connection refused.
]). Retrying.
26-09-14 20:36:04 [-] [ERROR] Could not reach the Portal at localhost:4006 ([Failure instance: Traceback (failure with no frames): <class 'twisted.internet.error.ConnectionRefusedError'>: Connection was refused by other side: 61: Connection refused.
]). Retrying.
26-09-14 20:36:14 [-] [ERROR] Could not reach the Portal at localhost:4006 ([Failure instance: Traceback (failure with no frames): <class 'twisted.internet.error.ConnectionRefusedError'>: Connection was refused by other side: 61: Connection refused.
]). Retrying.
26-09-14 20:36:25 [-] [ERROR] Could not reach the Portal at localhost:4006 ([Failure instance: Traceback (failure with no frames): <class 'twisted.internet.error.ConnectionRefusedError'>: Connection was refused by other side: 61: Connection refused.
]). Retrying.
26-09-14 20:36:36 [-] [ERROR] Could not reach the Portal at localhost:4006 ([Failure instance: Traceback (failure with no frames): <class 'twisted.internet.error.ConnectionRefusedError'>: Connection was refused by other side: 61: Connection refused.
]). Retrying.
26-09-14 20:36:47 [-] [ERROR] Could not reach the Portal at localhost:4006 ([Failure instance: Traceback (failure with no frames): <class 'twisted.internet.error.ConnectionRefusedError'>: Connection was refused by other side: 61: Connection refused.
]). Retrying.
26-09-14 20:36:57 [-] [ERROR] Could not reach the Portal at localhost:4006 ([Failure instance: Traceback (failure with no frames): <class 'twisted.internet.error.ConnectionRefusedError'>: Connection was refused by other side: 61: Connection refused.
]). Retrying.
26-09-14 20:37:08 [-] [ERROR] Could not reach the Portal at localhost:4006 ([Failure instance: Traceback (failure with no frames): <class 'twisted.internet.error.ConnectionRefusedError'>: Connection was refused by other side: 61: Connection refused.
]). Retrying.
26-09-14 20:37:16 [-] [ERROR] Could not reach the Portal at localhost:4006 ([Failure instance: Traceback (failure with no frames): <class 'twisted.internet.error.ConnectionRefusedError'>: Connection was refused by other side: 61: Connection refused.
]). Retrying.
26-09-14 20:37:28 [-] [ERROR] Could not reach the Portal at localhost:4006 ([Failure instance: Traceback (failure with no frames): <class 'twisted.internet.error.ConnectionRefusedError'>: Connection was refused by other side: 61: Connection refused.
]). Retrying.
26-09-14 20:37:38 [-] [ERROR] Could not reach the Portal at localhost:4006 ([Failure instance: Traceback (failure with no frames): <class 'twisted.internet.error.ConnectionRefusedError'>: Connection was refused by other side: 61: Connection refused.
]). Retrying.
26-09-14 20:37:49 [-] [ERROR] Could not reach the Portal at localhost:4006 ([Failure instance: Traceback (failure with no frames): <class 'twisted.internet.error.ConnectionRefusedError'>: Connection was refused by other side: 61: Connection refused.
]). Retrying.
26-09-14 20:37:59 [-] [ERROR] Could not reach the Portal at localhost:4006 ([Failure instance: Traceback (failure with no frames): <class 'twisted.internet.error.ConnectionRefusedError'>: Connection was refused by other side: 61: Connection refused.
]). Retrying.
26-09-14 20:38:10 [-] [ERROR] Could not reach the Portal at localhost:4006 ([Failure instance: Traceback (failure with no frames): <class 'twisted.internet.error.ConnectionRefusedError'>: Connection was refused by other side: 61: Connection refused.
]). Retrying.
26-09-14 20:38:20 [-] [ERROR] Could not reach the Portal at localhost:4006 ([Failure instance: Traceback (failure with no frames): <class 'twisted.internet.error.ConnectionRefusedError'>: Connection was refused by other side: 61: Connection refused.
]). Retrying.
26-09-14 20:38:29 [-] [ERROR] Could not reach the Portal at localhost:4006 ([Failure instance: Traceback (failure with no frames): <class 'twisted.internet.error.ConnectionRefusedError'>: Connection was refused by other side: 61: Connection refused.
]). Retrying.
26-09-14 20:38:39 [-] [ERROR] Could not reach the Portal at localhost:4006 ([Failure instance: Traceback (failure with no frames): <class 'twisted.internet.error.ConnectionRefusedError'>: Connection was refused by other side: 61: Connection refused.
]). Retrying.
26-09-14 20:38:49 [-] [ERROR] Could not reach the Portal at localhost:4006 ([Failure instance: Traceback (failure with no frames): <class 'twisted.internet.error.ConnectionRefusedError'>: Connection was refused by other side: 61: Connection refused.
]). Retrying.
26-09-14 20:38:59 [-] [ERROR] Could not reach the Portal at localhost:4006 ([Failure instance: Traceback (failure with no frames): <class 'twisted.internet.error.ConnectionRefusedError'>: Connection was refused by other side: 61: Connection refused.
]). Retrying.
26-09-14 20:39:09 [-] [ERROR] Could not reach the Portal at localhost:4006 ([Failure instance: Traceback (failure with no frames): <class 'twisted.internet.error.ConnectionRefusedError'>: Connection was refused by other side: 61: Connection refused.
]). Retrying.
26-09-14 20:39:18 [-] [ERROR] Could not reach the Portal at localhost:4006 ([Failure instance: Traceback (failure with no frames): <class 'twisted.internet.error.ConnectionRefusedError'>: Connection was refused by other side: 61: Connection refused.
]). Retrying.
26-09-14 20:39:29 [-] [ERROR] Could not reach the Portal at localhost:4006 ([Failure instance: Traceback (failure with no frames): <class 'twisted.internet.error.ConnectionRefusedError'>: Connection was refused by other side: 61: Connection refused.
]). Retrying.
26-09-14 20:39:39 [-] [ERROR] Could not reach the Portal at localhost:4006 ([Failure instance: Traceback (failure with no frames): <class 'twisted.internet.error.ConnectionRefusedError'>: Connection was refused by other side: 61: Connection refused.
]). Retrying.
26-09-14 20:39:46 [-] [ERROR] Could not reach the Portal at localhost:4006 ([Failure instance: Traceback (failure with no frames): <class 'twisted.internet.error.ConnectionRefusedError'>: Connection was refused by other side: 61: Connection refused.
]). Retrying.
26-09-14 20:39:55 [-] [ERROR] Could not reach the Portal at localhost:4006 ([Failure instance: Traceback (failure with no frames): <class 'twisted.internet.error.ConnectionRefusedError'>: Connection was refused by other side: 61: Connection refused.
]). Retrying.
26-09-14 20:40:06 [-] [ERROR] Could not reach the Portal at localhost:4006 ([Failure instance: Traceback (failure with no frames): <class 'twisted.internet.error.ConnectionRefusedError'>: Connection was refused by other side: 61: Connection refused.
]). Retrying.
26-09-14 20:40:17 [-] [ERROR] Could not reach the Portal at localhost:4006 ([Failure instance: Traceback (failure with no frames): <class 'twisted.internet.error.ConnectionRefusedError'>: Connection was refused by other side: 61: Connection refused.
]). Retrying.
26-09-14 20:40:26 [-] [ERROR] Could not reach the Portal at localhost:4006 ([Failure instance: Traceback (failure with no frames): <class 'twisted.internet.error.ConnectionRefusedError'>: Connection was refused by other side: 61: Connection refused.
]). Retrying.
26-09-14 20:40:36 [-] [ERROR] Could not reach the Portal at localhost:4006 ([Failure instance: Traceback (failure with no frames): <class 'twisted.internet.error.ConnectionRefusedError'>: Connection was refused by other side: 61: Connection refused.
]). Retrying.
26-09-14 20:40:45 [-] [ERROR] Could not reach the Portal at localhost:4006 ([Failure instance: Traceback (failure with no frames): <class 'twisted.internet.error.ConnectionRefusedError'>: Connection was refused by other side: 61: Connection refused.
]). Retrying.
26-09-14 20:40:53 [-] [ERROR] Could not reach the Portal at localhost:4006 ([Failure instance: Traceback (failure with no frames): <class 'twisted.internet.error.ConnectionRefusedError'>: Connection was refused by other side: 61: Connection refused.
]). Retrying.
26-09-14 20:41:03 [-] [ERROR] Could not reach the Portal at localhost:4006 ([Failure instance: Traceback (failure with no frames): <class 'twisted.internet.error.ConnectionRefusedError'>: Connection was refused by other side: 61: Connection refused.
]). Retrying.
26-09-14 20:41:12 [-] [ERROR] Could not reach the Portal at localhost:4006 ([Failure instance: Traceback (failure with no frames): <class 'twisted.internet.error.ConnectionRefusedError'>: Connection was refused by other side: 61: Connection refused.
]). Retrying.
26-09-14 20:41:22 [-] [ERROR] Could not reach the Portal at localhost:4006 ([Failure instance: Traceback (failure with no frames): <class 'twisted.internet.error.ConnectionRefusedError'>: Connection was refused by other side: 61: Connection refused.
]). Retrying.
26-09-14 20:41:32 [-] [ERROR] Could not reach the Portal at localhost:4006 ([Failure instance: Traceback (failure with no frames): <class 'twisted.internet.error.ConnectionRefusedError'>: Connection was refused by other side: 61: Connection refused.
]). Retrying.
26-09-14 20:41:42 [-] [ERROR] Could not reach the Portal at localhost:4006 ([Failure instance: Traceback (failure with no frames): <class 'twisted.internet.error.ConnectionRefusedError'>: Connection was refused by other side: 61: Connection refused.
]). Retrying.
26-09-14 20:41:51 [-] [ERROR] Could not reach the Portal at localhost:4006 ([Failure instance: Traceback (failure with no frames): <class 'twisted.internet.error.ConnectionRefusedError'>: Connection was refused by other side: 61: Connection refused.
]). Retrying.
26-09-14 20:42:01 [-] [ERROR] Could not reach the Portal at localhost:4006 ([Failure instance: Traceback (failure with no frames): <class 'twisted.internet.error.ConnectionRefusedError'>: Connection was refused by other side: 61: Connection refused.
]). Retrying.
26-09-14 20:42:11 [-] [ERROR] Could not reach the Portal at localhost:4006 ([Failure instance: Traceback (failure with no frames): <class 'twisted.internet.error.ConnectionRefusedError'>: Connection was refused by other side: 61: Connection refused.
]). Retrying.
26-09-14 20:42:23 [-] [ERROR] Could not reach the Portal at localhost:4006 ([Failure instance: Traceback (failure with no frames): <class 'twisted.internet.error.ConnectionRefusedError'>: Connection was refused by other side: 61: Connection refused.
]). Retrying.
26-09-14 20:42:33 [-] [ERROR] Could not reach the Portal at localhost:4006 ([Failure instance: Traceback (failure with no frames): <class 'twisted.internet.error.ConnectionRefusedError'>: Connection was refused by other side: 61: Connection refused.
]). Retrying.
26-09-14 20:42:42 [-] [ERROR] Could not reach the Portal at localhost:4006 ([Failure instance: Traceback (failure with no frames): <class 'twisted.internet.error.ConnectionRefusedError'>: Connection was refused by other side: 61: Connection refused.
]). Retrying.
26-09-14 20:42:52 [-] [ERROR] Could not reach the Portal at localhost:4006 ([Failure instance: Traceback (failure with no frames): <class 'twisted.internet.error.ConnectionRefusedError'>: Connection was refused by other side: 61: Connection refused.
]). Retrying.
26-09-14 20:43:01 [-] [ERROR] Could not reach the Portal at localhost:4006 ([Failure instance: Traceback (failure with no frames): <class 'twisted.internet.error.ConnectionRefusedError'>: Connection was refused by other side: 61: Connection refused.
]). Retrying.
26-09-14 20:43:13 [-] [ERROR] Could not reach the Portal at localhost:4006 ([Failure instance: Traceback (failure with no frames): <class 'twisted.internet.error.ConnectionRefusedError'>: Connection was refused by other side: 61: Connection refused.
]). Retrying.
26-09-14 20:43:22 [-] [ERROR] Could not reach the Portal at localhost:4006 ([Failure instance: Traceback (failure with no frames): <class 'twisted.internet.error.ConnectionRefusedError'>: Connection was refused by other side: 61: Connection refused.
]). Retrying.
26-09-14 20:43:33 [-] [ERROR] Could not reach the Portal at localhost:4006 ([Failure instance: Traceback (failure with no frames): <class 'twisted.internet.error.ConnectionRefusedError'>: Connection was refused by other side: 61: Connection refused.
]). Retrying.
26-09-14 20:43:44 [-] [ERROR] Could not reach the Portal at localhost:4006 ([Failure instance: Traceback (failure with no frames): <class 'twisted.internet.error.ConnectionRefusedError'>: Connection was refused by other side: 61: Connection refused.
]). Retrying.
26-09-14 20:43:55 [-] [ERROR] Could not reach the Portal at localhost:4006 ([Failure instance: Traceback (failure with no frames): <class 'twisted.internet.error.ConnectionRefusedError'>: Connection was refused by other side: 61: Connection refused.
]). Retrying.
26-09-14 20:44:06 [-] [ERROR] Could not reach the Portal at localhost:4006 ([Failure instance: Traceback (failure with no frames): <class 'twisted.internet.error.ConnectionRefusedError'>: Connection was refused by other side: 61: Connection refused.
]). Retrying.
26-09-14 20:44:14 [-] [ERROR] Could not reach the Portal at localhost:4006 ([Failure instance: Traceback (failure with no frames): <class 'twisted.internet.error.ConnectionRefusedError'>: Connection was refused by other side: 61: Connection refused.
]). Retrying.
26-09-14 20:44:24 [-] [ERROR] Could not reach the Portal at localhost:4006 ([Failure instance: Traceback (failure with no frames): <class 'twisted.internet.error.ConnectionRefusedError'>: Connection was refused by other side: 61: Connection refused.
]). Retrying.
26-09-14 20:44:33 [-] [ERROR] Could not reach the Portal at localhost:4006 ([Failure instance: Traceback (failure with no frames): <class 'twisted.internet.error.ConnectionRefusedError'>: Connection was refused by other side: 61: Connection refused.
]). Retrying.
26-09-14 20:44:43 [-] [ERROR] Could not reach the Portal at localhost:4006 ([Failure instance: Traceback (failure with no frames): <class 'twisted.internet.error.ConnectionRefusedError'>: Connection was refused by other side: 61: Connection refused.
]). Retrying.
26-09-14 20:44:52 [-] [ERROR] Could not reach the Portal at localhost:4006 ([Failure instance: Traceback (failure with no frames): <class 'twisted.internet.error.ConnectionRefusedError'>: Connection was refused by other side: 61: Connection refused.
]). Retrying.
26-09-14 20:45:04 [-] [ERROR] Could not reach the Portal at localhost:4006 ([Failure instance: Traceback (failure with no frames): <class 'twisted.internet.error.ConnectionRefusedError'>: Connection was refused by other side: 61: Connection refused.
]). Retrying.
26-09-14 20:45:12 [-] [ERROR] Could not reach the Portal at localhost:4006 ([Failure instance: Traceback (failure with no frames): <class 'twisted.internet.error.ConnectionRefusedError'>: Connection was refused by other side: 61: Connection refused.
]). Retrying.
26-09-14 20:45:20 [-] [ERROR] Could not reach the Portal at localhost:4006 ([Failure instance: Traceback (failure with no frames): <class 'twisted.internet.error.ConnectionRefusedError'>: Connection was refused by other side: 61: Connection refused.
]). Retrying.
26-09-14 20:45:30 [-] [ERROR] Could not reach the Portal at localhost:4006 ([Failure instance: Traceback (failure with no frames): <class 'twisted.internet.error.ConnectionRefusedError'>: Connection was refused by other side: 61: Connection refused.
]). Retrying.
26-09-14 20:45:40 [-] [ERROR] Could not reach the Portal at localhost:4006 ([Failure instance: Traceback (failure with no frames): <class 'twisted.internet.error.ConnectionRefusedError'>: Connection was refused by other side: 61: Connection refused.
]). Retrying.
26-09-14 20:45:49 [-] [ERROR] Could not reach the Portal at localhost:4006 ([Failure instance: Traceback (failure with no frames): <class 'twisted.internet.error.ConnectionRefusedError'>: Connection was refused by other side: 61: Connection refused.
]). Retrying.
26-09-14 20:45:57 [-] [ERROR] Could not reach the Portal at localhost:4006 ([Failure instance: Traceback (failure with no frames): <class 'twisted.internet.error.ConnectionRefusedError'>: Connection was refused by other side: 61: Connection refused.
]). Retrying.
26-09-14 20:46:05 [-] [ERROR] Could not reach the Portal at localhost:4006 ([Failure instance: Traceback (failure with no frames): <class 'twisted.internet.error.ConnectionRefusedError'>: Connection was refused by other side: 61: Connection refused.
]). Retrying.
26-09-14 20:46:16 [-] [ERROR] Could not reach the Portal at localhost:4006 ([Failure instance: Traceback (failure with no frames): <class 'twisted.internet.error.ConnectionRefusedError'>: Connection was refused by other side: 61: Connection refused.
]). Retrying.
26-09-14 20:46:26 [-] [ERROR] Could not reach the Portal at localhost:4006 ([Failure instance: Traceback (failure with no frames): <class 'twisted.internet.error.ConnectionRefusedError'>: Connection was refused by other side: 61: Connection refused.
]). Retrying.
26-09-14 20:46:36 [-] [ERROR] Could not reach the Portal at localhost:4006 ([Failure instance: Traceback (failure with no frames): <class 'twisted.internet.error.ConnectionRefusedError'>: Connection was refused by other side: 61: Connection refused.
]). Retrying.
26-09-14 20:46:47 [-] [ERROR] Could not reach the Portal at localhost:4006 ([Failure instance: Traceback (failure with no frames): <class 'twisted.internet.error.ConnectionRefusedError'>: Connection was refused by other side: 61: Connection refused.
]). Retrying.
26-09-14 20:46:58 [-] [ERROR] Could not reach the Portal at localhost:4006 ([Failure instance: Traceback (failure with no frames): <class 'twisted.internet.error.ConnectionRefusedError'>: Connection was refused by other side: 61: Connection refused.
]). Retrying.
26-09-14 20:47:07 [-] [ERROR] Could not reach the Portal at localhost:4006 ([Failure instance: Traceback (failure with no frames): <class 'twisted.internet.error.ConnectionRefusedError'>: Connection was refused by other side: 61: Connection refused.
]). Retrying.
26-09-14 20:47:17 [-] [ERROR] Could not reach the Portal at localhost:4006 ([Failure instance: Traceback (failure with no frames): <class 'twisted.internet.error.ConnectionRefusedError'>: Connection was refused by other side: 61: Connection refused.
]). Retrying.
26-09-14 20:47:29 [-] [ERROR] Could not reach the Portal at localhost:4006 ([Failure instance: Traceback (failure with no frames): <class 'twisted.internet.error.ConnectionRefusedError'>: Connection was refused by other side: 61: Connection refused.
]). Retrying.
26-09-14 20:47:38 [-] [ERROR] Could not reach the Portal at localhost:4006 ([Failure instance: Traceback (failure with no frames): <class 'twisted.internet.error.ConnectionRefusedError'>: Connection was refused by other side: 61: Connection refused.
]). Retrying.
26-09-14 20:47:49 [-] [ERROR] Could not reach the Portal at localhost:4006 ([Failure instance: Traceback (failure with no frames): <class 'twisted.internet.error.ConnectionRefusedError'>: Connection was refused by other side: 61: Connection refused.
]). Retrying.
26-09-14 20:48:00 [-] [ERROR] Could not reach the Portal at localhost:4006 ([Failure instance: Traceback (failure with no frames): <class 'twisted.internet.error.ConnectionRefusedError'>: Connection was refused by other side: 61: Connection refused.
]). Retrying.
26-09-14 20:48:11 [-] [ERROR] Could not reach the Portal at localhost:4006 ([Failure instance: Traceback (failure with no frames): <class 'twisted.internet.error.ConnectionRefusedError'>: Connection was refused by other side: 61: Connection refused.
]). Retrying.
26-09-14 20:48:21 [-] [ERROR] Could not reach the Portal at localhost:4006 ([Failure instance: Traceback (failure with no frames): <class 'twisted.internet.error.ConnectionRefusedError'>: Connection was refused by other side: 61: Connection refused.
]). Retrying.
26-09-14 20:48:29 [-] [ERROR] Could not reach the Portal at localhost:4006 ([Failure instance: Traceback (failure with no frames): <class 'twisted.internet.error.ConnectionRefusedError'>: Connection was refused by other side: 61: Connection refused.
]). Retrying.
26-09-14 20:48:39 [-] [ERROR] Could not reach the Portal at localhost:4006 ([Failure instance: Traceback (failure with no frames): <class 'twisted.internet.error.ConnectionRefusedError'>: Connection was refused by other side: 61: Connection refused.
]). Retrying.
26-09-14 20:48:47 [-] [ERROR] Could not reach the Portal at localhost:4006 ([Failure instance: Traceback (failure with no frames): <class 'twisted.internet.error.ConnectionRefusedError'>: Connection was refused by other side: 61: Connection refused.
]). Retrying.
26-09-14 20:48:56 [-] [ERROR] Could not reach the Portal at localhost:4006 ([Failure instance: Traceback (failure with no frames): <class 'twisted.internet.error.ConnectionRefusedError'>: Connection was refused by other side: 61: Connection refused.
]). Retrying.
26-09-14 20:49:08 [-] [ERROR] Could not reach the Portal at localhost:4006 ([Failure instance: Traceback (failure with no frames): <class 'twisted.internet.error.ConnectionRefusedError'>: Connection was refused by other side: 61: Connection refused.
]). Retrying.
26-09-14 20:49:16 [-] [ERROR] Could not reach the Portal at localhost:4006 ([Failure instance: Traceback (failure with no frames): <class 'twisted.internet.error.ConnectionRefusedError'>: Connection was refused by other side: 61: Connection refused.
]). Retrying.
26-09-14 20:49:26 [-] [ERROR] Could not reach the Portal at localhost:4006 ([Failure instance: Traceback (failure with no frames): <class 'twisted.internet.error.ConnectionRefusedError'>: Connection was refused by other side: 61: Connection refused.
]). Retrying.
26-09-14 20:49:36 [-] [ERROR] Could not reach the Portal at localhost:4006 ([Failure instance: Traceback (failure with no frames): <class 'twisted.internet.error.ConnectionRefusedError'>: Connection was refused by other side: 61: Connection refused.
]). Retrying.
26-09-14 20:49:44 [-] [ERROR] Could not reach the Portal at localhost:4006 ([Failure instance: Traceback (failure with no frames): <class 'twisted.internet.error.ConnectionRefusedError'>: Connection was refused by other side: 61: Connection refused.
]). Retrying.
26-09-14 20:49:54 [-] [ERROR] Could not reach the Portal at localhost:4006 ([Failure instance: Traceback (failure with no frames): <class 'twisted.internet.error.ConnectionRefusedError'>: Connection was refused by other side: 61: Connection refused.
]). Retrying.
26-09-14 20:50:02 [-] [ERROR] Could not reach the Portal at localhost:4006 ([Failure instance: Traceback (failure with no frames): <class 'twisted.internet.error.ConnectionRefusedError'>: Connection was refused by other side: 61: Connection refused.
]). Retrying.
26-09-14 20:50:12 [-] [ERROR] Could not reach the Portal at localhost:4006 ([Failure instance: Traceback (failure with no frames): <class 'twisted.internet.error.ConnectionRefusedError'>: Connection was refused by other side: 61: Connection refused.
]). Retrying.
26-09-14 20:50:23 [-] [ERROR] Could not reach the Portal at localhost:4006 ([Failure instance: Traceback (failure with no frames): <class 'twisted.internet.error.ConnectionRefusedError'>: Connection was refused by other side: 61: Connection refused.
]). Retrying.
26-09-14 20:50:32 [-] [ERROR] Could not reach the Portal at localhost:4006 ([Failure instance: Traceback (failure with no frames): <class 'twisted.internet.error.ConnectionRefusedError'>: Connection was refused by other side: 61: Connection refused.
]). Retrying.
26-09-14 20:50:42 [-] [ERROR] Could not reach the Portal at localhost:4006 ([Failure instance: Traceback (failure with no frames): <class 'twisted.internet.error.ConnectionRefusedError'>: Connection was refused by other side: 61: Connection refused.
]). Retrying.
26-09-14 20:50:51 [-] [ERROR] Could not reach the Portal at localhost:4006 ([Failure instance: Traceback (failure with no frames): <class 'twisted.internet.error.ConnectionRefusedError'>: Connection was refused by other side: 61: Connection refused.
]). Retrying.
26-09-14 20:51:02 [-] [ERROR] Could not reach the Portal at localhost:4006 ([Failure instance: Traceback (failure with no frames): <class 'twisted.internet.error.ConnectionRefusedError'>: Connection was refused by other side: 61: Connection refused.
]). Retrying.
26-09-14 20:51:12 [-] [ERROR] Could not reach the Portal at localhost:4006 ([Failure instance: Traceback (failure with no frames): <class 'twisted.internet.error.ConnectionRefusedError'>: Connection was refused by other side: 61: Connection refused.
]). Retrying.
26-09-14 20:51:22 [-] [ERROR] Could not reach the Portal at localhost:4006 ([Failure instance: Traceback (failure with no frames): <class 'twisted.internet.error.ConnectionRefusedError'>: Connection was refused by other side: 61: Connection refused.
]). Retrying.
26-09-14 20:51:33 [-] [ERROR] Could not reach the Portal at localhost:4006 ([Failure instance: Traceback (failure with no frames): <class 'twisted.internet.error.ConnectionRefusedError'>: Connection was refused by other side: 61: Connection refused.
]). Retrying.
26-09-14 20:51:42 [-] [ERROR] Could not reach the Portal at localhost:4006 ([Failure instance: Traceback (failure with no frames): <class 'twisted.internet.error.ConnectionRefusedError'>: Connection was refused by other side: 61: Connection refused.
]). Retrying.
26-09-14 20:51:53 [-] [ERROR] Could not reach the Portal at localhost:4006 ([Failure instance: Traceback (failure with no frames): <class 'twisted.internet.error.ConnectionRefusedError'>: Connection was refused by other side: 61: Connection refused.
]). Retrying.
26-09-14 20:52:05 [-] [ERROR] Could not reach the Portal at localhost:4006 ([Failure instance: Traceback (failure with no frames): <class 'twisted.internet.error.ConnectionRefusedError'>: Connection was refused by other side: 61: Connection refused.
]). Retrying.
26-09-14 20:52:15 [-] [ERROR] Could not reach the Portal at localhost:4006 ([Failure instance: Traceback (failure with no frames): <class 'twisted.internet.error.ConnectionRefusedError'>: Connection was refused by other side: 61: Connection refused.
]). Retrying.
26-09-14 20:52:28 [-] [ERROR] Could not reach the Portal at localhost:4006 ([Failure instance: Traceback (failure with no frames): <class 'twisted.internet.error.ConnectionRefusedError'>: Connection was refused by other side: 61: Connection refused.
]). Retrying.
26-09-14 20:52:39 [-] [ERROR] Could not reach the Portal at localhost:4006 ([Failure instance: Traceback (failure with no frames): <class 'twisted.internet.error.ConnectionRefusedError'>: Connection was refused by other side: 61: Connection refused.
]). Retrying.
26-09-14 20:52:46 [-] [ERROR] Could not reach the Portal at localhost:4006 ([Failure instance: Traceback (failure with no frames): <class 'twisted.internet.error.ConnectionRefusedError'>: Connection was refused by other side: 61: Connection refused.
]). Retrying.
26-09-14 20:52:55 [-] [ERROR] Could not reach the Portal at localhost:4006 ([Failure instance: Traceback (failure with no frames): <class 'twisted.internet.error.ConnectionRefusedError'>: Connection was refused by other side: 61: Connection refused.
]). Retrying.
26-09-14 20:53:06 [-] [ERROR] Could not reach the Portal at localhost:4006 ([Failure instance: Traceback (failure with no frames): <class 'twisted.internet.error.ConnectionRefusedError'>: Connection was refused by other side: 61: Connection refused.
]). Retrying.
26-09-14 20:53:16 [-] [ERROR] Could not reach the Portal at localhost:4006 ([Failure instance: Traceback (failure with no frames): <class 'twisted.internet.error.ConnectionRefusedError'>: Connection was refused by other side: 61: Connection refused.
]). Retrying.
26-09-14 20:53:27 [-] [ERROR] Could not reach the Portal at localhost:4006 ([Failure instance: Traceback (failure with no frames): <class 'twisted.internet.error.ConnectionRefusedError'>: Connection was refused by other side: 61: Connection refused.
]). Retrying.
26-09-14 20:53:36 [-] [ERROR] Could not reach the Portal at localhost:4006 ([Failure instance: Traceback (failure with no frames): <class 'twisted.internet.error.ConnectionRefusedError'>: Connection was refused by other side: 61: Connection refused.
]). Retrying.
26-09-14 20:53:47 [-] [ERROR] Could not reach the Portal at localhost:4006 ([Failure instance: Traceback (failure with no frames): <class 'twisted.internet.error.ConnectionRefusedError'>: Connection was refused by other side: 61: Connection refused.
]). Retrying.
26-09-14 20:53:58 [-] [ERROR] Could not reach the Portal at localhost:4006 ([Failure instance: Traceback (failure with no frames): <class 'twisted.internet.error.ConnectionRefusedError'>: Connection was refused by other side: 61: Connection refused.
]). Retrying.
26-09-14 20:54:06 [-] [ERROR] Could not reach the Portal at localhost:4006 ([Failure instance: Traceback (failure with no frames): <class 'twisted.internet.error.ConnectionRefusedError'>: Connection was refused by other side: 61: Connection refused.
]). Retrying.
26-09-14 20:54:17 [-] [ERROR] Could not reach the Portal at localhost:4006 ([Failure instance: Traceback (failure with no frames): <class 'twisted.internet.error.ConnectionRefusedError'>: Connection was refused by other side: 61: Connection refused.
]). Retrying.
26-09-14 20:54:27 [-] [ERROR] Could not reach the Portal at localhost:4006 ([Failure instance: Traceback (failure with no frames): <class 'twisted.internet.error.ConnectionRefusedError'>: Connection was refused by other side: 61: Connection refused.
]). Retrying.
26-09-14 20:54:39 [-] [ERROR] Could not reach the Portal at localhost:4006 ([Failure instance: Traceback (failure with no frames): <class 'twisted.internet.error.ConnectionRefusedError'>: Connection was refused by other side: 61: Connection refused.
]). Retrying.
26-09-14 20:54:48 [-] [ERROR] Could not reach the Portal at localhost:4006 ([Failure instance: Traceback (failure with no frames): <class 'twisted.internet.error.ConnectionRefusedError'>: Connection was refused by other side: 61: Connection refused.
]). Retrying.
26-09-14 20:55:01 [-] [ERROR] Could not reach the Portal at localhost:4006 ([Failure instance: Traceback (failure with no frames): <class 'twisted.internet.error.ConnectionRefusedError'>: Connection was refused by other side: 61: Connection refused.
]). Retrying.
26-09-14 20:55:11 [-] [ERROR] Could not reach the Portal at localhost:4006 ([Failure instance: Traceback (failure with no frames): <class 'twisted.internet.error.ConnectionRefusedError'>: Connection was refused by other side: 61: Connection refused.
]). Retrying.
26-09-14 20:55:21 [-] [ERROR] Could not reach the Portal at localhost:4006 ([Failure instance: Traceback (failure with no frames): <class 'twisted.internet.error.ConnectionRefusedError'>: Connection was refused by other side: 61: Connection refused.
]). Retrying.
26-09-14 20:55:30 [-] [ERROR] Could not reach the Portal at localhost:4006 ([Failure instance: Traceback (failure with no frames): <class 'twisted.internet.error.ConnectionRefusedError'>: Connection was refused by other side: 61: Connection refused.
]). Retrying.
26-09-14 20:55:40 [-] [ERROR] Could not reach the Portal at localhost:4006 ([Failure instance: Traceback (failure with no frames): <class 'twisted.internet.error.ConnectionRefusedError'>: Connection was refused by other side: 61: Connection refused.
]). Retrying.
26-09-14 20:55:49 [-] [ERROR] Could not reach the Portal at localhost:4006 ([Failure instance: Traceback (failure with no frames): <class 'twisted.internet.error.ConnectionRefusedError'>: Connection was refused by other side: 61: Connection refused.
]). Retrying.
26-09-14 20:56:00 [-] [ERROR] Could not reach the Portal at localhost:4006 ([Failure instance: Traceback (failure with no frames): <class 'twisted.internet.error.ConnectionRefusedError'>: Connection was refused by other side: 61: Connection refused.
]). Retrying.
26-09-14 20:56:09 [-] [ERROR] Could not reach the Portal at localhost:4006 ([Failure instance: Traceback (failure with no frames): <class 'twisted.internet.error.ConnectionRefusedError'>: Connection was refused by other side: 61: Connection refused.
]). Retrying.
26-09-14 20:56:20 [-] [ERROR] Could not reach the Portal at localhost:4006 ([Failure instance: Traceback (failure with no frames): <class 'twisted.internet.error.ConnectionRefusedError'>: Connection was refused by other side: 61: Connection refused.
]). Retrying.
26-09-14 20:56:31 [-] [ERROR] Could not reach the Portal at localhost:4006 ([Failure instance: Traceback (failure with no frames): <class 'twisted.internet.error.ConnectionRefusedError'>: Connection was refused by other side: 61: Connection refused.
]). Retrying.
26-09-14 20:56:41 [-] [ERROR] Could not reach the Portal at localhost:4006 ([Failure instance: Traceback (failure with no frames): <class 'twisted.internet.error.ConnectionRefusedError'>: Connection was refused by other side: 61: Connection refused.
]). Retrying.
26-09-14 20:56:51 [-] [ERROR] Could not reach the Portal at localhost:4006 ([Failure instance: Traceback (failure with no frames): <class 'twisted.internet.error.ConnectionRefusedError'>: Connection was refused by other side: 61: Connection refused.
]). Retrying.
26-09-14 20:57:02 [-] [ERROR] Could not reach the Portal at localhost:4006 ([Failure instance: Traceback (failure with no frames): <class 'twisted.internet.error.ConnectionRefusedError'>: Connection was refused by other side: 61: Connection refused.
]). Retrying.
26-09-14 20:57:12 [-] [ERROR] Could not reach the Portal at localhost:4006 ([Failure instance: Traceback (failure with no frames): <class 'twisted.internet.error.ConnectionRefusedError'>: Connection was refused by other side: 61: Connection refused.
]). Retrying.
26-09-14 20:57:22 [-] [ERROR] Could not reach the Portal at localhost:4006 ([Failure instance: Traceback (failure with no frames): <class 'twisted.internet.error.ConnectionRefusedError'>: Connection was refused by other side: 61: Connection refused.
]). Retrying.
26-09-14 20:57:34 [-] [ERROR] Could not reach the Portal at localhost:4006 ([Failure instance: Traceback (failure with no frames): <class 'twisted.internet.error.ConnectionRefusedError'>: Connection was refused by other side: 61: Connection refused.
]). Retrying.
26-09-14 20:57:44 [-] [ERROR] Could not reach the Portal at localhost:4006 ([Failure instance: Traceback (failure with no frames): <class 'twisted.internet.error.ConnectionRefusedError'>: Connection was refused by other side: 61: Connection refused.
]). Retrying.
26-09-14 20:57:54 [-] [ERROR] Could not reach the Portal at localhost:4006 ([Failure instance: Traceback (failure with no frames): <class 'twisted.internet.error.ConnectionRefusedError'>: Connection was refused by other side: 61: Connection refused.
]). Retrying.
26-09-14 20:58:03 [-] [ERROR] Could not reach the Portal at localhost:4006 ([Failure instance: Traceback (failure with no frames): <class 'twisted.internet.error.ConnectionRefusedError'>: Connection was refused by other side: 61: Connection refused.
]). Retrying.
26-09-14 20:58:12 [-] [ERROR] Could not reach the Portal at localhost:4006 ([Failure instance: Traceback (failure with no frames): <class 'twisted.internet.error.ConnectionRefusedError'>: Connection was refused by other side: 61: Connection refused.
]). Retrying.
26-09-14 20:58:23 [-] [ERROR] Could not reach the Portal at localhost:4006 ([Failure instance: Traceback (failure with no frames): <class 'twisted.internet.error.ConnectionRefusedError'>: Connection was refused by other side: 61: Connection refused.
]). Retrying.
26-09-14 20:58:32 [-] [ERROR] Could not reach the Portal at localhost:4006 ([Failure instance: Traceback (failure with no frames): <class 'twisted.internet.error.ConnectionRefusedError'>: Connection was refused by other side: 61: Connection refused.
]). Retrying.
26-09-14 20:58:44 [-] [ERROR] Could not reach the Portal at localhost:4006 ([Failure instance: Traceback (failure with no frames): <class 'twisted.internet.error.ConnectionRefusedError'>: Connection was refused by other side: 61: Connection refused.
]). Retrying.
26-09-14 20:58:54 [-] [ERROR] Could not reach the Portal at localhost:4006 ([Failure instance: Traceback (failure with no frames): <class 'twisted.internet.error.ConnectionRefusedError'>: Connection was refused by other side: 61: Connection refused.
]). Retrying.
26-09-14 20:59:04 [-] [ERROR] Could not reach the Portal at localhost:4006 ([Failure instance: Traceback (failure with no frames): <class 'twisted.internet.error.ConnectionRefusedError'>: Connection was refused by other side: 61: Connection refused.
]). Retrying.
26-09-14 20:59:12 [-] [ERROR] Could not reach the Portal at localhost:4006 ([Failure instance: Traceback (failure with no frames): <class 'twisted.internet.error.ConnectionRefusedError'>: Connection was refused by other side: 61: Connection refused.
]). Retrying.
26-09-14 20:59:21 [-] [ERROR] Could not reach the Portal at localhost:4006 ([Failure instance: Traceback (failure with no frames): <class 'twisted.internet.error.ConnectionRefusedError'>: Connection was refused by other side: 61: Connection refused.
]). Retrying.
26-09-14 20:59:31 [-] [ERROR] Could not reach the Portal at localhost:4006 ([Failure instance: Traceback (failure with no frames): <class 'twisted.internet.error.ConnectionRefusedError'>: Connection was refused by other side: 61: Connection refused.
]). Retrying.
26-09-14 20:59:43 [-] [ERROR] Could not reach the Portal at localhost:4006 ([Failure instance: Traceback (failure with no frames): <class 'twisted.internet.error.ConnectionRefusedError'>: Connection was refused by other side: 61: Connection refused.
]). Retrying.
26-09-14 20:59:51 [-] [ERROR] Could not reach the Portal at localhost:4006 ([Failure instance: Traceback (failure with no frames): <class 'twisted.internet.error.ConnectionRefusedError'>: Connection was refused by other side: 61: Connection refused.
]). Retrying.
26-09-14 20:59:59 [-] [ERROR] Could not reach the Portal at localhost:4006 ([Failure instance: Traceback (failure with no frames): <class 'twisted.internet.error.ConnectionRefusedError'>: Connection was refused by other side: 61: Connection refused.
]). Retrying.
26-09-14 21:00:10 [-] [ERROR] Could not reach the Portal at localhost:4006 ([Failure instance: Traceback (failure with no frames): <class 'twisted.internet.error.ConnectionRefusedError'>: Connection was refused by other side: 61: Connection refused.
]). Retrying.
26-09-14 21:00:18 [-] [ERROR] Could not reach the Portal at localhost:4006 ([Failure instance: Traceback (failure with no frames): <class 'twisted.internet.error.ConnectionRefusedError'>: Connection was refused by other side: 61: Connection refused.
]). Retrying.
26-09-14 21:00:30 [-] [ERROR] Could not reach the Portal at localhost:4006 ([Failure instance: Traceback (failure with no frames): <class 'twisted.internet.error.ConnectionRefusedError'>: Connection was refused by other side: 61: Connection refused.
]). Retrying.
26-09-14 21:00:42 [-] [ERROR] Could not reach the Portal at localhost:4006 ([Failure instance: Traceback (failure with no frames): <class 'twisted.internet.error.ConnectionRefusedError'>: Connection was refused by other side: 61: Connection refused.
]). Retrying.
26-09-14 21:00:53 [-] [ERROR] Could not reach the Portal at localhost:4006 ([Failure instance: Traceback (failure with no frames): <class 'twisted.internet.error.ConnectionRefusedError'>: Connection was refused by other side: 61: Connection refused.
]). Retrying.
26-09-14 21:01:03 [-] [ERROR] Could not reach the Portal at localhost:4006 ([Failure instance: Traceback (failure with no frames): <class 'twisted.internet.error.ConnectionRefusedError'>: Connection was refused by other side: 61: Connection refused.
]). Retrying.
26-09-14 21:01:13 [-] [ERROR] Could not reach the Portal at localhost:4006 ([Failure instance: Traceback (failure with no frames): <class 'twisted.internet.error.ConnectionRefusedError'>: Connection was refused by other side: 61: Connection refused.
]). Retrying.
26-09-14 21:01:22 [-] [ERROR] Could not reach the Portal at localhost:4006 ([Failure instance: Traceback (failure with no frames): <class 'twisted.internet.error.ConnectionRefusedError'>: Connection was refused by other side: 61: Connection refused.
]). Retrying.
26-09-14 21:01:34 [-] [ERROR] Could not reach the Portal at localhost:4006 ([Failure instance: Traceback (failure with no frames): <class 'twisted.internet.error.ConnectionRefusedError'>: Connection was refused by other side: 61: Connection refused.
]). Retrying.
26-09-14 21:01:44 [-] [ERROR] Could not reach the Portal at localhost:4006 ([Failure instance: Traceback (failure with no frames): <class 'twisted.internet.error.ConnectionRefusedError'>: Connection was refused by other side: 61: Connection refused.
]). Retrying.
26-09-14 21:01:52 [-] [ERROR] Could not reach the Portal at localhost:4006 ([Failure instance: Traceback (failure with no frames): <class 'twisted.internet.error.ConnectionRefusedError'>: Connection was refused by other side: 61: Connection refused.
]). Retrying.
26-09-14 21:02:03 [-] [ERROR] Could not reach the Portal at localhost:4006 ([Failure instance: Traceback (failure with no frames): <class 'twisted.internet.error.ConnectionRefusedError'>: Connection was refused by other side: 61: Connection refused.
]). Retrying.
26-09-14 21:02:15 [-] [ERROR] Could not reach the Portal at localhost:4006 ([Failure instance: Traceback (failure with no frames): <class 'twisted.internet.error.ConnectionRefusedError'>: Connection was refused by other side: 61: Connection refused.
]). Retrying.
26-09-14 21:02:24 [-] [ERROR] Could not reach the Portal at localhost:4006 ([Failure instance: Traceback (failure with no frames): <class 'twisted.internet.error.ConnectionRefusedError'>: Connection was refused by other side: 61: Connection refused.
]). Retrying.
26-09-14 21:02:35 [-] [ERROR] Could not reach the Portal at localhost:4006 ([Failure instance: Traceback (failure with no frames): <class 'twisted.internet.error.ConnectionRefusedError'>: Connection was refused by other side: 61: Connection refused.
]). Retrying.
26-09-14 21:02:45 [-] [ERROR] Could not reach the Portal at localhost:4006 ([Failure instance: Traceback (failure with no frames): <class 'twisted.internet.error.ConnectionRefusedError'>: Connection was refused by other side: 61: Connection refused.
]). Retrying.
26-09-14 21:02:55 [-] [ERROR] Could not reach the Portal at localhost:4006 ([Failure instance: Traceback (failure with no frames): <class 'twisted.internet.error.ConnectionRefusedError'>: Connection was refused by other side: 61: Connection refused.
]). Retrying.
26-09-14 21:03:07 [-] [ERROR] Could not reach the Portal at localhost:4006 ([Failure instance: Traceback (failure with no frames): <class 'twisted.internet.error.ConnectionRefusedError'>: Connection was refused by other side: 61: Connection refused.
]). Retrying.
26-09-14 21:03:17 [-] [ERROR] Could not reach the Portal at localhost:4006 ([Failure instance: Traceback (failure with no frames): <class 'twisted.internet.error.ConnectionRefusedError'>: Connection was refused by other side: 61: Connection refused.
]). Retrying.
26-09-14 21:03:26 [-] [ERROR] Could not reach the Portal at localhost:4006 ([Failure instance: Traceback (failure with no frames): <class 'twisted.internet.error.ConnectionRefusedError'>: Connection was refused by other side: 61: Connection refused.
]). Retrying.
26-09-14 21:03:36 [-] [ERROR] Could not reach the Portal at localhost:4006 ([Failure instance: Traceback (failure with no frames): <class 'twisted.internet.error.ConnectionRefusedError'>: Connection was refused by other side: 61: Connection refused.
]). Retrying.
26-09-14 21:03:44 [-] [ERROR] Could not reach the Portal at localhost:4006 ([Failure instance: Traceback (failure with no frames): <class 'twisted.internet.error.ConnectionRefusedError'>: Connection was refused by other side: 61: Connection refused.
]). Retrying.
26-09-14 21:03:56 [-] [ERROR] Could not reach the Portal at localhost:4006 ([Failure instance: Traceback (failure with no frames): <class 'twisted.internet.error.ConnectionRefusedError'>: Connection was refused by other side: 61: Connection refused.
]). Retrying.
26-09-14 21:04:06 [-] [ERROR] Could not reach the Portal at localhost:4006 ([Failure instance: Traceback (failure with no frames): <class 'twisted.internet.error.ConnectionRefusedError'>: Connection was refused by other side: 61: Connection refused.
]). Retrying.
26-09-14 21:04:15 [-] [ERROR] Could not reach the Portal at localhost:4006 ([Failure instance: Traceback (failure with no frames): <class 'twisted.internet.error.ConnectionRefusedError'>: Connection was refused by other side: 61: Connection refused.
]). Retrying.
26-09-14 21:04:26 [-] [ERROR] Could not reach the Portal at localhost:4006 ([Failure instance: Traceback (failure with no frames): <class 'twisted.internet.error.ConnectionRefusedError'>: Connection was refused by other side: 61: Connection refused.
]). Retrying.
26-09-14 21:04:37 [-] [ERROR] Could not reach the Portal at localhost:4006 ([Failure instance: Traceback (failure with no frames): <class 'twisted.internet.error.ConnectionRefusedError'>: Connection was refused by other side: 61: Connection refused.
]). Retrying.
26-09-14 21:04:47 [-] [ERROR] Could not reach the Portal at localhost:4006 ([Failure instance: Traceback (failure with no frames): <class 'twisted.internet.error.ConnectionRefusedError'>: Connection was refused by other side: 61: Connection refused.
]). Retrying.
26-09-14 21:04:57 [-] [ERROR] Could not reach the Portal at localhost:4006 ([Failure instance: Traceback (failure with no frames): <class 'twisted.internet.error.ConnectionRefusedError'>: Connection was refused by other side: 61: Connection refused.
]). Retrying.
26-09-14 21:05:08 [-] [ERROR] Could not reach the Portal at localhost:4006 ([Failure instance: Traceback (failure with no frames): <class 'twisted.internet.error.ConnectionRefusedError'>: Connection was refused by other side: 61: Connection refused.
]). Retrying.
26-09-14 21:05:16 [-] [ERROR] Could not reach the Portal at localhost:4006 ([Failure instance: Traceback (failure with no frames): <class 'twisted.internet.error.ConnectionRefusedError'>: Connection was refused by other side: 61: Connection refused.
]). Retrying.
26-09-14 21:05:27 [-] [ERROR] Could not reach the Portal at localhost:4006 ([Failure instance: Traceback (failure with no frames): <class 'twisted.internet.error.ConnectionRefusedError'>: Connection was refused by other side: 61: Connection refused.
]). Retrying.
26-09-14 21:05:40 [-] [ERROR] Could not reach the Portal at localhost:4006 ([Failure instance: Traceback (failure with no frames): <class 'twisted.internet.error.ConnectionRefusedError'>: Connection was refused by other side: 61: Connection refused.
]). Retrying.
26-09-14 21:05:52 [-] [ERROR] Could not reach the Portal at localhost:4006 ([Failure instance: Traceback (failure with no frames): <class 'twisted.internet.error.ConnectionRefusedError'>: Connection was refused by other side: 61: Connection refused.
]). Retrying.
26-09-14 21:06:01 [-] [ERROR] Could not reach the Portal at localhost:4006 ([Failure instance: Traceback (failure with no frames): <class 'twisted.internet.error.ConnectionRefusedError'>: Connection was refused by other side: 61: Connection refused.
]). Retrying.
26-09-14 21:06:12 [-] [ERROR] Could not reach the Portal at localhost:4006 ([Failure instance: Traceback (failure with no frames): <class 'twisted.internet.error.ConnectionRefusedError'>: Connection was refused by other side: 61: Connection refused.
]). Retrying.
26-09-14 21:06:22 [-] [ERROR] Could not reach the Portal at localhost:4006 ([Failure instance: Traceback (failure with no frames): <class 'twisted.internet.error.ConnectionRefusedError'>: Connection was refused by other side: 61: Connection refused.
]). Retrying.
26-09-14 21:06:32 [-] [ERROR] Could not reach the Portal at localhost:4006 ([Failure instance: Traceback (failure with no frames): <class 'twisted.internet.error.ConnectionRefusedError'>: Connection was refused by other side: 61: Connection refused.
]). Retrying.
26-09-14 21:06:44 [-] [ERROR] Could not reach the Portal at localhost:4006 ([Failure instance: Traceback (failure with no frames): <class 'twisted.internet.error.ConnectionRefusedError'>: Connection was refused by other side: 61: Connection refused.
]). Retrying.
26-09-14 21:06:56 [-] [ERROR] Could not reach the Portal at localhost:4006 ([Failure instance: Traceback (failure with no frames): <class 'twisted.internet.error.ConnectionRefusedError'>: Connection was refused by other side: 61: Connection refused.
]). Retrying.
26-09-14 21:07:04 [-] [ERROR] Could not reach the Portal at localhost:4006 ([Failure instance: Traceback (failure with no frames): <class 'twisted.internet.error.ConnectionRefusedError'>: Connection was refused by other side: 61: Connection refused.
]). Retrying.
26-09-14 21:07:13 [-] [ERROR] Could not reach the Portal at localhost:4006 ([Failure instance: Traceback (failure with no frames): <class 'twisted.internet.error.ConnectionRefusedError'>: Connection was refused by other side: 61: Connection refused.
]). Retrying.
26-09-14 21:07:22 [-] [ERROR] Could not reach the Portal at localhost:4006 ([Failure instance: Traceback (failure with no frames): <class 'twisted.internet.error.ConnectionRefusedError'>: Connection was refused by other side: 61: Connection refused.
]). Retrying.
26-09-14 21:07:32 [-] [ERROR] Could not reach the Portal at localhost:4006 ([Failure instance: Traceback (failure with no frames): <class 'twisted.internet.error.ConnectionRefusedError'>: Connection was refused by other side: 61: Connection refused.
]). Retrying.
26-09-14 21:07:42 [-] [ERROR] Could not reach the Portal at localhost:4006 ([Failure instance: Traceback (failure with no frames): <class 'twisted.internet.error.ConnectionRefusedError'>: Connection was refused by other side: 61: Connection refused.
]). Retrying.
26-09-14 21:07:51 [-] [ERROR] Could not reach the Portal at localhost:4006 ([Failure instance: Traceback (failure with no frames): <class 'twisted.internet.error.ConnectionRefusedError'>: Connection was refused by other side: 61: Connection refused.
]). Retrying.
26-09-14 21:08:03 [-] [ERROR] Could not reach the Portal at localhost:4006 ([Failure instance: Traceback (failure with no frames): <class 'twisted.internet.error.ConnectionRefusedError'>: Connection was refused by other side: 61: Connection refused.
]). Retrying.
26-09-14 21:08:12 [-] [ERROR] Could not reach the Portal at localhost:4006 ([Failure instance: Traceback (failure with no frames): <class 'twisted.internet.error.ConnectionRefusedError'>: Connection was refused by other side: 61: Connection refused.
]). Retrying.
26-09-14 21:08:21 [-] [ERROR] Could not reach the Portal at localhost:4006 ([Failure instance: Traceback (failure with no frames): <class 'twisted.internet.error.ConnectionRefusedError'>: Connection was refused by other side: 61: Connection refused.
]). Retrying.
26-09-14 21:08:29 [-] [ERROR] Could not reach the Portal at localhost:4006 ([Failure instance: Traceback (failure with no frames): <class 'twisted.internet.error.ConnectionRefusedError'>: Connection was refused by other side: 61: Connection refused.
]). Retrying.
26-09-14 21:08:42 [-] [ERROR] Could not reach the Portal at localhost:4006 ([Failure instance: Traceback (failure with no frames): <class 'twisted.internet.error.ConnectionRefusedError'>: Connection was refused by other side: 61: Connection refused.
]). Retrying.
26-09-14 21:08:55 [-] [ERROR] Could not reach the Portal at localhost:4006 ([Failure instance: Traceback (failure with no frames): <class 'twisted.internet.error.ConnectionRefusedError'>: Connection was refused by other side: 61: Connection refused.
]). Retrying.
26-09-14 21:09:06 [-] [ERROR] Could not reach the Portal at localhost:4006 ([Failure instance: Traceback (failure with no frames): <class 'twisted.internet.error.ConnectionRefusedError'>: Connection was refused by other side: 61: Connection refused.
]). Retrying.
26-09-14 21:09:14 [-] [ERROR] Could not reach the Portal at localhost:4006 ([Failure instance: Traceback (failure with no frames): <class 'twisted.internet.error.ConnectionRefusedError'>: Connection was refused by other side: 61: Connection refused.
]). Retrying.
26-09-14 21:09:24 [-] [ERROR] Could not reach the Portal at localhost:4006 ([Failure instance: Traceback (failure with no frames): <class 'twisted.internet.error.ConnectionRefusedError'>: Connection was refused by other side: 61: Connection refused.
]). Retrying.
26-09-14 21:09:32 [-] [ERROR] Could not reach the Portal at localhost:4006 ([Failure instance: Traceback (failure with no frames): <class 'twisted.internet.error.ConnectionRefusedError'>: Connection was refused by other side: 61: Connection refused.
]). Retrying.
26-09-14 21:09:40 [-] [ERROR] Could not reach the Portal at localhost:4006 ([Failure instance: Traceback (failure with no frames): <class 'twisted.internet.error.ConnectionRefusedError'>: Connection was refused by other side: 61: Connection refused.
]). Retrying.
26-09-14 21:09:50 [-] [ERROR] Could not reach the Portal at localhost:4006 ([Failure instance: Traceback (failure with no frames): <class 'twisted.internet.error.ConnectionRefusedError'>: Connection was refused by other side: 61: Connection refused.
]). Retrying.
26-09-14 21:10:02 [-] [ERROR] Could not reach the Portal at localhost:4006 ([Failure instance: Traceback (failure with no frames): <class 'twisted.internet.error.ConnectionRefusedError'>: Connection was refused by other side: 61: Connection refused.
]). Retrying.
26-09-14 21:10:14 [-] [ERROR] Could not reach the Portal at localhost:4006 ([Failure instance: Traceback (failure with no frames): <class 'twisted.internet.error.ConnectionRefusedError'>: Connection was refused by other side: 61: Connection refused.
]). Retrying.
26-09-14 21:10:25 [-] [ERROR] Could not reach the Portal at localhost:4006 ([Failure instance: Traceback (failure with no frames): <class 'twisted.internet.error.ConnectionRefusedError'>: Connection was refused by other side: 61: Connection refused.
]). Retrying.
26-09-14 21:10:36 [-] [ERROR] Could not reach the Portal at localhost:4006 ([Failure instance: Traceback (failure with no frames): <class 'twisted.internet.error.ConnectionRefusedError'>: Connection was refused by other side: 61: Connection refused.
]). Retrying.
26-09-14 21:10:46 [-] [ERROR] Could not reach the Portal at localhost:4006 ([Failure instance: Traceback (failure with no frames): <class 'twisted.internet.error.ConnectionRefusedError'>: Connection was refused by other side: 61: Connection refused.
]). Retrying.
26-09-14 21:10:53 [-] [ERROR] Could not reach the Portal at localhost:4006 ([Failure instance: Traceback (failure with no frames): <class 'twisted.internet.error.ConnectionRefusedError'>: Connection was refused by other side: 61: Connection refused.
]). Retrying.
26-09-14 21:11:02 [-] [ERROR] Could not reach the Portal at localhost:4006 ([Failure instance: Traceback (failure with no frames): <class 'twisted.internet.error.ConnectionRefusedError'>: Connection was refused by other side: 61: Connection refused.
]). Retrying.
26-09-14 21:11:12 [-] [ERROR] Could not reach the Portal at localhost:4006 ([Failure instance: Traceback (failure with no frames): <class 'twisted.internet.error.ConnectionRefusedError'>: Connection was refused by other side: 61: Connection refused.
]). Retrying.
26-09-14 21:11:23 [-] [ERROR] Could not reach the Portal at localhost:4006 ([Failure instance: Traceback (failure with no frames): <class 'twisted.internet.error.ConnectionRefusedError'>: Connection was refused by other side: 61: Connection refused.
]). Retrying.
26-09-14 21:11:33 [-] [ERROR] Could not reach the Portal at localhost:4006 ([Failure instance: Traceback (failure with no frames): <class 'twisted.internet.error.ConnectionRefusedError'>: Connection was refused by other side: 61: Connection refused.
]). Retrying.
26-09-14 21:11:43 [-] [ERROR] Could not reach the Portal at localhost:4006 ([Failure instance: Traceback (failure with no frames): <class 'twisted.internet.error.ConnectionRefusedError'>: Connection was refused by other side: 61: Connection refused.
]). Retrying.
26-09-14 21:11:54 [-] [ERROR] Could not reach the Portal at localhost:4006 ([Failure instance: Traceback (failure with no frames): <class 'twisted.internet.error.ConnectionRefusedError'>: Connection was refused by other side: 61: Connection refused.
]). Retrying.
26-09-14 21:12:04 [-] [ERROR] Could not reach the Portal at localhost:4006 ([Failure instance: Traceback (failure with no frames): <class 'twisted.internet.error.ConnectionRefusedError'>: Connection was refused by other side: 61: Connection refused.
]). Retrying.
26-09-14 21:12:14 [-] [ERROR] Could not reach the Portal at localhost:4006 ([Failure instance: Traceback (failure with no frames): <class 'twisted.internet.error.ConnectionRefusedError'>: Connection was refused by other side: 61: Connection refused.
]). Retrying.
26-09-14 21:12:23 [-] [ERROR] Could not reach the Portal at localhost:4006 ([Failure instance: Traceback (failure with no frames): <class 'twisted.internet.error.ConnectionRefusedError'>: Connection was refused by other side: 61: Connection refused.
]). Retrying.
26-09-14 21:12:32 [-] [ERROR] Could not reach the Portal at localhost:4006 ([Failure instance: Traceback (failure with no frames): <class 'twisted.internet.error.ConnectionRefusedError'>: Connection was refused by other side: 61: Connection refused.
]). Retrying.
26-09-14 21:12:41 [-] [ERROR] Could not reach the Portal at localhost:4006 ([Failure instance: Traceback (failure with no frames): <class 'twisted.internet.error.ConnectionRefusedError'>: Connection was refused by other side: 61: Connection refused.
]). Retrying.
26-09-14 21:12:51 [-] [ERROR] Could not reach the Portal at localhost:4006 ([Failure instance: Traceback (failure with no frames): <class 'twisted.internet.error.ConnectionRefusedError'>: Connection was refused by other side: 61: Connection refused.
]). Retrying.
26-09-14 21:13:01 [-] [ERROR] Could not reach the Portal at localhost:4006 ([Failure instance: Traceback (failure with no frames): <class 'twisted.internet.error.ConnectionRefusedError'>: Connection was refused by other side: 61: Connection refused.
]). Retrying.
26-09-14 21:13:12 [-] [ERROR] Could not reach the Portal at localhost:4006 ([Failure instance: Traceback (failure with no frames): <class 'twisted.internet.error.ConnectionRefusedError'>: Connection was refused by other side: 61: Connection refused.
]). Retrying.
26-09-14 21:13:23 [-] [ERROR] Could not reach the Portal at localhost:4006 ([Failure instance: Traceback (failure with no frames): <class 'twisted.internet.error.ConnectionRefusedError'>: Connection was refused by other side: 61: Connection refused.
]). Retrying.
26-09-14 21:13:31 [-] [ERROR] Could not reach the Portal at localhost:4006 ([Failure instance: Traceback (failure with no frames): <class 'twisted.internet.error.ConnectionRefusedError'>: Connection was refused by other side: 61: Connection refused.
]). Retrying.
26-09-14 21:13:42 [-] [ERROR] Could not reach the Portal at localhost:4006 ([Failure instance: Traceback (failure with no frames): <class 'twisted.internet.error.ConnectionRefusedError'>: Connection was refused by other side: 61: Connection refused.
]). Retrying.
26-09-14 21:13:53 [-] [ERROR] Could not reach the Portal at localhost:4006 ([Failure instance: Traceback (failure with no frames): <class 'twisted.internet.error.ConnectionRefusedError'>: Connection was refused by other side: 61: Connection refused.
]). Retrying.
26-09-14 21:14:03 [-] [ERROR] Could not reach the Portal at localhost:4006 ([Failure instance: Traceback (failure with no frames): <class 'twisted.internet.error.ConnectionRefusedError'>: Connection was refused by other side: 61: Connection refused.
]). Retrying.
26-09-14 21:14:14 [-] [ERROR] Could not reach the Portal at localhost:4006 ([Failure instance: Traceback (failure with no frames): <class 'twisted.internet.error.ConnectionRefusedError'>: Connection was refused by other side: 61: Connection refused.
]). Retrying.
26-09-14 21:14:24 [-] [ERROR] Could not reach the Portal at localhost:4006 ([Failure instance: Traceback (failure with no frames): <class 'twisted.internet.error.ConnectionRefusedError'>: Connection was refused by other side: 61: Connection refused.
]). Retrying.
26-09-14 21:14:32 [-] [ERROR] Could not reach the Portal at localhost:4006 ([Failure instance: Traceback (failure with no frames): <class 'twisted.internet.error.ConnectionRefusedError'>: Connection was refused by other side: 61: Connection refused.
]). Retrying.
26-09-14 21:14:42 [-] [ERROR] Could not reach the Portal at localhost:4006 ([Failure instance: Traceback (failure with no frames): <class 'twisted.internet.error.ConnectionRefusedError'>: Connection was refused by other side: 61: Connection refused.
]). Retrying.
26-09-14 21:14:51 [-] [ERROR] Could not reach the Portal at localhost:4006 ([Failure instance: Traceback (failure with no frames): <class 'twisted.internet.error.ConnectionRefusedError'>: Connection was refused by other side: 61: Connection refused.
]). Retrying.
26-09-14 21:15:01 [-] [ERROR] Could not reach the Portal at localhost:4006 ([Failure instance: Traceback (failure with no frames): <class 'twisted.internet.error.ConnectionRefusedError'>: Connection was refused by other side: 61: Connection refused.
]). Retrying.
26-09-14 21:15:12 [-] [ERROR] Could not reach the Portal at localhost:4006 ([Failure instance: Traceback (failure with no frames): <class 'twisted.internet.error.ConnectionRefusedError'>: Connection was refused by other side: 61: Connection refused.
]). Retrying.
26-09-14 21:15:22 [-] [ERROR] Could not reach the Portal at localhost:4006 ([Failure instance: Traceback (failure with no frames): <class 'twisted.internet.error.ConnectionRefusedError'>: Connection was refused by other side: 61: Connection refused.
]). Retrying.
26-09-14 21:15:33 [-] [ERROR] Could not reach the Portal at localhost:4006 ([Failure instance: Traceback (failure with no frames): <class 'twisted.internet.error.ConnectionRefusedError'>: Connection was refused by other side: 61: Connection refused.
]). Retrying.
26-09-14 21:15:43 [-] [ERROR] Could not reach the Portal at localhost:4006 ([Failure instance: Traceback (failure with no frames): <class 'twisted.internet.error.ConnectionRefusedError'>: Connection was refused by other side: 61: Connection refused.
]). Retrying.
26-09-14 21:15:52 [-] [ERROR] Could not reach the Portal at localhost:4006 ([Failure instance: Traceback (failure with no frames): <class 'twisted.internet.error.ConnectionRefusedError'>: Connection was refused by other side: 61: Connection refused.
]). Retrying.
26-09-14 21:16:02 [-] [ERROR] Could not reach the Portal at localhost:4006 ([Failure instance: Traceback (failure with no frames): <class 'twisted.internet.error.ConnectionRefusedError'>: Connection was refused by other side: 61: Connection refused.
]). Retrying.
26-09-14 21:16:13 [-] [ERROR] Could not reach the Portal at localhost:4006 ([Failure instance: Traceback (failure with no frames): <class 'twisted.internet.error.ConnectionRefusedError'>: Connection was refused by other side: 61: Connection refused.
]). Retrying.
26-09-14 21:16:22 [-] [ERROR] Could not reach the Portal at localhost:4006 ([Failure instance: Traceback (failure with no frames): <class 'twisted.internet.error.ConnectionRefusedError'>: Connection was refused by other side: 61: Connection refused.
]). Retrying.
26-09-14 21:16:31 [-] [ERROR] Could not reach the Portal at localhost:4006 ([Failure instance: Traceback (failure with no frames): <class 'twisted.internet.error.ConnectionRefusedError'>: Connection was refused by other side: 61: Connection refused.
]). Retrying.
26-09-14 21:16:39 [-] [ERROR] Could not reach the Portal at localhost:4006 ([Failure instance: Traceback (failure with no frames): <class 'twisted.internet.error.ConnectionRefusedError'>: Connection was refused by other side: 61: Connection refused.
]). Retrying.
26-09-14 21:16:50 [-] [ERROR] Could not reach the Portal at localhost:4006 ([Failure instance: Traceback (failure with no frames): <class 'twisted.internet.error.ConnectionRefusedError'>: Connection was refused by other side: 61: Connection refused.
]). Retrying.
26-09-14 21:16:59 [-] [ERROR] Could not reach the Portal at localhost:4006 ([Failure instance: Traceback (failure with no frames): <class 'twisted.internet.error.ConnectionRefusedError'>: Connection was refused by other side: 61: Connection refused.
]). Retrying.
26-09-14 21:17:08 [-] [ERROR] Could not reach the Portal at localhost:4006 ([Failure instance: Traceback (failure with no frames): <class 'twisted.internet.error.ConnectionRefusedError'>: Connection was refused by other side: 61: Connection refused.
]). Retrying.
26-09-14 21:17:17 [-] [ERROR] Could not reach the Portal at localhost:4006 ([Failure instance: Traceback (failure with no frames): <class 'twisted.internet.error.ConnectionRefusedError'>: Connection was refused by other side: 61: Connection refused.
]). Retrying.
26-09-14 21:17:27 [-] [ERROR] Could not reach the Portal at localhost:4006 ([Failure instance: Traceback (failure with no frames): <class 'twisted.internet.error.ConnectionRefusedError'>: Connection was refused by other side: 61: Connection refused.
]). Retrying.
26-09-14 21:17:38 [-] [ERROR] Could not reach the Portal at localhost:4006 ([Failure instance: Traceback (failure with no frames): <class 'twisted.internet.error.ConnectionRefusedError'>: Connection was refused by other side: 61: Connection refused.
]). Retrying.
26-09-14 21:17:50 [-] [ERROR] Could not reach the Portal at localhost:4006 ([Failure instance: Traceback (failure with no frames): <class 'twisted.internet.error.ConnectionRefusedError'>: Connection was refused by other side: 61: Connection refused.
]). Retrying.
26-09-14 21:18:01 [-] [ERROR] Could not reach the Portal at localhost:4006 ([Failure instance: Traceback (failure with no frames): <class 'twisted.internet.error.ConnectionRefusedError'>: Connection was refused by other side: 61: Connection refused.
]). Retrying.
26-09-14 21:18:10 [-] [ERROR] Could not reach the Portal at localhost:4006 ([Failure instance: Traceback (failure with no frames): <class 'twisted.internet.error.ConnectionRefusedError'>: Connection was refused by other side: 61: Connection refused.
]). Retrying.
26-09-14 21:18:20 [-] [ERROR] Could not reach the Portal at localhost:4006 ([Failure instance: Traceback (failure with no frames): <class 'twisted.internet.error.ConnectionRefusedError'>: Connection was refused by other side: 61: Connection refused.
]). Retrying.
26-09-14 21:18:30 [-] [ERROR] Could not reach the Portal at localhost:4006 ([Failure instance: Traceback (failure with no frames): <class 'twisted.internet.error.ConnectionRefusedError'>: Connection was refused by other side: 61: Connection refused.
]). Retrying.
26-09-14 21:18:39 [-] [ERROR] Could not reach the Portal at localhost:4006 ([Failure instance: Traceback (failure with no frames): <class 'twisted.internet.error.ConnectionRefusedError'>: Connection was refused by other side: 61: Connection refused.
]). Retrying.
26-09-14 21:18:51 [-] [ERROR] Could not reach the Portal at localhost:4006 ([Failure instance: Traceback (failure with no frames): <class 'twisted.internet.error.ConnectionRefusedError'>: Connection was refused by other side: 61: Connection refused.
]). Retrying.
26-09-14 21:19:02 [-] [ERROR] Could not reach the Portal at localhost:4006 ([Failure instance: Traceback (failure with no frames): <class 'twisted.internet.error.ConnectionRefusedError'>: Connection was refused by other side: 61: Connection refused.
]). Retrying.
26-09-14 21:19:13 [-] [ERROR] Could not reach the Portal at localhost:4006 ([Failure instance: Traceback (failure with no frames): <class 'twisted.internet.error.ConnectionRefusedError'>: Connection was refused by other side: 61: Connection refused.
]). Retrying.
26-09-14 21:19:22 [-] [ERROR] Could not reach the Portal at localhost:4006 ([Failure instance: Traceback (failure with no frames): <class 'twisted.internet.error.ConnectionRefusedError'>: Connection was refused by other side: 61: Connection refused.
]). Retrying.
26-09-14 21:19:33 [-] [ERROR] Could not reach the Portal at localhost:4006 ([Failure instance: Traceback (failure with no frames): <class 'twisted.internet.error.ConnectionRefusedError'>: Connection was refused by other side: 61: Connection refused.
]). Retrying.
26-09-14 21:19:42 [-] [ERROR] Could not reach the Portal at localhost:4006 ([Failure instance: Traceback (failure with no frames): <class 'twisted.internet.error.ConnectionRefusedError'>: Connection was refused by other side: 61: Connection refused.
]). Retrying.
26-09-14 21:19:52 [-] [ERROR] Could not reach the Portal at localhost:4006 ([Failure instance: Traceback (failure with no frames): <class 'twisted.internet.error.ConnectionRefusedError'>: Connection was refused by other side: 61: Connection refused.
]). Retrying.
26-09-14 21:20:00 [-] [ERROR] Could not reach the Portal at localhost:4006 ([Failure instance: Traceback (failure with no frames): <class 'twisted.internet.error.ConnectionRefusedError'>: Connection was refused by other side: 61: Connection refused.
]). Retrying.
26-09-14 21:20:12 [-] [ERROR] Could not reach the Portal at localhost:4006 ([Failure instance: Traceback (failure with no frames): <class 'twisted.internet.error.ConnectionRefusedError'>: Connection was refused by other side: 61: Connection refused.
]). Retrying.
26-09-14 21:20:22 [-] [ERROR] Could not reach the Portal at localhost:4006 ([Failure instance: Traceback (failure with no frames): <class 'twisted.internet.error.ConnectionRefusedError'>: Connection was refused by other side: 61: Connection refused.
]). Retrying.
26-09-14 21:20:33 [-] [ERROR] Could not reach the Portal at localhost:4006 ([Failure instance: Traceback (failure with no frames): <class 'twisted.internet.error.ConnectionRefusedError'>: Connection was refused by other side: 61: Connection refused.
]). Retrying.
26-09-14 21:20:44 [-] [ERROR] Could not reach the Portal at localhost:4006 ([Failure instance: Traceback (failure with no frames): <class 'twisted.internet.error.ConnectionRefusedError'>: Connection was refused by other side: 61: Connection refused.
]). Retrying.
26-09-14 21:20:55 [-] [ERROR] Could not reach the Portal at localhost:4006 ([Failure instance: Traceback (failure with no frames): <class 'twisted.internet.error.ConnectionRefusedError'>: Connection was refused by other side: 61: Connection refused.
]). Retrying.
26-09-14 21:21:03 [-] [ERROR] Could not reach the Portal at localhost:4006 ([Failure instance: Traceback (failure with no frames): <class 'twisted.internet.error.ConnectionRefusedError'>: Connection was refused by other side: 61: Connection refused.
]). Retrying.
26-09-14 21:21:13 [-] [ERROR] Could not reach the Portal at localhost:4006 ([Failure instance: Traceback (failure with no frames): <class 'twisted.internet.error.ConnectionRefusedError'>: Connection was refused by other side: 61: Connection refused.
]). Retrying.
26-09-14 21:21:23 [-] [ERROR] Could not reach the Portal at localhost:4006 ([Failure instance: Traceback (failure with no frames): <class 'twisted.internet.error.ConnectionRefusedError'>: Connection was refused by other side: 61: Connection refused.
]). Retrying.
26-09-14 21:21:35 [-] [ERROR] Could not reach the Portal at localhost:4006 ([Failure instance: Traceback (failure with no frames): <class 'twisted.internet.error.ConnectionRefusedError'>: Connection was refused by other side: 61: Connection refused.
]). Retrying.
26-09-14 21:21:45 [-] [ERROR] Could not reach the Portal at localhost:4006 ([Failure instance: Traceback (failure with no frames): <class 'twisted.internet.error.ConnectionRefusedError'>: Connection was refused by other side: 61: Connection refused.
]). Retrying.
26-09-14 21:21:55 [-] [ERROR] Could not reach the Portal at localhost:4006 ([Failure instance: Traceback (failure with no frames): <class 'twisted.internet.error.ConnectionRefusedError'>: Connection was refused by other side: 61: Connection refused.
]). Retrying.
26-09-14 21:22:03 [-] [ERROR] Could not reach the Portal at localhost:4006 ([Failure instance: Traceback (failure with no frames): <class 'twisted.internet.error.ConnectionRefusedError'>: Connection was refused by other side: 61: Connection refused.
]). Retrying.
26-09-14 21:22:15 [-] [ERROR] Could not reach the Portal at localhost:4006 ([Failure instance: Traceback (failure with no frames): <class 'twisted.internet.error.ConnectionRefusedError'>: Connection was refused by other side: 61: Connection refused.
]). Retrying.
26-09-14 21:22:24 [-] [ERROR] Could not reach the Portal at localhost:4006 ([Failure instance: Traceback (failure with no frames): <class 'twisted.internet.error.ConnectionRefusedError'>: Connection was refused by other side: 61: Connection refused.
]). Retrying.
26-09-14 21:22:34 [-] [ERROR] Could not reach the Portal at localhost:4006 ([Failure instance: Traceback (failure with no frames): <class 'twisted.internet.error.ConnectionRefusedError'>: Connection was refused by other side: 61: Connection refused.
]). Retrying.
26-09-14 21:22:42 [-] [ERROR] Could not reach the Portal at localhost:4006 ([Failure instance: Traceback (failure with no frames): <class 'twisted.internet.error.ConnectionRefusedError'>: Connection was refused by other side: 61: Connection refused.
]). Retrying.
26-09-14 21:22:50 [-] [ERROR] Could not reach the Portal at localhost:4006 ([Failure instance: Traceback (failure with no frames): <class 'twisted.internet.error.ConnectionRefusedError'>: Connection was refused by other side: 61: Connection refused.
]). Retrying.
26-09-14 21:23:01 [-] [ERROR] Could not reach the Portal at localhost:4006 ([Failure instance: Traceback (failure with no frames): <class 'twisted.internet.error.ConnectionRefusedError'>: Connection was refused by other side: 61: Connection refused.
]). Retrying.
26-09-14 21:23:11 [-] [ERROR] Could not reach the Portal at localhost:4006 ([Failure instance: Traceback (failure with no frames): <class 'twisted.internet.error.ConnectionRefusedError'>: Connection was refused by other side: 61: Connection refused.
]). Retrying.
26-09-14 21:23:20 [-] [ERROR] Could not reach the Portal at localhost:4006 ([Failure instance: Traceback (failure with no frames): <class 'twisted.internet.error.ConnectionRefusedError'>: Connection was refused by other side: 61: Connection refused.
]). Retrying.
26-09-14 21:23:31 [-] [ERROR] Could not reach the Portal at localhost:4006 ([Failure instance: Traceback (failure with no frames): <class 'twisted.internet.error.ConnectionRefusedError'>: Connection was refused by other side: 61: Connection refused.
]). Retrying.
26-09-14 21:23:42 [-] [ERROR] Could not reach the Portal at localhost:4006 ([Failure instance: Traceback (failure with no frames): <class 'twisted.internet.error.ConnectionRefusedError'>: Connection was refused by other side: 61: Connection refused.
]). Retrying.
26-09-14 21:23:52 [-] [ERROR] Could not reach the Portal at localhost:4006 ([Failure instance: Traceback (failure with no frames): <class 'twisted.internet.error.ConnectionRefusedError'>: Connection was refused by other side: 61: Connection refused.
]). Retrying.
26-09-14 21:24:02 [-] [ERROR] Could not reach the Portal at localhost:4006 ([Failure instance: Traceback (failure with no frames): <class 'twisted.internet.error.ConnectionRefusedError'>: Connection was refused by other side: 61: Connection refused.
]). Retrying.
26-09-14 21:24:12 [-] [ERROR] Could not reach the Portal at localhost:4006 ([Failure instance: Traceback (failure with no frames): <class 'twisted.internet.error.ConnectionRefusedError'>: Connection was refused by other side: 61: Connection refused.
]). Retrying.
26-09-14 21:24:22 [-] [ERROR] Could not reach the Portal at localhost:4006 ([Failure instance: Traceback (failure with no frames): <class 'twisted.internet.error.ConnectionRefusedError'>: Connection was refused by other side: 61: Connection refused.
]). Retrying.
26-09-14 21:24:30 [-] [ERROR] Could not reach the Portal at localhost:4006 ([Failure instance: Traceback (failure with no frames): <class 'twisted.internet.error.ConnectionRefusedError'>: Connection was refused by other side: 61: Connection refused.
]). Retrying.
26-09-14 21:24:40 [-] [ERROR] Could not reach the Portal at localhost:4006 ([Failure instance: Traceback (failure with no frames): <class 'twisted.internet.error.ConnectionRefusedError'>: Connection was refused by other side: 61: Connection refused.
]). Retrying.
26-09-14 21:24:48 [-] [ERROR] Could not reach the Portal at localhost:4006 ([Failure instance: Traceback (failure with no frames): <class 'twisted.internet.error.ConnectionRefusedError'>: Connection was refused by other side: 61: Connection refused.
]). Retrying.
26-09-14 21:24:58 [-] [ERROR] Could not reach the Portal at localhost:4006 ([Failure instance: Traceback (failure with no frames): <class 'twisted.internet.error.ConnectionRefusedError'>: Connection was refused by other side: 61: Connection refused.
]). Retrying.
26-09-14 21:25:07 [-] [ERROR] Could not reach the Portal at localhost:4006 ([Failure instance: Traceback (failure with no frames): <class 'twisted.internet.error.ConnectionRefusedError'>: Connection was refused by other side: 61: Connection refused.
]). Retrying.
26-09-14 21:25:17 [-] [ERROR] Could not reach the Portal at localhost:4006 ([Failure instance: Traceback (failure with no frames): <class 'twisted.internet.error.ConnectionRefusedError'>: Connection was refused by other side: 61: Connection refused.
]). Retrying.
26-09-14 21:25:28 [-] [ERROR] Could not reach the Portal at localhost:4006 ([Failure instance: Traceback (failure with no frames): <class 'twisted.internet.error.ConnectionRefusedError'>: Connection was refused by other side: 61: Connection refused.
]). Retrying.
26-09-14 21:25:38 [-] [ERROR] Could not reach the Portal at localhost:4006 ([Failure instance: Traceback (failure with no frames): <class 'twisted.internet.error.ConnectionRefusedError'>: Connection was refused by other side: 61: Connection refused.
]). Retrying.
26-09-14 21:25:47 [-] [ERROR] Could not reach the Portal at localhost:4006 ([Failure instance: Traceback (failure with no frames): <class 'twisted.internet.error.ConnectionRefusedError'>: Connection was refused by other side: 61: Connection refused.
]). Retrying.
26-09-14 21:25:55 [-] [ERROR] Could not reach the Portal at localhost:4006 ([Failure instance: Traceback (failure with no frames): <class 'twisted.internet.error.ConnectionRefusedError'>: Connection was refused by other side: 61: Connection refused.
]). Retrying.
26-09-14 21:26:05 [-] [ERROR] Could not reach the Portal at localhost:4006 ([Failure instance: Traceback (failure with no frames): <class 'twisted.internet.error.ConnectionRefusedError'>: Connection was refused by other side: 61: Connection refused.
]). Retrying.
26-09-14 21:26:13 [-] [ERROR] Could not reach the Portal at localhost:4006 ([Failure instance: Traceback (failure with no frames): <class 'twisted.internet.error.ConnectionRefusedError'>: Connection was refused by other side: 61: Connection refused.
]). Retrying.
26-09-14 21:26:23 [-] [ERROR] Could not reach the Portal at localhost:4006 ([Failure instance: Traceback (failure with no frames): <class 'twisted.internet.error.ConnectionRefusedError'>: Connection was refused by other side: 61: Connection refused.
]). Retrying.
26-09-14 21:26:31 [-] [ERROR] Could not reach the Portal at localhost:4006 ([Failure instance: Traceback (failure with no frames): <class 'twisted.internet.error.ConnectionRefusedError'>: Connection was refused by other side: 61: Connection refused.
]). Retrying.
26-09-14 21:26:43 [-] [ERROR] Could not reach the Portal at localhost:4006 ([Failure instance: Traceback (failure with no frames): <class 'twisted.internet.error.ConnectionRefusedError'>: Connection was refused by other side: 61: Connection refused.
]). Retrying.
26-09-14 21:26:52 [-] [ERROR] Could not reach the Portal at localhost:4006 ([Failure instance: Traceback (failure with no frames): <class 'twisted.internet.error.ConnectionRefusedError'>: Connection was refused by other side: 61: Connection refused.
]). Retrying.
26-09-14 21:27:01 [-] [ERROR] Could not reach the Portal at localhost:4006 ([Failure instance: Traceback (failure with no frames): <class 'twisted.internet.error.ConnectionRefusedError'>: Connection was refused by other side: 61: Connection refused.
]). Retrying.
26-09-14 21:27:11 [-] [ERROR] Could not reach the Portal at localhost:4006 ([Failure instance: Traceback (failure with no frames): <class 'twisted.internet.error.ConnectionRefusedError'>: Connection was refused by other side: 61: Connection refused.
]). Retrying.
26-09-14 21:27:21 [-] [ERROR] Could not reach the Portal at localhost:4006 ([Failure instance: Traceback (failure with no frames): <class 'twisted.internet.error.ConnectionRefusedError'>: Connection was refused by other side: 61: Connection refused.
]). Retrying.
26-09-14 21:27:29 [-] [ERROR] Could not reach the Portal at localhost:4006 ([Failure instance: Traceback (failure with no frames): <class 'twisted.internet.error.ConnectionRefusedError'>: Connection was refused by other side: 61: Connection refused.
]). Retrying.
26-09-14 21:27:40 [-] [ERROR] Could not reach the Portal at localhost:4006 ([Failure instance: Traceback (failure with no frames): <class 'twisted.internet.error.ConnectionRefusedError'>: Connection was refused by other side: 61: Connection refused.
]). Retrying.
26-09-14 21:27:51 [-] [ERROR] Could not reach the Portal at localhost:4006 ([Failure instance: Traceback (failure with no frames): <class 'twisted.internet.error.ConnectionRefusedError'>: Connection was refused by other side: 61: Connection refused.
]). Retrying.
26-09-14 21:28:02 [-] [ERROR] Could not reach the Portal at localhost:4006 ([Failure instance: Traceback (failure with no frames): <class 'twisted.internet.error.ConnectionRefusedError'>: Connection was refused by other side: 61: Connection refused.
]). Retrying.
26-09-14 21:28:13 [-] [ERROR] Could not reach the Portal at localhost:4006 ([Failure instance: Traceback (failure with no frames): <class 'twisted.internet.error.ConnectionRefusedError'>: Connection was refused by other side: 61: Connection refused.
]). Retrying.
26-09-14 21:28:25 [-] [ERROR] Could not reach the Portal at localhost:4006 ([Failure instance: Traceback (failure with no frames): <class 'twisted.internet.error.ConnectionRefusedError'>: Connection was refused by other side: 61: Connection refused.
]). Retrying.
26-09-14 21:28:37 [-] [ERROR] Could not reach the Portal at localhost:4006 ([Failure instance: Traceback (failure with no frames): <class 'twisted.internet.error.ConnectionRefusedError'>: Connection was refused by other side: 61: Connection refused.
]). Retrying.
26-09-14 21:28:49 [-] [ERROR] Could not reach the Portal at localhost:4006 ([Failure instance: Traceback (failure with no frames): <class 'twisted.internet.error.ConnectionRefusedError'>: Connection was refused by other side: 61: Connection refused.
]). Retrying.
26-09-14 21:29:00 [-] [ERROR] Could not reach the Portal at localhost:4006 ([Failure instance: Traceback (failure with no frames): <class 'twisted.internet.error.ConnectionRefusedError'>: Connection was refused by other side: 61: Connection refused.
]). Retrying.
26-09-14 21:29:07 [-] [ERROR] Could not reach the Portal at localhost:4006 ([Failure instance: Traceback (failure with no frames): <class 'twisted.internet.error.ConnectionRefusedError'>: Connection was refused by other side: 61: Connection refused.
]). Retrying.
26-09-14 21:29:18 [-] [ERROR] Could not reach the Portal at localhost:4006 ([Failure instance: Traceback (failure with no frames): <class 'twisted.internet.error.ConnectionRefusedError'>: Connection was refused by other side: 61: Connection refused.
]). Retrying.
26-09-14 21:29:28 [-] [ERROR] Could not reach the Portal at localhost:4006 ([Failure instance: Traceback (failure with no frames): <class 'twisted.internet.error.ConnectionRefusedError'>: Connection was refused by other side: 61: Connection refused.
]). Retrying.
26-09-14 21:29:39 [-] [ERROR] Could not reach the Portal at localhost:4006 ([Failure instance: Traceback (failure with no frames): <class 'twisted.internet.error.ConnectionRefusedError'>: Connection was refused by other side: 61: Connection refused.
]). Retrying.
26-09-14 21:29:50 [-] [ERROR] Could not reach the Portal at localhost:4006 ([Failure instance: Traceback (failure with no frames): <class 'twisted.internet.error.ConnectionRefusedError'>: Connection was refused by other side: 61: Connection refused.
]). Retrying.
26-09-14 21:30:00 [-] [ERROR] Could not reach the Portal at localhost:4006 ([Failure instance: Traceback (failure with no frames): <class 'twisted.internet.error.ConnectionRefusedError'>: Connection was refused by other side: 61: Connection refused.
]). Retrying.
26-09-14 21:30:09 [-] [ERROR] Could not reach the Portal at localhost:4006 ([Failure instance: Traceback (failure with no frames): <class 'twisted.internet.error.ConnectionRefusedError'>: Connection was refused by other side: 61: Connection refused.
]). Retrying.
26-09-14 21:30:19 [-] [ERROR] Could not reach the Portal at localhost:4006 ([Failure instance: Traceback (failure with no frames): <class 'twisted.internet.error.ConnectionRefusedError'>: Connection was refused by other side: 61: Connection refused.
]). Retrying.
26-09-14 21:30:31 [-] [ERROR] Could not reach the Portal at localhost:4006 ([Failure instance: Traceback (failure with no frames): <class 'twisted.internet.error.ConnectionRefusedError'>: Connection was refused by other side: 61: Connection refused.
]). Retrying.
26-09-14 21:30:42 [-] [ERROR] Could not reach the Portal at localhost:4006 ([Failure instance: Traceback (failure with no frames): <class 'twisted.internet.error.ConnectionRefusedError'>: Connection was refused by other side: 61: Connection refused.
]). Retrying.
26-09-14 21:30:52 [-] [ERROR] Could not reach the Portal at localhost:4006 ([Failure instance: Traceback (failure with no frames): <class 'twisted.internet.error.ConnectionRefusedError'>: Connection was refused by other side: 61: Connection refused.
]). Retrying.
26-09-14 21:31:01 [-] [ERROR] Could not reach the Portal at localhost:4006 ([Failure instance: Traceback (failure with no frames): <class 'twisted.internet.error.ConnectionRefusedError'>: Connection was refused by other side: 61: Connection refused.
]). Retrying.
26-09-14 21:31:12 [-] [ERROR] Could not reach the Portal at localhost:4006 ([Failure instance: Traceback (failure with no frames): <class 'twisted.internet.error.ConnectionRefusedError'>: Connection was refused by other side: 61: Connection refused.
]). Retrying.
26-09-14 21:31:22 [-] [ERROR] Could not reach the Portal at localhost:4006 ([Failure instance: Traceback (failure with no frames): <class 'twisted.internet.error.ConnectionRefusedError'>: Connection was refused by other side: 61: Connection refused.
]). Retrying.
26-09-14 21:31:33 [-] [ERROR] Could not reach the Portal at localhost:4006 ([Failure instance: Traceback (failure with no frames): <class 'twisted.internet.error.ConnectionRefusedError'>: Connection was refused by other side: 61: Connection refused.
]). Retrying.
26-09-14 21:31:43 [-] [ERROR] Could not reach the Portal at localhost:4006 ([Failure instance: Traceback (failure with no frames): <class 'twisted.internet.error.ConnectionRefusedError'>: Connection was refused by other side: 61: Connection refused.
]). Retrying.
26-09-14 21:31:53 [-] [ERROR] Could not reach the Portal at localhost:4006 ([Failure instance: Traceback (failure with no frames): <class 'twisted.internet.error.ConnectionRefusedError'>: Connection was refused by other side: 61: Connection refused.
]). Retrying.
26-09-14 21:32:02 [-] [ERROR] Could not reach the Portal at localhost:4006 ([Failure instance: Traceback (failure with no frames): <class 'twisted.internet.error.ConnectionRefusedError'>: Connection was refused by other side: 61: Connection refused.
]). Retrying.
26-09-14 21:32:13 [-] [ERROR] Could not reach the Portal at localhost:4006 ([Failure instance: Traceback (failure with no frames): <class 'twisted.internet.error.ConnectionRefusedError'>: Connection was refused by other side: 61: Connection refused.
]). Retrying.
26-09-14 21:32:23 [-] [ERROR] Could not reach the Portal at localhost:4006 ([Failure instance: Traceback (failure with no frames): <class 'twisted.internet.error.ConnectionRefusedError'>: Connection was refused by other side: 61: Connection refused.
]). Retrying.
26-09-14 21:32:36 [-] [ERROR] Could not reach the Portal at localhost:4006 ([Failure instance: Traceback (failure with no frames): <class 'twisted.internet.error.ConnectionRefusedError'>: Connection was refused by other side: 61: Connection refused.
]). Retrying.
26-09-14 21:32:47 [-] [ERROR] Could not reach the Portal at localhost:4006 ([Failure instance: Traceback (failure with no frames): <class 'twisted.internet.error.ConnectionRefusedError'>: Connection was refused by other side: 61: Connection refused.
]). Retrying.
26-09-14 21:32:55 [-] [ERROR] Could not reach the Portal at localhost:4006 ([Failure instance: Traceback (failure with no frames): <class 'twisted.internet.error.ConnectionRefusedError'>: Connection was refused by other side: 61: Connection refused.
]). Retrying.
26-09-14 21:33:04 [-] [ERROR] Could not reach the Portal at localhost:4006 ([Failure instance: Traceback (failure with no frames): <class 'twisted.internet.error.ConnectionRefusedError'>: Connection was refused by other side: 61: Connection refused.
]). Retrying.
26-09-14 21:33:14 [-] [ERROR] Could not reach the Portal at localhost:4006 ([Failure instance: Traceback (failure with no frames): <class 'twisted.internet.error.ConnectionRefusedError'>: Connection was refused by other side: 61: Connection refused.
]). Retrying.
26-09-14 21:33:24 [-] [ERROR] Could not reach the Portal at localhost:4006 ([Failure instance: Traceback (failure with no frames): <class 'twisted.internet.error.ConnectionRefusedError'>: Connection was refused by other side: 61: Connection refused.
]). Retrying.
26-09-14 21:33:35 [-] [ERROR] Could not reach the Portal at localhost:4006 ([Failure instance: Traceback (failure with no frames): <class 'twisted.internet.error.ConnectionRefusedError'>: Connection was refused by other side: 61: Connection refused.
]). Retrying.
26-09-14 21:33:45 [-] [ERROR] Could not reach the Portal at localhost:4006 ([Failure instance: Traceback (failure with no frames): <class 'twisted.internet.error.ConnectionRefusedError'>: Connection was refused by other side: 61: Connection refused.
]). Retrying.
26-09-14 21:33:54 [-] [ERROR] Could not reach the Portal at localhost:4006 ([Failure instance: Traceback (failure with no frames): <class 'twisted.internet.error.ConnectionRefusedError'>: Connection was refused by other side: 61: Connection refused.
]). Retrying.
26-09-14 21:34:05 [-] [ERROR] Could not reach the Portal at localhost:4006 ([Failure instance: Traceback (failure with no frames): <class 'twisted.internet.error.ConnectionRefusedError'>: Connection was refused by other side: 61: Connection refused.
]). Retrying.
26-09-14 21:34:14 [-] [ERROR] Could not reach the Portal at localhost:4006 ([Failure instance: Traceback (failure with no frames): <class 'twisted.internet.error.ConnectionRefusedError'>: Connection was refused by other side: 61: Connection refused.
]). Retrying.
26-09-14 21:34:21 [-] [ERROR] Could not reach the Portal at localhost:4006 ([Failure instance: Traceback (failure with no frames): <class 'twisted.internet.error.ConnectionRefusedError'>: Connection was refused by other side: 61: Connection refused.
]). Retrying.
26-09-14 21:34:31 [-] [ERROR] Could not reach the Portal at localhost:4006 ([Failure instance: Traceback (failure with no frames): <class 'twisted.internet.error.ConnectionRefusedError'>: Connection was refused by other side: 61: Connection refused.
]). Retrying.
26-09-14 21:34:42 [-] [ERROR] Could not reach the Portal at localhost:4006 ([Failure instance: Traceback (failure with no frames): <class 'twisted.internet.error.ConnectionRefusedError'>: Connection was refused by other side: 61: Connection refused.
]). Retrying.
26-09-14 21:34:53 [-] [ERROR] Could not reach the Portal at localhost:4006 ([Failure instance: Traceback (failure with no frames): <class 'twisted.internet.error.ConnectionRefusedError'>: Connection was refused by other side: 61: Connection refused.
]). Retrying.
26-09-14 21:35:02 [-] [ERROR] Could not reach the Portal at localhost:4006 ([Failure instance: Traceback (failure with no frames): <class 'twisted.internet.error.ConnectionRefusedError'>: Connection was refused by other side: 61: Connection refused.
]). Retrying.
26-09-14 21:35:12 [-] [ERROR] Could not reach the Portal at localhost:4006 ([Failure instance: Traceback (failure with no frames): <class 'twisted.internet.error.ConnectionRefusedError'>: Connection was refused by other side: 61: Connection refused.
]). Retrying.
26-09-14 21:35:23 [-] [ERROR] Could not reach the Portal at localhost:4006 ([Failure instance: Traceback (failure with no frames): <class 'twisted.internet.error.ConnectionRefusedError'>: Connection was refused by other side: 61: Connection refused.
]). Retrying.
26-09-14 21:35:34 [-] [ERROR] Could not reach the Portal at localhost:4006 ([Failure instance: Traceback (failure with no frames): <class 'twisted.internet.error.ConnectionRefusedError'>: Connection was refused by other side: 61: Connection refused.
]). Retrying.
26-09-14 21:35:43 [-] [ERROR] Could not reach the Portal at localhost:4006 ([Failure instance: Traceback (failure with no frames): <class 'twisted.internet.error.ConnectionRefusedError'>: Connection was refused by other side: 61: Connection refused.
]). Retrying.
26-09-14 21:35:53 [-] [ERROR] Could not reach the Portal at localhost:4006 ([Failure instance: Traceback (failure with no frames): <class 'twisted.internet.error.ConnectionRefusedError'>: Connection was refused by other side: 61: Connection refused.
]). Retrying.
26-09-14 21:36:03 [-] [ERROR] Could not reach the Portal at localhost:4006 ([Failure instance: Traceback (failure with no frames): <class 'twisted.internet.error.ConnectionRefusedError'>: Connection was refused by other side: 61: Connection refused.
]). Retrying.
26-09-14 21:36:14 [-] [ERROR] Could not reach the Portal at localhost:4006 ([Failure instance: Traceback (failure with no frames): <class 'twisted.internet.error.ConnectionRefusedError'>: Connection was refused by other side: 61: Connection refused.
]). Retrying.
26-09-14 21:36:27 [-] [ERROR] Could not reach the Portal at localhost:4006 ([Failure instance: Traceback (failure with no frames): <class 'twisted.internet.error.ConnectionRefusedError'>: Connection was refused by other side: 61: Connection refused.
]). Retrying.
26-09-14 21:36:35 [-] [ERROR] Could not reach the Portal at localhost:4006 ([Failure instance: Traceback (failure with no frames): <class 'twisted.internet.error.ConnectionRefusedError'>: Connection was refused by other side: 61: Connection refused.
]). Retrying.
26-09-14 21:36:43 [-] [ERROR] Could not reach the Portal at localhost:4006 ([Failure instance: Traceback (failure with no frames): <class 'twisted.internet.error.ConnectionRefusedError'>: Connection was refused by other side: 61: Connection refused.
]). Retrying.
26-09-14 21:36:54 [-] [ERROR] Could not reach the Portal at localhost:4006 ([Failure instance: Traceback (failure with no frames): <class 'twisted.internet.error.ConnectionRefusedError'>: Connection was refused by other side: 61: Connection refused.
]). Retrying.
26-09-14 21:37:05 [-] [ERROR] Could not reach the Portal at localhost:4006 ([Failure instance: Traceback (failure with no frames): <class 'twisted.internet.error.ConnectionRefusedError'>: Connection was refused by other side: 61: Connection refused.
]). Retrying.
26-09-14 21:37:14 [-] [ERROR] Could not reach the Portal at localhost:4006 ([Failure instance: Traceback (failure with no frames): <class 'twisted.internet.error.ConnectionRefusedError'>: Connection was refused by other side: 61: Connection refused.
]). Retrying.
26-09-14 21:37:25 [-] [ERROR] Could not reach the Portal at localhost:4006 ([Failure instance: Traceback (failure with no frames): <class 'twisted.internet.error.ConnectionRefusedError'>: Connection was refused by other side: 61: Connection refused.
]). Retrying.
26-09-14 21:37:34 [-] [ERROR] Could not reach the Portal at localhost:4006 ([Failure instance: Traceback (failure with no frames): <class 'twisted.internet.error.ConnectionRefusedError'>: Connection was refused by other side: 61: Connection refused.
]). Retrying.
26-09-14 21:37:44 [-] [ERROR] Could not reach the Portal at localhost:4006 ([Failure instance: Traceback (failure with no frames): <class 'twisted.internet.error.ConnectionRefusedError'>: Connection was refused by other side: 61: Connection refused.
]). Retrying.
26-09-14 21:37:55 [-] [ERROR] Could not reach the Portal at localhost:4006 ([Failure instance: Traceback (failure with no frames): <class 'twisted.internet.error.ConnectionRefusedError'>: Connection was refused by other side: 61: Connection refused.
]). Retrying.
26-09-14 21:38:04 [-] [ERROR] Could not reach the Portal at localhost:4006 ([Failure instance: Traceback (failure with no frames): <class 'twisted.internet.error.ConnectionRefusedError'>: Connection was refused by other side: 61: Connection refused.
]). Retrying.
26-09-14 21:38:15 [-] [ERROR] Could not reach the Portal at localhost:4006 ([Failure instance: Traceback (failure with no frames): <class 'twisted.internet.error.ConnectionRefusedError'>: Connection was refused by other side: 61: Connection refused.
]). Retrying.
26-09-14 21:38:26 [-] [ERROR] Could not reach the Portal at localhost:4006 ([Failure instance: Traceback (failure with no frames): <class 'twisted.internet.error.ConnectionRefusedError'>: Connection was refused by other side: 61: Connection refused.
]). Retrying.
26-09-14 21:38:35 [-] [ERROR] Could not reach the Portal at localhost:4006 ([Failure instance: Traceback (failure with no frames): <class 'twisted.internet.error.ConnectionRefusedError'>: Connection was refused by other side: 61: Connection refused.
]). Retrying.
26-09-14 21:38:46 [-] [ERROR] Could not reach the Portal at localhost:4006 ([Failure instance: Traceback (failure with no frames): <class 'twisted.internet.error.ConnectionRefusedError'>: Connection was refused by other side: 61: Connection refused.
]). Retrying.
26-09-14 21:38:57 [-] [ERROR] Could not reach the Portal at localhost:4006 ([Failure instance: Traceback (failure with no frames): <class 'twisted.internet.error.ConnectionRefusedError'>: Connection was refused by other side: 61: Connection refused.
]). Retrying.
26-09-14 21:39:06 [-] [ERROR] Could not reach the Portal at localhost:4006 ([Failure instance: Traceback (failure with no frames): <class 'twisted.internet.error.ConnectionRefusedError'>: Connection was refused by other side: 61: Connection refused.
]). Retrying.
26-09-14 21:39:17 [-] [ERROR] Could not reach the Portal at localhost:4006 ([Failure instance: Traceback (failure with no frames): <class 'twisted.internet.error.ConnectionRefusedError'>: Connection was refused by other side: 61: Connection refused.
]). Retrying.
26-09-14 21:39:29 [-] [ERROR] Could not reach the Portal at localhost:4006 ([Failure instance: Traceback (failure with no frames): <class 'twisted.internet.error.ConnectionRefusedError'>: Connection was refused by other side: 61: Connection refused.
]). Retrying.
26-09-14 21:39:39 [-] [ERROR] Could not reach the Portal at localhost:4006 ([Failure instance: Traceback (failure with no frames): <class 'twisted.internet.error.ConnectionRefusedError'>: Connection was refused by other side: 61: Connection refused.
]). Retrying.
26-09-14 21:39:51 [-] [ERROR] Could not reach the Portal at localhost:4006 ([Failure instance: Traceback (failure with no frames): <class 'twisted.internet.error.ConnectionRefusedError'>: Connection was refused by other side: 61: Connection refused.
]). Retrying.
26-09-14 21:40:03 [-] [ERROR] Could not reach the Portal at localhost:4006 ([Failure instance: Traceback (failure with no frames): <class 'twisted.internet.error.ConnectionRefusedError'>: Connection was refused by other side: 61: Connection refused.
]). Retrying.
26-09-14 21:40:12 [-] [ERROR] Could not reach the Portal at localhost:4006 ([Failure instance: Traceback (failure with no frames): <class 'twisted.internet.error.ConnectionRefusedError'>: Connection was refused by other side: 61: Connection refused.
]). Retrying.
26-09-14 21:40:21 [-] [ERROR] Could not reach the Portal at localhost:4006 ([Failure instance: Traceback (failure with no frames): <class 'twisted.internet.error.ConnectionRefusedError'>: Connection was refused by other side: 61: Connection refused.
]). Retrying.
26-09-14 21:40:31 [-] [ERROR] Could not reach the Portal at localhost:4006 ([Failure instance: Traceback (failure with no frames): <class 'twisted.internet.error.ConnectionRefusedError'>: Connection was refused by other side: 61: Connection refused.
]). Retrying.
26-09-14 21:40:42 [-] [ERROR] Could not reach the Portal at localhost:4006 ([Failure instance: Traceback (failure with no frames): <class 'twisted.internet.error.ConnectionRefusedError'>: Connection was refused by other side: 61: Connection refused.
]). Retrying.
26-09-14 21:40:50 [-] [ERROR] Could not reach the Portal at localhost:4006 ([Failure instance: Traceback (failure with no frames): <class 'twisted.internet.error.ConnectionRefusedError'>: Connection was refused by other side: 61: Connection refused.
]). Retrying.
26-09-14 21:41:00 [-] [ERROR] Could not reach the Portal at localhost:4006 ([Failure instance: Traceback (failure with no frames): <class 'twisted.internet.error.ConnectionRefusedError'>: Connection was refused by other side: 61: Connection refused.
]). Retrying.
26-09-14 21:41:10 [-] [ERROR] Could not reach the Portal at localhost:4006 ([Failure instance: Traceback (failure with no frames): <class 'twisted.internet.error.ConnectionRefusedError'>: Connection was refused by other side: 61: Connection refused.
]). Retrying.
26-09-14 21:41:19 [-] [ERROR] Could not reach the Portal at localhost:4006 ([Failure instance: Traceback (failure with no frames): <class 'twisted.internet.error.ConnectionRefusedError'>: Connection was refused by other side: 61: Connection refused.
]). Retrying.
26-09-14 21:41:31 [-] [ERROR] Could not reach the Portal at localhost:4006 ([Failure instance: Traceback (failure with no frames): <class 'twisted.internet.error.ConnectionRefusedError'>: Connection was refused by other side: 61: Connection refused.
]). Retrying.
26-09-14 21:41:40 [-] [ERROR] Could not reach the Portal at localhost:4006 ([Failure instance: Traceback (failure with no frames): <class 'twisted.internet.error.ConnectionRefusedError'>: Connection was refused by other side: 61: Connection refused.
]). Retrying.
26-09-14 21:41:48 [-] [ERROR] Could not reach the Portal at localhost:4006 ([Failure instance: Traceback (failure with no frames): <class 'twisted.internet.error.ConnectionRefusedError'>: Connection was refused by other side: 61: Connection refused.
]). Retrying.
26-09-14 21:41:57 [-] [ERROR] Could not reach the Portal at localhost:4006 ([Failure instance: Traceback (failure with no frames): <class 'twisted.internet.error.ConnectionRefusedError'>: Connection was refused by other side: 61: Connection refused.
]). Retrying.
26-09-14 21:42:08 [-] [ERROR] Could not reach the Portal at localhost:4006 ([Failure instance: Traceback (failure with no frames): <class 'twisted.internet.error.ConnectionRefusedError'>: Connection was refused by other side: 61: Connection refused.
]). Retrying.
26-09-14 21:42:18 [-] [ERROR] Could not reach the Portal at localhost:4006 ([Failure instance: Traceback (failure with no frames): <class 'twisted.internet.error.ConnectionRefusedError'>: Connection was refused by other side: 61: Connection refused.
]). Retrying.
26-09-14 21:42:28 [-] [ERROR] Could not reach the Portal at localhost:4006 ([Failure instance: Traceback (failure with no frames): <class 'twisted.internet.error.ConnectionRefusedError'>: Connection was refused by other side: 61: Connection refused.
]). Retrying.
26-09-14 21:42:39 [-] [ERROR] Could not reach the Portal at localhost:4006 ([Failure instance: Traceback (failure with no frames): <class 'twisted.internet.error.ConnectionRefusedError'>: Connection was refused by other side: 61: Connection refused.
]). Retrying.
26-09-14 21:42:50 [-] [ERROR] Could not reach the Portal at localhost:4006 ([Failure instance: Traceback (failure with no frames): <class 'twisted.internet.error.ConnectionRefusedError'>: Connection was refused by other side: 61: Connection refused.
]). Retrying.
26-09-14 21:43:01 [-] [ERROR] Could not reach the Portal at localhost:4006 ([Failure instance: Traceback (failure with no frames): <class 'twisted.internet.error.ConnectionRefusedError'>: Connection was refused by other side: 61: Connection refused.
]). Retrying.
26-09-14 21:43:13 [-] [ERROR] Could not reach the Portal at localhost:4006 ([Failure instance: Traceback (failure with no frames): <class 'twisted.internet.error.ConnectionRefusedError'>: Connection was refused by other side: 61: Connection refused.
]). Retrying.
26-09-14 21:43:23 [-] [ERROR] Could not reach the Portal at localhost:4006 ([Failure instance: Traceback (failure with no frames): <class 'twisted.internet.error.ConnectionRefusedError'>: Connection was refused by other side: 61: Connection refused.
]). Retrying.
26-09-14 21:43:32 [-] [ERROR] Could not reach the Portal at localhost:4006 ([Failure instance: Traceback (failure with no frames): <class 'twisted.internet.error.ConnectionRefusedError'>: Connection was refused by other side: 61: Connection refused.
]). Retrying.
26-09-14 21:43:43 [-] [ERROR] Could not reach the Portal at localhost:4006 ([Failure instance: Traceback (failure with no frames): <class 'twisted.internet.error.ConnectionRefusedError'>: Connection was refused by other side: 61: Connection refused.
]). Retrying.
26-09-14 21:43:55 [-] [ERROR] Could not reach the Portal at localhost:4006 ([Failure instance: Traceback (failure with no frames): <class 'twisted.internet.error.ConnectionRefusedError'>: Connection was refused by other side: 61: Connection refused.
]). Retrying.
26-09-14 21:44:05 [-] [ERROR] Could not reach the Portal at localhost:4006 ([Failure instance: Traceback (failure with no frames): <class 'twisted.internet.error.ConnectionRefusedError'>: Connection was refused by other side: 61: Connection refused.
]). Retrying.
26-09-14 21:44:14 [-] [ERROR] Could not reach the Portal at localhost:4006 ([Failure instance: Traceback (failure with no frames): <class 'twisted.internet.error.ConnectionRefusedError'>: Connection was refused by other side: 61: Connection refused.
]). Retrying.
26-09-14 21:44:23 [-] [ERROR] Could not reach the Portal at localhost:4006 ([Failure instance: Traceback (failure with no frames): <class 'twisted.internet.error.ConnectionRefusedError'>: Connection was refused by other side: 61: Connection refused.
]). Retrying.
26-09-14 21:44:34 [-] [ERROR] Could not reach the Portal at localhost:4006 ([Failure instance: Traceback (failure with no frames): <class 'twisted.internet.error.ConnectionRefusedError'>: Connection was refused by other side: 61: Connection refused.
]). Retrying.
26-09-14 21:44:42 [-] [ERROR] Could not reach the Portal at localhost:4006 ([Failure instance: Traceback (failure with no frames): <class 'twisted.internet.error.ConnectionRefusedError'>: Connection was refused by other side: 61: Connection refused.
]). Retrying.
26-09-14 21:44:52 [-] [ERROR] Could not reach the Portal at localhost:4006 ([Failure instance: Traceback (failure with no frames): <class 'twisted.internet.error.ConnectionRefusedError'>: Connection was refused by other side: 61: Connection refused.
]). Retrying.
26-09-14 21:45:01 [-] [ERROR] Could not reach the Portal at localhost:4006 ([Failure instance: Traceback (failure with no frames): <class 'twisted.internet.error.ConnectionRefusedError'>: Connection was refused by other side: 61: Connection refused.
]). Retrying.
26-09-14 21:45:11 [-] [ERROR] Could not reach the Portal at localhost:4006 ([Failure instance: Traceback (failure with no frames): <class 'twisted.internet.error.ConnectionRefusedError'>: Connection was refused by other side: 61: Connection refused.
]). Retrying.
26-09-14 21:45:22 [-] [ERROR] Could not reach the Portal at localhost:4006 ([Failure instance: Traceback (failure with no frames): <class 'twisted.internet.error.ConnectionRefusedError'>: Connection was refused by other side: 61: Connection refused.
]). Retrying.
26-09-14 21:45:31 [-] [ERROR] Could not reach the Portal at localhost:4006 ([Failure instance: Traceback (failure with no frames): <class 'twisted.internet.error.ConnectionRefusedError'>: Connection was refused by other side: 61: Connection refused.
]). Retrying.
26-09-14 21:45:41 [-] [ERROR] Could not reach the Portal at localhost:4006 ([Failure instance: Traceback (failure with no frames): <class 'twisted.internet.error.ConnectionRefusedError'>: Connection was refused by other side: 61: Connection refused.
]). Retrying.
26-09-14 21:45:51 [-] [ERROR] Could not reach the Portal at localhost:4006 ([Failure instance: Traceback (failure with no frames): <class 'twisted.internet.error.ConnectionRefusedError'>: Connection was refused by other side: 61: Connection refused.
]). Retrying.
26-09-14 21:46:00 [-] [ERROR] Could not reach the Portal at localhost:4006 ([Failure instance: Traceback (failure with no frames): <class 'twisted.internet.error.ConnectionRefusedError'>: Connection was refused by other side: 61: Connection refused.
]). Retrying.
26-09-14 21:46:09 [-] [ERROR] Could not reach the Portal at localhost:4006 ([Failure instance: Traceback (failure with no frames): <class 'twisted.internet.error.ConnectionRefusedError'>: Connection was refused by other side: 61: Connection refused.
]). Retrying.
26-09-14 21:46:19 [-] [ERROR] Could not reach the Portal at localhost:4006 ([Failure instance: Traceback (failure with no frames): <class 'twisted.internet.error.ConnectionRefusedError'>: Connection was refused by other side: 61: Connection refused.
]). Retrying.
26-09-14 21:46:29 [-] [ERROR] Could not reach the Portal at localhost:4006 ([Failure instance: Traceback (failure with no frames): <class 'twisted.internet.error.ConnectionRefusedError'>: Connection was refused by other side: 61: Connection refused.
]). Retrying.
26-09-14 21:46:37 [-] [ERROR] Could not reach the Portal at localhost:4006 ([Failure instance: Traceback (failure with no frames): <class 'twisted.internet.error.ConnectionRefusedError'>: Connection was refused by other side: 61: Connection refused.
]). Retrying.
26-09-14 21:46:48 [-] [ERROR] Could not reach the Portal at localhost:4006 ([Failure instance: Traceback (failure with no frames): <class 'twisted.internet.error.ConnectionRefusedError'>: Connection was refused by other side: 61: Connection refused.
]). Retrying.
26-09-14 21:46:56 [-] [ERROR] Could not reach the Portal at localhost:4006 ([Failure instance: Traceback (failure with no frames): <class 'twisted.internet.error.ConnectionRefusedError'>: Connection was refused by other side: 61: Connection refused.
]). Retrying.
26-09-14 21:47:07 [-] [ERROR] Could not reach the Portal at localhost:4006 ([Failure instance: Traceback (failure with no frames): <class 'twisted.internet.error.ConnectionRefusedError'>: Connection was refused by other side: 61: Connection refused.
]). Retrying.
26-09-14 21:47:15 [-] [ERROR] Could not reach the Portal at localhost:4006 ([Failure instance: Traceback (failure with no frames): <class 'twisted.internet.error.ConnectionRefusedError'>: Connection was refused by other side: 61: Connection refused.
]). Retrying.
26-09-14 21:47:27 [-] [ERROR] Could not reach the Portal at localhost:4006 ([Failure instance: Traceback (failure with no frames): <class 'twisted.internet.error.ConnectionRefusedError'>: Connection was refused by other side: 61: Connection refused.
]). Retrying.
26-09-14 21:47:39 [-] [ERROR] Could not reach the Portal at localhost:4006 ([Failure instance: Traceback (failure with no frames): <class 'twisted.internet.error.ConnectionRefusedError'>: Connection was refused by other side: 61: Connection refused.
]). Retrying.
26-09-14 21:47:49 [-] [ERROR] Could not reach the Portal at localhost:4006 ([Failure instance: Traceback (failure with no frames): <class 'twisted.internet.error.ConnectionRefusedError'>: Connection was refused by other side: 61: Connection refused.
]). Retrying.
26-09-14 21:47:58 [-] [ERROR] Could not reach the Portal at localhost:4006 ([Failure instance: Traceback (failure with no frames): <class 'twisted.internet.error.ConnectionRefusedError'>: Connection was refused by other side: 61: Connection refused.
]). Retrying.
26-09-14 21:48:07 [-] [ERROR] Could not reach the Portal at localhost:4006 ([Failure instance: Traceback (failure with no frames): <class 'twisted.internet.error.ConnectionRefusedError'>: Connection was refused by other side: 61: Connection refused.
]). Retrying.
26-09-14 21:48:15 [-] [ERROR] Could not reach the Portal at localhost:4006 ([Failure instance: Traceback (failure with no frames): <class 'twisted.internet.error.ConnectionRefusedError'>: Connection was refused by other side: 61: Connection refused.
]). Retrying.
26-09-14 21:48:26 [-] [ERROR] Could not reach the Portal at localhost:4006 ([Failure instance: Traceback (failure with no frames): <class 'twisted.internet.error.ConnectionRefusedError'>: Connection was refused by other side: 61: Connection refused.
]). Retrying.
26-09-14 21:48:36 [-] [ERROR] Could not reach the Portal at localhost:4006 ([Failure instance: Traceback (failure with no frames): <class 'twisted.internet.error.ConnectionRefusedError'>: Connection was refused by other side: 61: Connection refused.
]). Retrying.
26-09-14 21:48:45 [-] [ERROR] Could not reach the Portal at localhost:4006 ([Failure instance: Traceback (failure with no frames): <class 'twisted.internet.error.ConnectionRefusedError'>: Connection was refused by other side: 61: Connection refused.
]). Retrying.
26-09-14 21:48:55 [-] [ERROR] Could not reach the Portal at localhost:4006 ([Failure instance: Traceback (failure with no frames): <class 'twisted.internet.error.ConnectionRefusedError'>: Connection was refused by other side: 61: Connection refused.
]). Retrying.
26-09-14 21:49:04 [-] [ERROR] Could not reach the Portal at localhost:4006 ([Failure instance: Traceback (failure with no frames): <class 'twisted.internet.error.ConnectionRefusedError'>: Connection was refused by other side: 61: Connection refused.
]). Retrying.
26-09-14 21:49:14 [-] [ERROR] Could not reach the Portal at localhost:4006 ([Failure instance: Traceback (failure with no frames): <class 'twisted.internet.error.ConnectionRefusedError'>: Connection was refused by other side: 61: Connection refused.
]). Retrying.
26-09-14 21:49:22 [-] [ERROR] Could not reach the Portal at localhost:4006 ([Failure instance: Traceback (failure with no frames): <class 'twisted.internet.error.ConnectionRefusedError'>: Connection was refused by other side: 61: Connection refused.
]). Retrying.
26-09-14 21:49:32 [-] [ERROR] Could not reach the Portal at localhost:4006 ([Failure instance: Traceback (failure with no frames): <class 'twisted.internet.error.ConnectionRefusedError'>: Connection was refused by other side: 61: Connection refused.
]). Retrying.
26-09-14 21:49:41 [-] [ERROR] Could not reach the Portal at localhost:4006 ([Failure instance: Traceback (failure with no frames): <class 'twisted.internet.error.ConnectionRefusedError'>: Connection was refused by other side: 61: Connection refused.
]). Retrying.
26-09-14 21:49:51 [-] [ERROR] Could not reach the Portal at localhost:4006 ([Failure instance: Traceback (failure with no frames): <class 'twisted.internet.error.ConnectionRefusedError'>: Connection was refused by other side: 61: Connection refused.
]). Retrying.
26-09-14 21:50:01 [-] [ERROR] Could not reach the Portal at localhost:4006 ([Failure instance: Traceback (failure with no frames): <class 'twisted.internet.error.ConnectionRefusedError'>: Connection was refused by other side: 61: Connection refused.
]). Retrying.
26-09-14 21:50:10 [-] [ERROR] Could not reach the Portal at localhost:4006 ([Failure instance: Traceback (failure with no frames): <class 'twisted.internet.error.ConnectionRefusedError'>: Connection was refused by other side: 61: Connection refused.
]). Retrying.
26-09-14 21:50:19 [-] [ERROR] Could not reach the Portal at localhost:4006 ([Failure instance: Traceback (failure with no frames): <class 'twisted.internet.error.ConnectionRefusedError'>: Connection was refused by other side: 61: Connection refused.
]). Retrying.
26-09-14 21:50:28 [-] [ERROR] Could not reach the Portal at localhost:4006 ([Failure instance: Traceback (failure with no frames): <class 'twisted.internet.error.ConnectionRefusedError'>: Connection was refused by other side: 61: Connection refused.
]). Retrying.
26-09-14 21:50:38 [-] [ERROR] Could not reach the Portal at localhost:4006 ([Failure instance: Traceback (failure with no frames): <class 'twisted.internet.error.ConnectionRefusedError'>: Connection was refused by other side: 61: Connection refused.
]). Retrying.
26-09-14 21:50:47 [-] [ERROR] Could not reach the Portal at localhost:4006 ([Failure instance: Traceback (failure with no frames): <class 'twisted.internet.error.ConnectionRefusedError'>: Connection was refused by other side: 61: Connection refused.
]). Retrying.
26-09-14 21:50:53 [-] [ERROR] Could not reach the Portal at localhost:4006 ([Failure instance: Traceback (failure with no frames): <class 'twisted.internet.error.ConnectionRefusedError'>: Connection was refused by other side: 61: Connection refused.
]). Retrying.
26-09-14 21:51:02 [-] [ERROR] Could not reach the Portal at localhost:4006 ([Failure instance: Traceback (failure with no frames): <class 'twisted.internet.error.ConnectionRefusedError'>: Connection was refused by other side: 61: Connection refused.
]). Retrying.
26-09-14 21:51:14 [-] [ERROR] Could not reach the Portal at localhost:4006 ([Failure instance: Traceback (failure with no frames): <class 'twisted.internet.error.ConnectionRefusedError'>: Connection was refused by other side: 61: Connection refused.
]). Retrying.
26-09-14 21:51:24 [-] [ERROR] Could not reach the Portal at localhost:4006 ([Failure instance: Traceback (failure with no frames): <class 'twisted.internet.error.ConnectionRefusedError'>: Connection was refused by other side: 61: Connection refused.
]). Retrying.
26-09-14 21:51:33 [-] [ERROR] Could not reach the Portal at localhost:4006 ([Failure instance: Traceback (failure with no frames): <class 'twisted.internet.error.ConnectionRefusedError'>: Connection was refused by other side: 61: Connection refused.
]). Retrying.
26-09-14 21:51:43 [-] [ERROR] Could not reach the Portal at localhost:4006 ([Failure instance: Traceback (failure with no frames): <class 'twisted.internet.error.ConnectionRefusedError'>: Connection was refused by other side: 61: Connection refused.
]). Retrying.
26-09-14 21:51:52 [-] [ERROR] Could not reach the Portal at localhost:4006 ([Failure instance: Traceback (failure with no frames): <class 'twisted.internet.error.ConnectionRefusedError'>: Connection was refused by other side: 61: Connection refused.
]). Retrying.
26-09-14 21:52:01 [-] [ERROR] Could not reach the Portal at localhost:4006 ([Failure instance: Traceback (failure with no frames): <class 'twisted.internet.error.ConnectionRefusedError'>: Connection was refused by other side: 61: Connection refused.
]). Retrying.
26-09-14 21:52:12 [-] [ERROR] Could not reach the Portal at localhost:4006 ([Failure instance: Traceback (failure with no frames): <class 'twisted.internet.error.ConnectionRefusedError'>: Connection was refused by other side: 61: Connection refused.
]). Retrying.
26-09-14 21:52:24 [-] [ERROR] Could not reach the Portal at localhost:4006 ([Failure instance: Traceback (failure with no frames): <class 'twisted.internet.error.ConnectionRefusedError'>: Connection was refused by other side: 61: Connection refused.
]). Retrying.
26-09-14 21:52:33 [-] [ERROR] Could not reach the Portal at localhost:4006 ([Failure instance: Traceback (failure with no frames): <class 'twisted.internet.error.ConnectionRefusedError'>: Connection was refused by other side: 61: Connection refused.
]). Retrying.
26-09-14 21:52:43 [-] [ERROR] Could not reach the Portal at localhost:4006 ([Failure instance: Traceback (failure with no frames): <class 'twisted.internet.error.ConnectionRefusedError'>: Connection was refused by other side: 61: Connection refused.
]). Retrying.
26-09-14 21:52:52 [-] [ERROR] Could not reach the Portal at localhost:4006 ([Failure instance: Traceback (failure with no frames): <class 'twisted.internet.error.ConnectionRefusedError'>: Connection was refused by other side: 61: Connection refused.
]). Retrying.
26-09-14 21:53:05 [-] [ERROR] Could not reach the Portal at localhost:4006 ([Failure instance: Traceback (failure with no frames): <class 'twisted.internet.error.ConnectionRefusedError'>: Connection was refused by other side: 61: Connection refused.
]). Retrying.
26-09-14 21:53:15 [-] [ERROR] Could not reach the Portal at localhost:4006 ([Failure instance: Traceback (failure with no frames): <class 'twisted.internet.error.ConnectionRefusedError'>: Connection was refused by other side: 61: Connection refused.
]). Retrying.
26-09-14 21:53:26 [-] [ERROR] Could not reach the Portal at localhost:4006 ([Failure instance: Traceback (failure with no frames): <class 'twisted.internet.error.ConnectionRefusedError'>: Connection was refused by other side: 61: Connection refused.
]). Retrying.
26-09-14 21:53:34 [-] [ERROR] Could not reach the Portal at localhost:4006 ([Failure instance: Traceback (failure with no frames): <class 'twisted.internet.error.ConnectionRefusedError'>: Connection was refused by other side: 61: Connection refused.
]). Retrying.
26-09-14 21:53:44 [-] [ERROR] Could not reach the Portal at localhost:4006 ([Failure instance: Traceback (failure with no frames): <class 'twisted.internet.error.ConnectionRefusedError'>: Connection was refused by other side: 61: Connection refused.
]). Retrying.
26-09-14 21:53:54 [-] [ERROR] Could not reach the Portal at localhost:4006 ([Failure instance: Traceback (failure with no frames): <class 'twisted.internet.error.ConnectionRefusedError'>: Connection was refused by other side: 61: Connection refused.
]). Retrying.
26-09-14 21:54:02 [-] [ERROR] Could not reach the Portal at localhost:4006 ([Failure instance: Traceback (failure with no frames): <class 'twisted.internet.error.ConnectionRefusedError'>: Connection was refused by other side: 61: Connection refused.
]). Retrying.
26-09-14 21:54:13 [-] [ERROR] Could not reach the Portal at localhost:4006 ([Failure instance: Traceback (failure with no frames): <class 'twisted.internet.error.ConnectionRefusedError'>: Connection was refused by other side: 61: Connection refused.
]). Retrying.
26-09-14 21:54:23 [-] [ERROR] Could not reach the Portal at localhost:4006 ([Failure instance: Traceback (failure with no frames): <class 'twisted.internet.error.ConnectionRefusedError'>: Connection was refused by other side: 61: Connection refused.
]). Retrying.
26-09-14 21:54:33 [-] [ERROR] Could not reach the Portal at localhost:4006 ([Failure instance: Traceback (failure with no frames): <class 'twisted.internet.error.ConnectionRefusedError'>: Connection was refused by other side: 61: Connection refused.
]). Retrying.
26-09-14 21:54:43 [-] [ERROR] Could not reach the Portal at localhost:4006 ([Failure instance: Traceback (failure with no frames): <class 'twisted.internet.error.ConnectionRefusedError'>: Connection was refused by other side: 61: Connection refused.
]). Retrying.
26-09-14 21:54:53 [-] [ERROR] Could not reach the Portal at localhost:4006 ([Failure instance: Traceback (failure with no frames): <class 'twisted.internet.error.ConnectionRefusedError'>: Connection was refused by other side: 61: Connection refused.
]). Retrying.
26-09-14 21:55:04 [-] [ERROR] Could not reach the Portal at localhost:4006 ([Failure instance: Traceback (failure with no frames): <class 'twisted.internet.error.ConnectionRefusedError'>: Connection was refused by other side: 61: Connection refused.
]). Retrying.
26-09-14 21:55:16 [-] [ERROR] Could not reach the Portal at localhost:4006 ([Failure instance: Traceback (failure with no frames): <class 'twisted.internet.error.ConnectionRefusedError'>: Connection was refused by other side: 61: Connection refused.
]). Retrying.
26-09-14 21:55:25 [-] [ERROR] Could not reach the Portal at localhost:4006 ([Failure instance: Traceback (failure with no frames): <class 'twisted.internet.error.ConnectionRefusedError'>: Connection was refused by other side: 61: Connection refused.
]). Retrying.
26-09-14 21:55:34 [-] [ERROR] Could not reach the Portal at localhost:4006 ([Failure instance: Traceback (failure with no frames): <class 'twisted.internet.error.ConnectionRefusedError'>: Connection was refused by other side: 61: Connection refused.
]). Retrying.
26-09-14 21:55:42 [-] [ERROR] Could not reach the Portal at localhost:4006 ([Failure instance: Traceback (failure with no frames): <class 'twisted.internet.error.ConnectionRefusedError'>: Connection was refused by other side: 61: Connection refused.
]). Retrying.
26-09-14 21:55:52 [-] [ERROR] Could not reach the Portal at localhost:4006 ([Failure instance: Traceback (failure with no frames): <class 'twisted.internet.error.ConnectionRefusedError'>: Connection was refused by other side: 61: Connection refused.
]). Retrying.
26-09-14 21:56:05 [-] [ERROR] Could not reach the Portal at localhost:4006 ([Failure instance: Traceback (failure with no frames): <class 'twisted.internet.error.ConnectionRefusedError'>: Connection was refused by other side: 61: Connection refused.
]). Retrying.
26-09-14 21:56:13 [-] [ERROR] Could not reach the Portal at localhost:4006 ([Failure instance: Traceback (failure with no frames): <class 'twisted.internet.error.ConnectionRefusedError'>: Connection was refused by other side: 61: Connection refused.
]). Retrying.
26-09-14 21:56:23 [-] [ERROR] Could not reach the Portal at localhost:4006 ([Failure instance: Traceback (failure with no frames): <class 'twisted.internet.error.ConnectionRefusedError'>: Connection was refused by other side: 61: Connection refused.
]). Retrying.
26-09-14 21:56:33 [-] [ERROR] Could not reach the Portal at localhost:4006 ([Failure instance: Traceback (failure with no frames): <class 'twisted.internet.error.ConnectionRefusedError'>: Connection was refused by other side: 61: Connection refused.
]). Retrying.
26-09-14 21:56:45 [-] [ERROR] Could not reach the Portal at localhost:4006 ([Failure instance: Traceback (failure with no frames): <class 'twisted.internet.error.ConnectionRefusedError'>: Connection was refused by other side: 61: Connection refused.
]). Retrying.
26-09-14 21:56:55 [-] [ERROR] Could not reach the Portal at localhost:4006 ([Failure instance: Traceback (failure with no frames): <class 'twisted.internet.error.ConnectionRefusedError'>: Connection was refused by other side: 61: Connection refused.
]). Retrying.
26-09-14 21:57:04 [-] [ERROR] Could not reach the Portal at localhost:4006 ([Failure instance: Traceback (failure with no frames): <class 'twisted.internet.error.ConnectionRefusedError'>: Connection was refused by other side: 61: Connection refused.
]). Retrying.
26-09-14 21:57:14 [-] [ERROR] Could not reach the Portal at localhost:4006 ([Failure instance: Traceback (failure with no frames): <class 'twisted.internet.error.ConnectionRefusedError'>: Connection was refused by other side: 61: Connection refused.
]). Retrying.
26-09-14 21:57:23 [-] [ERROR] Could not reach the Portal at localhost:4006 ([Failure instance: Traceback (failure with no frames): <class 'twisted.internet.error.ConnectionRefusedError'>: Connection was refused by other side: 61: Connection refused.
]). Retrying.
26-09-14 21:57:34 [-] [ERROR] Could not reach the Portal at localhost:4006 ([Failure instance: Traceback (failure with no frames): <class 'twisted.internet.error.ConnectionRefusedError'>: Connection was refused by other side: 61: Connection refused.
]). Retrying.
26-09-14 21:57:44 [-] [ERROR] Could not reach the Portal at localhost:4006 ([Failure instance: Traceback (failure with no frames): <class 'twisted.internet.error.ConnectionRefusedError'>: Connection was refused by other side: 61: Connection refused.
]). Retrying.
26-09-14 21:57:53 [-] [ERROR] Could not reach the Portal at localhost:4006 ([Failure instance: Traceback (failure with no frames): <class 'twisted.internet.error.ConnectionRefusedError'>: Connection was refused by other side: 61: Connection refused.
]). Retrying.
26-09-14 21:58:03 [-] [ERROR] Could not reach the Portal at localhost:4006 ([Failure instance: Traceback (failure with no frames): <class 'twisted.internet.error.ConnectionRefusedError'>: Connection was refused by other side: 61: Connection refused.
]). Retrying.
26-09-14 21:58:13 [-] [ERROR] Could not reach the Portal at localhost:4006 ([Failure instance: Traceback (failure with no frames): <class 'twisted.internet.error.ConnectionRefusedError'>: Connection was refused by other side: 61: Connection refused.
]). Retrying.
26-09-14 21:58:22 [-] [ERROR] Could not reach the Portal at localhost:4006 ([Failure instance: Traceback (failure with no frames): <class 'twisted.internet.error.ConnectionRefusedError'>: Connection was refused by other side: 61: Connection refused.
]). Retrying.
26-09-14 21:58:33 [-] [ERROR] Could not reach the Portal at localhost:4006 ([Failure instance: Traceback (failure with no frames): <class 'twisted.internet.error.ConnectionRefusedError'>: Connection was refused by other side: 61: Connection refused.
]). Retrying.
26-09-14 21:58:42 [-] [ERROR] Could not reach the Portal at localhost:4006 ([Failure instance: Traceback (failure with no frames): <class 'twisted.internet.error.ConnectionRefusedError'>: Connection was refused by other side: 61: Connection refused.
]). Retrying.
26-09-14 21:58:51 [-] [ERROR] Could not reach the Portal at localhost:4006 ([Failure instance: Traceback (failure with no frames): <class 'twisted.internet.error.ConnectionRefusedError'>: Connection was refused by other side: 61: Connection refused.
]). Retrying.
26-09-14 21:59:02 [-] [ERROR] Could not reach the Portal at localhost:4006 ([Failure instance: Traceback (failure with no frames): <class 'twisted.internet.error.ConnectionRefusedError'>: Connection was refused by other side: 61: Connection refused.
]). Retrying.
26-09-14 21:59:11 [-] [ERROR] Could not reach the Portal at localhost:4006 ([Failure instance: Traceback (failure with no frames): <class 'twisted.internet.error.ConnectionRefusedError'>: Connection was refused by other side: 61: Connection refused.
]). Retrying.
26-09-14 21:59:21 [-] [ERROR] Could not reach the Portal at localhost:4006 ([Failure instance: Traceback (failure with no frames): <class 'twisted.internet.error.ConnectionRefusedError'>: Connection was refused by other side: 61: Connection refused.
]). Retrying.
26-09-14 21:59:30 [-] [ERROR] Could not reach the Portal at localhost:4006 ([Failure instance: Traceback (failure with no frames): <class 'twisted.internet.error.ConnectionRefusedError'>: Connection was refused by other side: 61: Connection refused.
]). Retrying.
26-09-14 21:59:39 [-] [ERROR] Could not reach the Portal at localhost:4006 ([Failure instance: Traceback (failure with no frames): <class 'twisted.internet.error.ConnectionRefusedError'>: Connection was refused by other side: 61: Connection refused.
]). Retrying.
26-09-14 21:59:49 [-] [ERROR] Could not reach the Portal at localhost:4006 ([Failure instance: Traceback (failure with no frames): <class 'twisted.internet.error.ConnectionRefusedError'>: Connection was refused by other side: 61: Connection refused.
]). Retrying.
26-09-14 21:59:57 [-] [ERROR] Could not reach the Portal at localhost:4006 ([Failure instance: Traceback (failure with no frames): <class 'twisted.internet.error.ConnectionRefusedError'>: Connection was refused by other side: 61: Connection refused.
]). Retrying.
26-09-14 22:00:07 [-] [ERROR] Could not reach the Portal at localhost:4006 ([Failure instance: Traceback (failure with no frames): <class 'twisted.internet.error.ConnectionRefusedError'>: Connection was refused by other side: 61: Connection refused.
]). Retrying.
26-09-14 22:00:18 [-] [ERROR] Could not reach the Portal at localhost:4006 ([Failure instance: Traceback (failure with no frames): <class 'twisted.internet.error.ConnectionRefusedError'>: Connection was refused by other side: 61: Connection refused.
]). Retrying.
26-09-14 22:00:28 [-] [ERROR] Could not reach the Portal at localhost:4006 ([Failure instance: Traceback (failure with no frames): <class 'twisted.internet.error.ConnectionRefusedError'>: Connection was refused by other side: 61: Connection refused.
]). Retrying.
26-09-14 22:00:39 [-] [ERROR] Could not reach the Portal at localhost:4006 ([Failure instance: Traceback (failure with no frames): <class 'twisted.internet.error.ConnectionRefusedError'>: Connection was refused by other side: 61: Connection refused.
]). Retrying.
26-09-14 22:00:49 [-] [ERROR] Could not reach the Portal at localhost:4006 ([Failure instance: Traceback (failure with no frames): <class 'twisted.internet.error.ConnectionRefusedError'>: Connection was refused by other side: 61: Connection refused.
]). Retrying.
26-09-14 22:00:58 [-] [ERROR] Could not reach the Portal at localhost:4006 ([Failure instance: Traceback (failure with no frames): <class 'twisted.internet.error.ConnectionRefusedError'>: Connection was refused by other side: 61: Connection refused.
]). Retrying.
26-09-14 22:01:10 [-] [ERROR] Could not reach the Portal at localhost:4006 ([Failure instance: Traceback (failure with no frames): <class 'twisted.internet.error.ConnectionRefusedError'>: Connection was refused by other side: 61: Connection refused.
]). Retrying.
26-09-14 22:01:20 [-] [ERROR] Could not reach the Portal at localhost:4006 ([Failure instance: Traceback (failure with no frames): <class 'twisted.internet.error.ConnectionRefusedError'>: Connection was refused by other side: 61: Connection refused.
]). Retrying.
26-09-14 22:01:29 [-] [ERROR] Could not reach the Portal at localhost:4006 ([Failure instance: Traceback (failure with no frames): <class 'twisted.internet.error.ConnectionRefusedError'>: Connection was refused by other side: 61: Connection refused.
]). Retrying.
26-09-14 22:01:40 [-] [ERROR] Could not reach the Portal at localhost:4006 ([Failure instance: Traceback (failure with no frames): <class 'twisted.internet.error.ConnectionRefusedError'>: Connection was refused by other side: 61: Connection refused.
]). Retrying.
26-09-14 22:01:49 [-] [ERROR] Could not reach the Portal at localhost:4006 ([Failure instance: Traceback (failure with no frames): <class 'twisted.internet.error.ConnectionRefusedError'>: Connection was refused by other side: 61: Connection refused.
]). Retrying.
26-09-14 22:01:58 [-] [ERROR] Could not reach the Portal at localhost:4006 ([Failure instance: Traceback (failure with no frames): <class 'twisted.internet.error.ConnectionRefusedError'>: Connection was refused by other side: 61: Connection refused.
]). Retrying.
26-09-14 22:02:08 [-] [ERROR] Could not reach the Portal at localhost:4006 ([Failure instance: Traceback (failure with no frames): <class 'twisted.internet.error.ConnectionRefusedError'>: Connection was refused by other side: 61: Connection refused.
]). Retrying.
26-09-14 22:02:18 [-] [ERROR] Could not reach the Portal at localhost:4006 ([Failure instance: Traceback (failure with no frames): <class 'twisted.internet.error.ConnectionRefusedError'>: Connection was refused by other side: 61: Connection refused.
]). Retrying.
26-09-14 22:02:28 [-] [ERROR] Could not reach the Portal at localhost:4006 ([Failure instance: Traceback (failure with no frames): <class 'twisted.internet.error.ConnectionRefusedError'>: Connection was refused by other side: 61: Connection refused.
]). Retrying.
26-09-14 22:02:37 [-] [ERROR] Could not reach the Portal at localhost:4006 ([Failure instance: Traceback (failure with no frames): <class 'twisted.internet.error.ConnectionRefusedError'>: Connection was refused by other side: 61: Connection refused.
]). Retrying.
26-09-14 22:02:48 [-] [ERROR] Could not reach the Portal at localhost:4006 ([Failure instance: Traceback (failure with no frames): <class 'twisted.internet.error.ConnectionRefusedError'>: Connection was refused by other side: 61: Connection refused.
]). Retrying.
26-09-14 22:02:57 [-] [ERROR] Could not reach the Portal at localhost:4006 ([Failure instance: Traceback (failure with no frames): <class 'twisted.internet.error.ConnectionRefusedError'>: Connection was refused by other side: 61: Connection refused.
]). Retrying.
26-09-14 22:03:07 [-] [ERROR] Could not reach the Portal at localhost:4006 ([Failure instance: Traceback (failure with no frames): <class 'twisted.internet.error.ConnectionRefusedError'>: Connection was refused by other side: 61: Connection refused.
]). Retrying.
26-09-14 22:03:18 [-] [ERROR] Could not reach the Portal at localhost:4006 ([Failure instance: Traceback (failure with no frames): <class 'twisted.internet.error.ConnectionRefusedError'>: Connection was refused by other side: 61: Connection refused.
]). Retrying.
26-09-14 22:03:30 [-] [ERROR] Could not reach the Portal at localhost:4006 ([Failure instance: Traceback (failure with no frames): <class 'twisted.internet.error.ConnectionRefusedError'>: Connection was refused by other side: 61: Connection refused.
]). Retrying.
26-09-14 22:03:41 [-] [ERROR] Could not reach the Portal at localhost:4006 ([Failure instance: Traceback (failure with no frames): <class 'twisted.internet.error.ConnectionRefusedError'>: Connection was refused by other side: 61: Connection refused.
]). Retrying.
26-09-14 22:03:53 [-] [ERROR] Could not reach the Portal at localhost:4006 ([Failure instance: Traceback (failure with no frames): <class 'twisted.internet.error.ConnectionRefusedError'>: Connection was refused by other side: 61: Connection refused.
]). Retrying.
26-09-14 22:04:02 [-] [ERROR] Could not reach the Portal at localhost:4006 ([Failure instance: Traceback (failure with no frames): <class 'twisted.internet.error.ConnectionRefusedError'>: Connection was refused by other side: 61: Connection refused.
]). Retrying.
26-09-14 22:04:10 [-] [ERROR] Could not reach the Portal at localhost:4006 ([Failure instance: Traceback (failure with no frames): <class 'twisted.internet.error.ConnectionRefusedError'>: Connection was refused by other side: 61: Connection refused.
]). Retrying.
26-09-14 22:04:19 [-] [ERROR] Could not reach the Portal at localhost:4006 ([Failure instance: Traceback (failure with no frames): <class 'twisted.internet.error.ConnectionRefusedError'>: Connection was refused by other side: 61: Connection refused.
]). Retrying.
26-09-14 22:04:28 [-] [ERROR] Could not reach the Portal at localhost:4006 ([Failure instance: Traceback (failure with no frames): <class 'twisted.internet.error.ConnectionRefusedError'>: Connection was refused by other side: 61: Connection refused.
]). Retrying.
26-09-14 22:04:40 [-] [ERROR] Could not reach the Portal at localhost:4006 ([Failure instance: Traceback (failure with no frames): <class 'twisted.internet.error.ConnectionRefusedError'>: Connection was refused by other side: 61: Connection refused.
]). Retrying.
26-09-14 22:04:49 [-] [ERROR] Could not reach the Portal at localhost:4006 ([Failure instance: Traceback (failure with no frames): <class 'twisted.internet.error.ConnectionRefusedError'>: Connection was refused by other side: 61: Connection refused.
]). Retrying.
26-09-14 22:05:00 [-] [ERROR] Could not reach the Portal at localhost:4006 ([Failure instance: Traceback (failure with no frames): <class 'twisted.internet.error.ConnectionRefusedError'>: Connection was refused by other side: 61: Connection refused.
]). Retrying.
26-09-14 22:05:07 [-] [ERROR] Could not reach the Portal at localhost:4006 ([Failure instance: Traceback (failure with no frames): <class 'twisted.internet.error.ConnectionRefusedError'>: Connection was refused by other side: 61: Connection refused.
]). Retrying.
26-09-14 22:05:18 [-] [ERROR] Could not reach the Portal at localhost:4006 ([Failure instance: Traceback (failure with no frames): <class 'twisted.internet.error.ConnectionRefusedError'>: Connection was refused by other side: 61: Connection refused.
]). Retrying.
26-09-14 22:05:29 [-] [ERROR] Could not reach the Portal at localhost:4006 ([Failure instance: Traceback (failure with no frames): <class 'twisted.internet.error.ConnectionRefusedError'>: Connection was refused by other side: 61: Connection refused.
]). Retrying.
26-09-14 22:05:38 [-] [ERROR] Could not reach the Portal at localhost:4006 ([Failure instance: Traceback (failure with no frames): <class 'twisted.internet.error.ConnectionRefusedError'>: Connection was refused by other side: 61: Connection refused.
]). Retrying.
26-09-14 22:05:47 [-] [ERROR] Could not reach the Portal at localhost:4006 ([Failure instance: Traceback (failure with no frames): <class 'twisted.internet.error.ConnectionRefusedError'>: Connection was refused by other side: 61: Connection refused.
]). Retrying.
26-09-14 22:05:59 [-] [ERROR] Could not reach the Portal at localhost:4006 ([Failure instance: Traceback (failure with no frames): <class 'twisted.internet.error.ConnectionRefusedError'>: Connection was refused by other side: 61: Connection refused.
]). Retrying.
26-09-14 22:06:09 [-] [ERROR] Could not reach the Portal at localhost:4006 ([Failure instance: Traceback (failure with no frames): <class 'twisted.internet.error.ConnectionRefusedError'>: Connection was refused by other side: 61: Connection refused.
]). Retrying.
26-09-14 22:06:19 [-] [ERROR] Could not reach the Portal at localhost:4006 ([Failure instance: Traceback (failure with no frames): <class 'twisted.internet.error.ConnectionRefusedError'>: Connection was refused by other side: 61: Connection refused.
]). Retrying.
26-09-14 22:06:29 [-] [ERROR] Could not reach the Portal at localhost:4006 ([Failure instance: Traceback (failure with no frames): <class 'twisted.internet.error.ConnectionRefusedError'>: Connection was refused by other side: 61: Connection refused.
]). Retrying.
26-09-14 22:06:40 [-] [ERROR] Could not reach the Portal at localhost:4006 ([Failure instance: Traceback (failure with no frames): <class 'twisted.internet.error.ConnectionRefusedError'>: Connection was refused by other side: 61: Connection refused.
]). Retrying.
26-09-14 22:06:50 [-] [ERROR] Could not reach the Portal at localhost:4006 ([Failure instance: Traceback (failure with no frames): <class 'twisted.internet.error.ConnectionRefusedError'>: Connection was refused by other side: 61: Connection refused.
]). Retrying.
26-09-14 22:07:01 [-] [ERROR] Could not reach the Portal at localhost:4006 ([Failure instance: Traceback (failure with no frames): <class 'twisted.internet.error.ConnectionRefusedError'>: Connection was refused by other side: 61: Connection refused.
]). Retrying.
26-09-14 22:07:13 [-] [ERROR] Could not reach the Portal at localhost:4006 ([Failure instance: Traceback (failure with no frames): <class 'twisted.internet.error.ConnectionRefusedError'>: Connection was refused by other side: 61: Connection refused.
]). Retrying.
26-09-14 22:07:22 [-] [ERROR] Could not reach the Portal at localhost:4006 ([Failure instance: Traceback (failure with no frames): <class 'twisted.internet.error.ConnectionRefusedError'>: Connection was refused by other side: 61: Connection refused.
]). Retrying.
26-09-14 22:07:32 [-] [ERROR] Could not reach the Portal at localhost:4006 ([Failure instance: Traceback (failure with no frames): <class 'twisted.internet.error.ConnectionRefusedError'>: Connection was refused by other side: 61: Connection refused.
]). Retrying.
26-09-14 22:07:42 [-] [ERROR] Could not reach the Portal at localhost:4006 ([Failure instance: Traceback (failure with no frames): <class 'twisted.internet.error.ConnectionRefusedError'>: Connection was refused by other side: 61: Connection refused.
]). Retrying.
26-09-14 22:07:51 [-] [ERROR] Could not reach the Portal at localhost:4006 ([Failure instance: Traceback (failure with no frames): <class 'twisted.internet.error.ConnectionRefusedError'>: Connection was refused by other side: 61: Connection refused.
]). Retrying.
26-09-14 22:08:01 [-] [ERROR] Could not reach the Portal at localhost:4006 ([Failure instance: Traceback (failure with no frames): <class 'twisted.internet.error.ConnectionRefusedError'>: Connection was refused by other side: 61: Connection refused.
]). Retrying.
26-09-14 22:08:13 [-] [ERROR] Could not reach the Portal at localhost:4006 ([Failure instance: Traceback (failure with no frames): <class 'twisted.internet.error.ConnectionRefusedError'>: Connection was refused by other side: 61: Connection refused.
]). Retrying.
26-09-14 22:08:25 [-] [ERROR] Could not reach the Portal at localhost:4006 ([Failure instance: Traceback (failure with no frames): <class 'twisted.internet.error.ConnectionRefusedError'>: Connection was refused by other side: 61: Connection refused.
]). Retrying.
26-09-14 22:08:35 [-] [ERROR] Could not reach the Portal at localhost:4006 ([Failure instance: Traceback (failure with no frames): <class 'twisted.internet.error.ConnectionRefusedError'>: Connection was refused by other side: 61: Connection refused.
]). Retrying.
26-09-14 22:08:45 [-] [ERROR] Could not reach the Portal at localhost:4006 ([Failure instance: Traceback (failure with no frames): <class 'twisted.internet.error.ConnectionRefusedError'>: Connection was refused by other side: 61: Connection refused.
]). Retrying.
26-09-14 22:08:54 [-] [ERROR] Could not reach the Portal at localhost:4006 ([Failure instance: Traceback (failure with no frames): <class 'twisted.internet.error.ConnectionRefusedError'>: Connection was refused by other side: 61: Connection refused.
]). Retrying.
26-09-14 22:09:04 [-] [ERROR] Could not reach the Portal at localhost:4006 ([Failure instance: Traceback (failure with no frames): <class 'twisted.internet.error.ConnectionRefusedError'>: Connection was refused by other side: 61: Connection refused.
]). Retrying.
26-09-14 22:09:15 [-] [ERROR] Could not reach the Portal at localhost:4006 ([Failure instance: Traceback (failure with no frames): <class 'twisted.internet.error.ConnectionRefusedError'>: Connection was refused by other side: 61: Connection refused.
]). Retrying.
26-09-14 22:09:24 [-] [ERROR] Could not reach the Portal at localhost:4006 ([Failure instance: Traceback (failure with no frames): <class 'twisted.internet.error.ConnectionRefusedError'>: Connection was refused by other side: 61: Connection refused.
]). Retrying.
26-09-14 22:09:35 [-] [ERROR] Could not reach the Portal at localhost:4006 ([Failure instance: Traceback (failure with no frames): <class 'twisted.internet.error.ConnectionRefusedError'>: Connection was refused by other side: 61: Connection refused.
]). Retrying.
26-09-14 22:09:45 [-] [ERROR] Could not reach the Portal at localhost:4006 ([Failure instance: Traceback (failure with no frames): <class 'twisted.internet.error.ConnectionRefusedError'>: Connection was refused by other side: 61: Connection refused.
]). Retrying.
26-09-14 22:09:54 [-] [ERROR] Could not reach the Portal at localhost:4006 ([Failure instance: Traceback (failure with no frames): <class 'twisted.internet.error.ConnectionRefusedError'>: Connection was refused by other side: 61: Connection refused.
]). Retrying.
26-09-14 22:10:04 [-] [ERROR] Could not reach the Portal at localhost:4006 ([Failure instance: Traceback (failure with no frames): <class 'twisted.internet.error.ConnectionRefusedError'>: Connection was refused by other side: 61: Connection refused.
]). Retrying.
26-09-14 22:10:13 [-] [ERROR] Could not reach the Portal at localhost:4006 ([Failure instance: Traceback (failure with no frames): <class 'twisted.internet.error.ConnectionRefusedError'>: Connection was refused by other side: 61: Connection refused.
]). Retrying.
26-09-14 22:10:23 [-] [ERROR] Could not reach the Portal at localhost:4006 ([Failure instance: Traceback (failure with no frames): <class 'twisted.internet.error.ConnectionRefusedError'>: Connection was refused by other side: 61: Connection refused.
]). Retrying.
26-09-14 22:10:33 [-] [ERROR] Could not reach the Portal at localhost:4006 ([Failure instance: Traceback (failure with no frames): <class 'twisted.internet.error.ConnectionRefusedError'>: Connection was refused by other side: 61: Connection refused.
]). Retrying.
26-09-14 22:10:41 [-] [ERROR] Could not reach the Portal at localhost:4006 ([Failure instance: Traceback (failure with no frames): <class 'twisted.internet.error.ConnectionRefusedError'>: Connection was refused by other side: 61: Connection refused.
]). Retrying.
26-09-14 22:10:49 [-] [ERROR] Could not reach the Portal at localhost:4006 ([Failure instance: Traceback (failure with no frames): <class 'twisted.internet.error.ConnectionRefusedError'>: Connection was refused by other side: 61: Connection refused.
]). Retrying.
26-09-14 22:11:00 [-] [ERROR] Could not reach the Portal at localhost:4006 ([Failure instance: Traceback (failure with no frames): <class 'twisted.internet.error.ConnectionRefusedError'>: Connection was refused by other side: 61: Connection refused.
]). Retrying.
26-09-14 22:11:11 [-] [ERROR] Could not reach the Portal at localhost:4006 ([Failure instance: Traceback (failure with no frames): <class 'twisted.internet.error.ConnectionRefusedError'>: Connection was refused by other side: 61: Connection refused.
]). Retrying.
26-09-14 22:11:20 [-] [ERROR] Could not reach the Portal at localhost:4006 ([Failure instance: Traceback (failure with no frames): <class 'twisted.internet.error.ConnectionRefusedError'>: Connection was refused by other side: 61: Connection refused.
]). Retrying.
26-09-14 22:11:30 [-] [ERROR] Could not reach the Portal at localhost:4006 ([Failure instance: Traceback (failure with no frames): <class 'twisted.internet.error.ConnectionRefusedError'>: Connection was refused by other side: 61: Connection refused.
]). Retrying.
26-09-14 22:11:40 [-] [ERROR] Could not reach the Portal at localhost:4006 ([Failure instance: Traceback (failure with no frames): <class 'twisted.internet.error.ConnectionRefusedError'>: Connection was refused by other side: 61: Connection refused.
]). Retrying.
26-09-14 22:11:51 [-] [ERROR] Could not reach the Portal at localhost:4006 ([Failure instance: Traceback (failure with no frames): <class 'twisted.internet.error.ConnectionRefusedError'>: Connection was refused by other side: 61: Connection refused.
]). Retrying.
26-09-14 22:12:01 [-] [ERROR] Could not reach the Portal at localhost:4006 ([Failure instance: Traceback (failure with no frames): <class 'twisted.internet.error.ConnectionRefusedError'>: Connection was refused by other side: 61: Connection refused.
]). Retrying.
26-09-14 22:12:12 [-] [ERROR] Could not reach the Portal at localhost:4006 ([Failure instance: Traceback (failure with no frames): <class 'twisted.internet.error.ConnectionRefusedError'>: Connection was refused by other side: 61: Connection refused.
]). Retrying.
26-09-14 22:12:22 [-] [ERROR] Could not reach the Portal at localhost:4006 ([Failure instance: Traceback (failure with no frames): <class 'twisted.internet.error.ConnectionRefusedError'>: Connection was refused by other side: 61: Connection refused.
]). Retrying.
26-09-14 22:12:33 [-] [ERROR] Could not reach the Portal at localhost:4006 ([Failure instance: Traceback (failure with no frames): <class 'twisted.internet.error.ConnectionRefusedError'>: Connection was refused by other side: 61: Connection refused.
]). Retrying.
26-09-14 22:12:45 [-] [ERROR] Could not reach the Portal at localhost:4006 ([Failure instance: Traceback (failure with no frames): <class 'twisted.internet.error.ConnectionRefusedError'>: Connection was refused by other side: 61: Connection refused.
]). Retrying.
26-09-14 22:12:55 [-] [ERROR] Could not reach the Portal at localhost:4006 ([Failure instance: Traceback (failure with no frames): <class 'twisted.internet.error.ConnectionRefusedError'>: Connection was refused by other side: 61: Connection refused.
]). Retrying.
26-09-14 22:13:05 [-] [ERROR] Could not reach the Portal at localhost:4006 ([Failure instance: Traceback (failure with no frames): <class 'twisted.internet.error.ConnectionRefusedError'>: Connection was refused by other side: 61: Connection refused.
]). Retrying.
26-09-14 22:13:14 [-] [ERROR] Could not reach the Portal at localhost:4006 ([Failure instance: Traceback (failure with no frames): <class 'twisted.internet.error.ConnectionRefusedError'>: Connection was refused by other side: 61: Connection refused.
]). Retrying.
26-09-14 22:13:22 [-] [ERROR] Could not reach the Portal at localhost:4006 ([Failure instance: Traceback (failure with no frames): <class 'twisted.internet.error.ConnectionRefusedError'>: Connection was refused by other side: 61: Connection refused.
]). Retrying.
26-09-14 22:13:31 [-] [ERROR] Could not reach the Portal at localhost:4006 ([Failure instance: Traceback (failure with no frames): <class 'twisted.internet.error.ConnectionRefusedError'>: Connection was refused by other side: 61: Connection refused.
]). Retrying.
26-09-14 22:13:43 [-] [ERROR] Could not reach the Portal at localhost:4006 ([Failure instance: Traceback (failure with no frames): <class 'twisted.internet.error.ConnectionRefusedError'>: Connection was refused by other side: 61: Connection refused.
]). Retrying.
26-09-14 22:13:53 [-] [ERROR] Could not reach the Portal at localhost:4006 ([Failure instance: Traceback (failure with no frames): <class 'twisted.internet.error.ConnectionRefusedError'>: Connection was refused by other side: 61: Connection refused.
]). Retrying.
26-09-14 22:14:03 [-] [ERROR] Could not reach the Portal at localhost:4006 ([Failure instance: Traceback (failure with no frames): <class 'twisted.internet.error.ConnectionRefusedError'>: Connection was refused by other side: 61: Connection refused.
]). Retrying.
26-09-14 22:14:14 [-] [ERROR] Could not reach the Portal at localhost:4006 ([Failure instance: Traceback (failure with no frames): <class 'twisted.internet.error.ConnectionRefusedError'>: Connection was refused by other side: 61: Connection refused.
]). Retrying.
26-09-14 22:14:25 [-] [ERROR] Could not reach the Portal at localhost:4006 ([Failure instance: Traceback (failure with no frames): <class 'twisted.internet.error.ConnectionRefusedError'>: Connection was refused by other side: 61: Connection refused.
]). Retrying.
26-09-14 22:14:34 [-] [ERROR] Could not reach the Portal at localhost:4006 ([Failure instance: Traceback (failure with no frames): <class 'twisted.internet.error.ConnectionRefusedError'>: Connection was refused by other side: 61: Connection refused.
]). Retrying.
26-09-14 22:14:45 [-] [ERROR] Could not reach the Portal at localhost:4006 ([Failure instance: Traceback (failure with no frames): <class 'twisted.internet.error.ConnectionRefusedError'>: Connection was refused by other side: 61: Connection refused.
]). Retrying.
26-09-14 22:14:53 [-] [ERROR] Could not reach the Portal at localhost:4006 ([Failure instance: Traceback (failure with no frames): <class 'twisted.internet.error.ConnectionRefusedError'>: Connection was refused by other side: 61: Connection refused.
]). Retrying.
26-09-14 22:15:04 [-] [ERROR] Could not reach the Portal at localhost:4006 ([Failure instance: Traceback (failure with no frames): <class 'twisted.internet.error.ConnectionRefusedError'>: Connection was refused by other side: 61: Connection refused.
]). Retrying.
26-09-14 22:15:12 [-] [ERROR] Could not reach the Portal at localhost:4006 ([Failure instance: Traceback (failure with no frames): <class 'twisted.internet.error.ConnectionRefusedError'>: Connection was refused by other side: 61: Connection refused.
]). Retrying.
26-09-14 22:15:23 [-] [ERROR] Could not reach the Portal at localhost:4006 ([Failure instance: Traceback (failure with no frames): <class 'twisted.internet.error.ConnectionRefusedError'>: Connection was refused by other side: 61: Connection refused.
]). Retrying.
26-09-14 22:15:33 [-] [ERROR] Could not reach the Portal at localhost:4006 ([Failure instance: Traceback (failure with no frames): <class 'twisted.internet.error.ConnectionRefusedError'>: Connection was refused by other side: 61: Connection refused.
]). Retrying.
26-09-14 22:15:41 [-] [ERROR] Could not reach the Portal at localhost:4006 ([Failure instance: Traceback (failure with no frames): <class 'twisted.internet.error.ConnectionRefusedError'>: Connection was refused by other side: 61: Connection refused.
]). Retrying.
26-09-14 22:15:51 [-] [ERROR] Could not reach the Portal at localhost:4006 ([Failure instance: Traceback (failure with no frames): <class 'twisted.internet.error.ConnectionRefusedError'>: Connection was refused by other side: 61: Connection refused.
]). Retrying.
26-09-14 22:16:00 [-] [ERROR] Could not reach the Portal at localhost:4006 ([Failure instance: Traceback (failure with no frames): <class 'twisted.internet.error.ConnectionRefusedError'>: Connection was refused by other side: 61: Connection refused.
]). Retrying.
26-09-14 22:16:11 [-] [ERROR] Could not reach the Portal at localhost:4006 ([Failure instance: Traceback (failure with no frames): <class 'twisted.internet.error.ConnectionRefusedError'>: Connection was refused by other side: 61: Connection refused.
]). Retrying.
26-09-14 22:16:20 [-] [ERROR] Could not reach the Portal at localhost:4006 ([Failure instance: Traceback (failure with no frames): <class 'twisted.internet.error.ConnectionRefusedError'>: Connection was refused by other side: 61: Connection refused.
]). Retrying.
26-09-14 22:16:30 [-] [ERROR] Could not reach the Portal at localhost:4006 ([Failure instance: Traceback (failure with no frames): <class 'twisted.internet.error.ConnectionRefusedError'>: Connection was refused by other side: 61: Connection refused.
]). Retrying.
26-09-14 22:16:42 [-] [ERROR] Could not reach the Portal at localhost:4006 ([Failure instance: Traceback (failure with no frames): <class 'twisted.internet.error.ConnectionRefusedError'>: Connection was refused by other side: 61: Connection refused.
]). Retrying.
26-09-14 22:16:53 [-] [ERROR] Could not reach the Portal at localhost:4006 ([Failure instance: Traceback (failure with no frames): <class 'twisted.internet.error.ConnectionRefusedError'>: Connection was refused by other side: 61: Connection refused.
]). Retrying.
26-09-14 22:17:02 [-] [ERROR] Could not reach the Portal at localhost:4006 ([Failure instance: Traceback (failure with no frames): <class 'twisted.internet.error.ConnectionRefusedError'>: Connection was refused by other side: 61: Connection refused.
]). Retrying.
26-09-14 22:17:11 [-] [ERROR] Could not reach the Portal at localhost:4006 ([Failure instance: Traceback (failure with no frames): <class 'twisted.internet.error.ConnectionRefusedError'>: Connection was refused by other side: 61: Connection refused.
]). Retrying.
26-09-14 22:17:21 [-] [ERROR] Could not reach the Portal at localhost:4006 ([Failure instance: Traceback (failure with no frames): <class 'twisted.internet.error.ConnectionRefusedError'>: Connection was refused by other side: 61: Connection refused.
]). Retrying.
26-09-14 22:17:32 [-] [ERROR] Could not reach the Portal at localhost:4006 ([Failure instance: Traceback (failure with no frames): <class 'twisted.internet.error.ConnectionRefusedError'>: Connection was refused by other side: 61: Connection refused.
]). Retrying.
26-09-14 22:17:43 [-] [ERROR] Could not reach the Portal at localhost:4006 ([Failure instance: Traceback (failure with no frames): <class 'twisted.internet.error.ConnectionRefusedError'>: Connection was refused by other side: 61: Connection refused.
]). Retrying.
26-09-14 22:17:54 [-] [ERROR] Could not reach the Portal at localhost:4006 ([Failure instance: Traceback (failure with no frames): <class 'twisted.internet.error.ConnectionRefusedError'>: Connection was refused by other side: 61: Connection refused.
]). Retrying.
26-09-14 22:18:04 [-] [ERROR] Could not reach the Portal at localhost:4006 ([Failure instance: Traceback (failure with no frames): <class 'twisted.internet.error.ConnectionRefusedError'>: Connection was refused by other side: 61: Connection refused.
]). Retrying.
26-09-14 22:18:13 [-] [ERROR] Could not reach the Portal at localhost:4006 ([Failure instance: Traceback (failure with no frames): <class 'twisted.internet.error.ConnectionRefusedError'>: Connection was refused by other side: 61: Connection refused.
]). Retrying.
26-09-14 22:18:22 [-] [ERROR] Could not reach the Portal at localhost:4006 ([Failure instance: Traceback (failure with no frames): <class 'twisted.internet.error.ConnectionRefusedError'>: Connection was refused by other side: 61: Connection refused.
]). Retrying.
26-09-14 22:18:34 [-] [ERROR] Could not reach the Portal at localhost:4006 ([Failure instance: Traceback (failure with no frames): <class 'twisted.internet.error.ConnectionRefusedError'>: Connection was refused by other side: 61: Connection refused.
]). Retrying.
26-09-14 22:18:46 [-] [ERROR] Could not reach the Portal at localhost:4006 ([Failure instance: Traceback (failure with no frames): <class 'twisted.internet.error.ConnectionRefusedError'>: Connection was refused by other side: 61: Connection refused.
]). Retrying.
26-09-14 22:18:55 [-] [ERROR] Could not reach the Portal at localhost:4006 ([Failure instance: Traceback (failure with no frames): <class 'twisted.internet.error.ConnectionRefusedError'>: Connection was refused by other side: 61: Connection refused.
]). Retrying.
26-09-14 22:19:08 [-] [ERROR] Could not reach the Portal at localhost:4006 ([Failure instance: Traceback (failure with no frames): <class 'twisted.internet.error.ConnectionRefusedError'>: Connection was refused by other side: 61: Connection refused.
]). Retrying.
26-09-14 22:19:19 [-] [ERROR] Could not reach the Portal at localhost:4006 ([Failure instance: Traceback (failure with no frames): <class 'twisted.internet.error.ConnectionRefusedError'>: Connection was refused by other side: 61: Connection refused.
]). Retrying.
26-09-14 22:19:28 [-] [ERROR] Could not reach the Portal at localhost:4006 ([Failure instance: Traceback (failure with no frames): <class 'twisted.internet.error.ConnectionRefusedError'>: Connection was refused by other side: 61: Connection refused.
]). Retrying.
26-09-14 22:19:37 [-] [ERROR] Could not reach the Portal at localhost:4006 ([Failure instance: Traceback (failure with no frames): <class 'twisted.internet.error.ConnectionRefusedError'>: Connection was refused by other side: 61: Connection refused.
]). Retrying.
26-09-14 22:19:49 [-] [ERROR] Could not reach the Portal at localhost:4006 ([Failure instance: Traceback (failure with no frames): <class 'twisted.internet.error.ConnectionRefusedError'>: Connection was refused by other side: 61: Connection refused.
]). Retrying.
26-09-14 22:19:58 [-] [ERROR] Could not reach the Portal at localhost:4006 ([Failure instance: Traceback (failure with no frames): <class 'twisted.internet.error.ConnectionRefusedError'>: Connection was refused by other side: 61: Connection refused.
]). Retrying.
26-09-14 22:20:09 [-] [ERROR] Could not reach the Portal at localhost:4006 ([Failure instance: Traceback (failure with no frames): <class 'twisted.internet.error.ConnectionRefusedError'>: Connection was refused by other side: 61: Connection refused.
]). Retrying.
26-09-14 22:20:20 [-] [ERROR] Could not reach the Portal at localhost:4006 ([Failure instance: Traceback (failure with no frames): <class 'twisted.internet.error.ConnectionRefusedError'>: Connection was refused by other side: 61: Connection refused.
]). Retrying.
26-09-14 22:20:29 [-] [ERROR] Could not reach the Portal at localhost:4006 ([Failure instance: Traceback (failure with no frames): <class 'twisted.internet.error.ConnectionRefusedError'>: Connection was refused by other side: 61: Connection refused.
]). Retrying.
26-09-14 22:20:40 [-] [ERROR] Could not reach the Portal at localhost:4006 ([Failure instance: Traceback (failure with no frames): <class 'twisted.internet.error.ConnectionRefusedError'>: Connection was refused by other side: 61: Connection refused.
]). Retrying.
26-09-14 22:20:52 [-] [ERROR] Could not reach the Portal at localhost:4006 ([Failure instance: Traceback (failure with no frames): <class 'twisted.internet.error.ConnectionRefusedError'>: Connection was refused by other side: 61: Connection refused.
]). Retrying.
26-09-14 22:21:02 [-] [ERROR] Could not reach the Portal at localhost:4006 ([Failure instance: Traceback (failure with no frames): <class 'twisted.internet.error.ConnectionRefusedError'>: Connection was refused by other side: 61: Connection refused.
]). Retrying.
26-09-14 22:21:12 [-] [ERROR] Could not reach the Portal at localhost:4006 ([Failure instance: Traceback (failure with no frames): <class 'twisted.internet.error.ConnectionRefusedError'>: Connection was refused by other side: 61: Connection refused.
]). Retrying.
26-09-14 22:21:22 [-] [ERROR] Could not reach the Portal at localhost:4006 ([Failure instance: Traceback (failure with no frames): <class 'twisted.internet.error.ConnectionRefusedError'>: Connection was refused by other side: 61: Connection refused.
]). Retrying.
26-09-14 22:21:33 [-] [ERROR] Could not reach the Portal at localhost:4006 ([Failure instance: Traceback (failure with no frames): <class 'twisted.internet.error.ConnectionRefusedError'>: Connection was refused by other side: 61: Connection refused.
]). Retrying.
26-09-14 22:21:43 [-] [ERROR] Could not reach the Portal at localhost:4006 ([Failure instance: Traceback (failure with no frames): <class 'twisted.internet.error.ConnectionRefusedError'>: Connection was refused by other side: 61: Connection refused.
]). Retrying.
26-09-14 22:21:54 [-] [ERROR] Could not reach the Portal at localhost:4006 ([Failure instance: Traceback (failure with no frames): <class 'twisted.internet.error.ConnectionRefusedError'>: Connection was refused by other side: 61: Connection refused.
]). Retrying.
26-09-14 22:22:04 [-] [ERROR] Could not reach the Portal at localhost:4006 ([Failure instance: Traceback (failure with no frames): <class 'twisted.internet.error.ConnectionRefusedError'>: Connection was refused by other side: 61: Connection refused.
]). Retrying.
26-09-14 22:22:12 [-] [ERROR] Could not reach the Portal at localhost:4006 ([Failure instance: Traceback (failure with no frames): <class 'twisted.internet.error.ConnectionRefusedError'>: Connection was refused by other side: 61: Connection refused.
]). Retrying.
26-09-14 22:22:23 [-] [ERROR] Could not reach the Portal at localhost:4006 ([Failure instance: Traceback (failure with no frames): <class 'twisted.internet.error.ConnectionRefusedError'>: Connection was refused by other side: 61: Connection refused.
]). Retrying.
26-09-14 22:22:34 [-] [ERROR] Could not reach the Portal at localhost:4006 ([Failure instance: Traceback (failure with no frames): <class 'twisted.internet.error.ConnectionRefusedError'>: Connection was refused by other side: 61: Connection refused.
]). Retrying.
26-09-14 22:22:44 [-] [ERROR] Could not reach the Portal at localhost:4006 ([Failure instance: Traceback (failure with no frames): <class 'twisted.internet.error.ConnectionRefusedError'>: Connection was refused by other side: 61: Connection refused.
]). Retrying.
26-09-14 22:22:54 [-] [ERROR] Could not reach the Portal at localhost:4006 ([Failure instance: Traceback (failure with no frames): <class 'twisted.internet.error.ConnectionRefusedError'>: Connection was refused by other side: 61: Connection refused.
]). Retrying.
26-09-14 22:23:03 [-] [ERROR] Could not reach the Portal at localhost:4006 ([Failure instance: Traceback (failure with no frames): <class 'twisted.internet.error.ConnectionRefusedError'>: Connection was refused by other side: 61: Connection refused.
]). Retrying.
26-09-14 22:23:13 [-] [ERROR] Could not reach the Portal at localhost:4006 ([Failure instance: Traceback (failure with no frames): <class 'twisted.internet.error.ConnectionRefusedError'>: Connection was refused by other side: 61: Connection refused.
]). Retrying.
26-09-14 22:23:24 [-] [ERROR] Could not reach the Portal at localhost:4006 ([Failure instance: Traceback (failure with no frames): <class 'twisted.internet.error.ConnectionRefusedError'>: Connection was refused by other side: 61: Connection refused.
]). Retrying.
26-09-14 22:23:32 [-] [ERROR] Could not reach the Portal at localhost:4006 ([Failure instance: Traceback (failure with no frames): <class 'twisted.internet.error.ConnectionRefusedError'>: Connection was refused by other side: 61: Connection refused.
]). Retrying.
26-09-14 22:23:42 [-] [ERROR] Could not reach the Portal at localhost:4006 ([Failure instance: Traceback (failure with no frames): <class 'twisted.internet.error.ConnectionRefusedError'>: Connection was refused by other side: 61: Connection refused.
]). Retrying.
26-09-14 22:23:51 [-] [ERROR] Could not reach the Portal at localhost:4006 ([Failure instance: Traceback (failure with no frames): <class 'twisted.internet.error.ConnectionRefusedError'>: Connection was refused by other side: 61: Connection refused.
]). Retrying.
26-09-14 22:24:02 [-] [ERROR] Could not reach the Portal at localhost:4006 ([Failure instance: Traceback (failure with no frames): <class 'twisted.internet.error.ConnectionRefusedError'>: Connection was refused by other side: 61: Connection refused.
]). Retrying.
26-09-14 22:24:14 [-] [ERROR] Could not reach the Portal at localhost:4006 ([Failure instance: Traceback (failure with no frames): <class 'twisted.internet.error.ConnectionRefusedError'>: Connection was refused by other side: 61: Connection refused.
]). Retrying.
26-09-14 22:24:23 [-] [ERROR] Could not reach the Portal at localhost:4006 ([Failure instance: Traceback (failure with no frames): <class 'twisted.internet.error.ConnectionRefusedError'>: Connection was refused by other side: 61: Connection refused.
]). Retrying.
26-09-14 22:24:32 [-] [ERROR] Could not reach the Portal at localhost:4006 ([Failure instance: Traceback (failure with no frames): <class 'twisted.internet.error.ConnectionRefusedError'>: Connection was refused by other side: 61: Connection refused.
]). Retrying.
26-09-14 22:24:42 [-] [ERROR] Could not reach the Portal at localhost:4006 ([Failure instance: Traceback (failure with no frames): <class 'twisted.internet.error.ConnectionRefusedError'>: Connection was refused by other side: 61: Connection refused.
]). Retrying.
26-09-14 22:24:49 [-] [ERROR] Could not reach the Portal at localhost:4006 ([Failure instance: Traceback (failure with no frames): <class 'twisted.internet.error.ConnectionRefusedError'>: Connection was refused by other side: 61: Connection refused.
]). Retrying.
26-09-14 22:25:01 [-] [ERROR] Could not reach the Portal at localhost:4006 ([Failure instance: Traceback (failure with no frames): <class 'twisted.internet.error.ConnectionRefusedError'>: Connection was refused by other side: 61: Connection refused.
]). Retrying.
26-09-14 22:25:10 [-] [ERROR] Could not reach the Portal at localhost:4006 ([Failure instance: Traceback (failure with no frames): <class 'twisted.internet.error.ConnectionRefusedError'>: Connection was refused by other side: 61: Connection refused.
]). Retrying.
26-09-14 22:25:21 [-] [ERROR] Could not reach the Portal at localhost:4006 ([Failure instance: Traceback (failure with no frames): <class 'twisted.internet.error.ConnectionRefusedError'>: Connection was refused by other side: 61: Connection refused.
]). Retrying.
26-09-14 22:25:29 [-] [ERROR] Could not reach the Portal at localhost:4006 ([Failure instance: Traceback (failure with no frames): <class 'twisted.internet.error.ConnectionRefusedError'>: Connection was refused by other side: 61: Connection refused.
]). Retrying.
26-09-14 22:25:39 [-] [ERROR] Could not reach the Portal at localhost:4006 ([Failure instance: Traceback (failure with no frames): <class 'twisted.internet.error.ConnectionRefusedError'>: Connection was refused by other side: 61: Connection refused.
]). Retrying.
26-09-14 22:25:48 [-] [ERROR] Could not reach the Portal at localhost:4006 ([Failure instance: Traceback (failure with no frames): <class 'twisted.internet.error.ConnectionRefusedError'>: Connection was refused by other side: 61: Connection refused.
]). Retrying.
26-09-14 22:25:57 [-] [ERROR] Could not reach the Portal at localhost:4006 ([Failure instance: Traceback (failure with no frames): <class 'twisted.internet.error.ConnectionRefusedError'>: Connection was refused by other side: 61: Connection refused.
]). Retrying.
26-09-14 22:26:08 [-] [ERROR] Could not reach the Portal at localhost:4006 ([Failure instance: Traceback (failure with no frames): <class 'twisted.internet.error.ConnectionRefusedError'>: Connection was refused by other side: 61: Connection refused.
]). Retrying.
26-09-14 22:26:17 [-] [ERROR] Could not reach the Portal at localhost:4006 ([Failure instance: Traceback (failure with no frames): <class 'twisted.internet.error.ConnectionRefusedError'>: Connection was refused by other side: 61: Connection refused.
]). Retrying.
26-09-14 22:26:28 [-] [ERROR] Could not reach the Portal at localhost:4006 ([Failure instance: Traceback (failure with no frames): <class 'twisted.internet.error.ConnectionRefusedError'>: Connection was refused by other side: 61: Connection refused.
]). Retrying.
26-09-14 22:26:39 [-] [ERROR] Could not reach the Portal at localhost:4006 ([Failure instance: Traceback (failure with no frames): <class 'twisted.internet.error.ConnectionRefusedError'>: Connection was refused by other side: 61: Connection refused.
]). Retrying.
26-09-14 22:26:51 [-] [ERROR] Could not reach the Portal at localhost:4006 ([Failure instance: Traceback (failure with no frames): <class 'twisted.internet.error.ConnectionRefusedError'>: Connection was refused by other side: 61: Connection refused.
]). Retrying.
26-09-14 22:27:03 [-] [ERROR] Could not reach the Portal at localhost:4006 ([Failure instance: Traceback (failure with no frames): <class 'twisted.internet.error.ConnectionRefusedError'>: Connection was refused by other side: 61: Connection refused.
]). Retrying.
26-09-14 22:27:12 [-] [ERROR] Could not reach the Portal at localhost:4006 ([Failure instance: Traceback (failure with no frames): <class 'twisted.internet.error.ConnectionRefusedError'>: Connection was refused by other side: 61: Connection refused.
]). Retrying.
26-09-14 22:27:21 [-] [ERROR] Could not reach the Portal at localhost:4006 ([Failure instance: Traceback (failure with no frames): <class 'twisted.internet.error.ConnectionRefusedError'>: Connection was refused by other side: 61: Connection refused.
]). Retrying.
26-09-14 22:27:31 [-] [ERROR] Could not reach the Portal at localhost:4006 ([Failure instance: Traceback (failure with no frames): <class 'twisted.internet.error.ConnectionRefusedError'>: Connection was refused by other side: 61: Connection refused.
]). Retrying.
26-09-14 22:27:42 [-] [ERROR] Could not reach the Portal at localhost:4006 ([Failure instance: Traceback (failure with no frames): <class 'twisted.internet.error.ConnectionRefusedError'>: Connection was refused by other side: 61: Connection refused.
]). Retrying.
26-09-14 22:27:51 [-] [ERROR] Could not reach the Portal at localhost:4006 ([Failure instance: Traceback (failure with no frames): <class 'twisted.internet.error.ConnectionRefusedError'>: Connection was refused by other side: 61: Connection refused.
]). Retrying.
26-09-14 22:28:02 [-] [ERROR] Could not reach the Portal at localhost:4006 ([Failure instance: Traceback (failure with no frames): <class 'twisted.internet.error.ConnectionRefusedError'>: Connection was refused by other side: 61: Connection refused.
]). Retrying.
26-09-14 22:28:12 [-] [ERROR] Could not reach the Portal at localhost:4006 ([Failure instance: Traceback (failure with no frames): <class 'twisted.internet.error.ConnectionRefusedError'>: Connection was refused by other side: 61: Connection refused.
]). Retrying.
26-09-14 22:28:24 [-] [ERROR] Could not reach the Portal at localhost:4006 ([Failure instance: Traceback (failure with no frames): <class 'twisted.internet.error.ConnectionRefusedError'>: Connection was refused by other side: 61: Connection refused.
]). Retrying.
26-09-14 22:28:35 [-] [ERROR] Could not reach the Portal at localhost:4006 ([Failure instance: Traceback (failure with no frames): <class 'twisted.internet.error.ConnectionRefusedError'>: Connection was refused by other side: 61: Connection refused.
]). Retrying.
26-09-14 22:28:46 [-] [ERROR] Could not reach the Portal at localhost:4006 ([Failure instance: Traceback (failure with no frames): <class 'twisted.internet.error.ConnectionRefusedError'>: Connection was refused by other side: 61: Connection refused.
]). Retrying.
26-09-14 22:28:54 [-] [ERROR] Could not reach the Portal at localhost:4006 ([Failure instance: Traceback (failure with no frames): <class 'twisted.internet.error.ConnectionRefusedError'>: Connection was refused by other side: 61: Connection refused.
]). Retrying.
26-09-14 22:29:04 [-] [ERROR] Could not reach the Portal at localhost:4006 ([Failure instance: Traceback (failure with no frames): <class 'twisted.internet.error.ConnectionRefusedError'>: Connection was refused by other side: 61: Connection refused.
]). Retrying.
26-09-14 22:29:15 [-] [ERROR] Could not reach the Portal at localhost:4006 ([Failure instance: Traceback (failure with no frames): <class 'twisted.internet.error.ConnectionRefusedError'>: Connection was refused by other side: 61: Connection refused.
]). Retrying.
26-09-14 22:29:24 [-] [ERROR] Could not reach the Portal at localhost:4006 ([Failure instance: Traceback (failure with no frames): <class 'twisted.internet.error.ConnectionRefusedError'>: Connection was refused by other side: 61: Connection refused.
]). Retrying.
26-09-14 22:29:35 [-] [ERROR] Could not reach the Portal at localhost:4006 ([Failure instance: Traceback (failure with no frames): <class 'twisted.internet.error.ConnectionRefusedError'>: Connection was refused by other side: 61: Connection refused.
]). Retrying.
26-09-14 22:29:45 [-] [ERROR] Could not reach the Portal at localhost:4006 ([Failure instance: Traceback (failure with no frames): <class 'twisted.internet.error.ConnectionRefusedError'>: Connection was refused by other side: 61: Connection refused.
]). Retrying.
26-09-14 22:29:54 [-] [ERROR] Could not reach the Portal at localhost:4006 ([Failure instance: Traceback (failure with no frames): <class 'twisted.internet.error.ConnectionRefusedError'>: Connection was refused by other side: 61: Connection refused.
]). Retrying.
26-09-14 22:30:03 [-] [ERROR] Could not reach the Portal at localhost:4006 ([Failure instance: Traceback (failure with no frames): <class 'twisted.internet.error.ConnectionRefusedError'>: Connection was refused by other side: 61: Connection refused.
]). Retrying.
26-09-14 22:30:13 [-] [ERROR] Could not reach the Portal at localhost:4006 ([Failure instance: Traceback (failure with no frames): <class 'twisted.internet.error.ConnectionRefusedError'>: Connection was refused by other side: 61: Connection refused.
]). Retrying.
26-09-14 22:30:20 [-] [ERROR] Could not reach the Portal at localhost:4006 ([Failure instance: Traceback (failure with no frames): <class 'twisted.internet.error.ConnectionRefusedError'>: Connection was refused by other side: 61: Connection refused.
]). Retrying.
26-09-14 22:30:29 [-] [ERROR] Could not reach the Portal at localhost:4006 ([Failure instance: Traceback (failure with no frames): <class 'twisted.internet.error.ConnectionRefusedError'>: Connection was refused by other side: 61: Connection refused.
]). Retrying.
26-09-14 22:30:38 [-] [ERROR] Could not reach the Portal at localhost:4006 ([Failure instance: Traceback (failure with no frames): <class 'twisted.internet.error.ConnectionRefusedError'>: Connection was refused by other side: 61: Connection refused.
]). Retrying.
26-09-14 22:30:49 [-] [ERROR] Could not reach the Portal at localhost:4006 ([Failure instance: Traceback (failure with no frames): <class 'twisted.internet.error.ConnectionRefusedError'>: Connection was refused by other side: 61: Connection refused.
]). Retrying.
26-09-14 22:31:00 [-] [ERROR] Could not reach the Portal at localhost:4006 ([Failure instance: Traceback (failure with no frames): <class 'twisted.internet.error.ConnectionRefusedError'>: Connection was refused by other side: 61: Connection refused.
]). Retrying.
26-09-14 22:31:12 [-] [ERROR] Could not reach the Portal at localhost:4006 ([Failure instance: Traceback (failure with no frames): <class 'twisted.internet.error.ConnectionRefusedError'>: Connection was refused by other side: 61: Connection refused.
]). Retrying.
26-09-14 22:31:22 [-] [ERROR] Could not reach the Portal at localhost:4006 ([Failure instance: Traceback (failure with no frames): <class 'twisted.internet.error.ConnectionRefusedError'>: Connection was refused by other side: 61: Connection refused.
]). Retrying.
26-09-14 22:31:30 [-] [ERROR] Could not reach the Portal at localhost:4006 ([Failure instance: Traceback (failure with no frames): <class 'twisted.internet.error.ConnectionRefusedError'>: Connection was refused by other side: 61: Connection refused.
]). Retrying.
26-09-14 22:31:39 [-] [ERROR] Could not reach the Portal at localhost:4006 ([Failure instance: Traceback (failure with no frames): <class 'twisted.internet.error.ConnectionRefusedError'>: Connection was refused by other side: 61: Connection refused.
]). Retrying.
26-09-14 22:31:50 [-] [ERROR] Could not reach the Portal at localhost:4006 ([Failure instance: Traceback (failure with no frames): <class 'twisted.internet.error.ConnectionRefusedError'>: Connection was refused by other side: 61: Connection refused.
]). Retrying.
26-09-14 22:32:00 [-] [ERROR] Could not reach the Portal at localhost:4006 ([Failure instance: Traceback (failure with no frames): <class 'twisted.internet.error.ConnectionRefusedError'>: Connection was refused by other side: 61: Connection refused.
]). Retrying.
26-09-14 22:32:10 [-] [ERROR] Could not reach the Portal at localhost:4006 ([Failure instance: Traceback (failure with no frames): <class 'twisted.internet.error.ConnectionRefusedError'>: Connection was refused by other side: 61: Connection refused.
]). Retrying.
26-09-14 22:32:20 [-] [ERROR] Could not reach the Portal at localhost:4006 ([Failure instance: Traceback (failure with no frames): <class 'twisted.internet.error.ConnectionRefusedError'>: Connection was refused by other side: 61: Connection refused.
]). Retrying.
26-09-14 22:32:31 [-] [ERROR] Could not reach the Portal at localhost:4006 ([Failure instance: Traceback (failure with no frames): <class 'twisted.internet.error.ConnectionRefusedError'>: Connection was refused by other side: 61: Connection refused.
]). Retrying.
26-09-14 22:32:42 [-] [ERROR] Could not reach the Portal at localhost:4006 ([Failure instance: Traceback (failure with no frames): <class 'twisted.internet.error.ConnectionRefusedError'>: Connection was refused by other side: 61: Connection refused.
]). Retrying.
26-09-14 22:32:53 [-] [ERROR] Could not reach the Portal at localhost:4006 ([Failure instance: Traceback (failure with no frames): <class 'twisted.internet.error.ConnectionRefusedError'>: Connection was refused by other side: 61: Connection refused.
]). Retrying.
26-09-14 22:33:02 [-] [ERROR] Could not reach the Portal at localhost:4006 ([Failure instance: Traceback (failure with no frames): <class 'twisted.internet.error.ConnectionRefusedError'>: Connection was refused by other side: 61: Connection refused.
]). Retrying.
26-09-14 22:33:13 [-] [ERROR] Could not reach the Portal at localhost:4006 ([Failure instance: Traceback (failure with no frames): <class 'twisted.internet.error.ConnectionRefusedError'>: Connection was refused by other side: 61: Connection refused.
]). Retrying.
26-09-14 22:33:23 [-] [ERROR] Could not reach the Portal at localhost:4006 ([Failure instance: Traceback (failure with no frames): <class 'twisted.internet.error.ConnectionRefusedError'>: Connection was refused by other side: 61: Connection refused.
]). Retrying.
26-09-14 22:33:33 [-] [ERROR] Could not reach the Portal at localhost:4006 ([Failure instance: Traceback (failure with no frames): <class 'twisted.internet.error.ConnectionRefusedError'>: Connection was refused by other side: 61: Connection refused.
]). Retrying.
26-09-14 22:33:44 [-] [ERROR] Could not reach the Portal at localhost:4006 ([Failure instance: Traceback (failure with no frames): <class 'twisted.internet.error.ConnectionRefusedError'>: Connection was refused by other side: 61: Connection refused.
]). Retrying.
26-09-14 22:33:56 [-] [ERROR] Could not reach the Portal at localhost:4006 ([Failure instance: Traceback (failure with no frames): <class 'twisted.internet.error.ConnectionRefusedError'>: Connection was refused by other side: 61: Connection refused.
]). Retrying.
26-09-14 22:34:07 [-] [ERROR] Could not reach the Portal at localhost:4006 ([Failure instance: Traceback (failure with no frames): <class 'twisted.internet.error.ConnectionRefusedError'>: Connection was refused by other side: 61: Connection refused.
]). Retrying.
26-09-14 22:34:15 [-] [ERROR] Could not reach the Portal at localhost:4006 ([Failure instance: Traceback (failure with no frames): <class 'twisted.internet.error.ConnectionRefusedError'>: Connection was refused by other side: 61: Connection refused.
]). Retrying.
26-09-14 22:34:25 [-] [ERROR] Could not reach the Portal at localhost:4006 ([Failure instance: Traceback (failure with no frames): <class 'twisted.internet.error.ConnectionRefusedError'>: Connection was refused by other side: 61: Connection refused.
]). Retrying.
26-09-14 22:34:37 [-] [ERROR] Could not reach the Portal at localhost:4006 ([Failure instance: Traceback (failure with no frames): <class 'twisted.internet.error.ConnectionRefusedError'>: Connection was refused by other side: 61: Connection refused.
]). Retrying.
26-09-14 22:34:44 [-] [ERROR] Could not reach the Portal at localhost:4006 ([Failure instance: Traceback (failure with no frames): <class 'twisted.internet.error.ConnectionRefusedError'>: Connection was refused by other side: 61: Connection refused.
]). Retrying.
26-09-14 22:34:54 [-] [ERROR] Could not reach the Portal at localhost:4006 ([Failure instance: Traceback (failure with no frames): <class 'twisted.internet.error.ConnectionRefusedError'>: Connection was refused by other side: 61: Connection refused.
]). Retrying.
26-09-14 22:35:03 [-] [ERROR] Could not reach the Portal at localhost:4006 ([Failure instance: Traceback (failure with no frames): <class 'twisted.internet.error.ConnectionRefusedError'>: Connection was refused by other side: 61: Connection refused.
]). Retrying.
26-09-14 22:35:14 [-] [ERROR] Could not reach the Portal at localhost:4006 ([Failure instance: Traceback (failure with no frames): <class 'twisted.internet.error.ConnectionRefusedError'>: Connection was refused by other side: 61: Connection refused.
]). Retrying.
26-09-14 22:35:25 [-] [ERROR] Could not reach the Portal at localhost:4006 ([Failure instance: Traceback (failure with no frames): <class 'twisted.internet.error.ConnectionRefusedError'>: Connection was refused by other side: 61: Connection refused.
]). Retrying.
26-09-14 22:35:36 [-] [ERROR] Could not reach the Portal at localhost:4006 ([Failure instance: Traceback (failure with no frames): <class 'twisted.internet.error.ConnectionRefusedError'>: Connection was refused by other side: 61: Connection refused.
]). Retrying.
26-09-14 22:35:45 [-] [ERROR] Could not reach the Portal at localhost:4006 ([Failure instance: Traceback (failure with no frames): <class 'twisted.internet.error.ConnectionRefusedError'>: Connection was refused by other side: 61: Connection refused.
]). Retrying.
26-09-14 22:35:55 [-] [ERROR] Could not reach the Portal at localhost:4006 ([Failure instance: Traceback (failure with no frames): <class 'twisted.internet.error.ConnectionRefusedError'>: Connection was refused by other side: 61: Connection refused.
]). Retrying.
26-09-14 22:36:04 [-] [ERROR] Could not reach the Portal at localhost:4006 ([Failure instance: Traceback (failure with no frames): <class 'twisted.internet.error.ConnectionRefusedError'>: Connection was refused by other side: 61: Connection refused.
]). Retrying.
26-09-14 22:36:18 [-] [ERROR] Could not reach the Portal at localhost:4006 ([Failure instance: Traceback (failure with no frames): <class 'twisted.internet.error.ConnectionRefusedError'>: Connection was refused by other side: 61: Connection refused.
]). Retrying.
26-09-14 22:36:27 [-] [ERROR] Could not reach the Portal at localhost:4006 ([Failure instance: Traceback (failure with no frames): <class 'twisted.internet.error.ConnectionRefusedError'>: Connection was refused by other side: 61: Connection refused.
]). Retrying.
26-09-14 22:36:38 [-] [ERROR] Could not reach the Portal at localhost:4006 ([Failure instance: Traceback (failure with no frames): <class 'twisted.internet.error.ConnectionRefusedError'>: Connection was refused by other side: 61: Connection refused.
]). Retrying.
26-09-14 22:36:48 [-] [ERROR] Could not reach the Portal at localhost:4006 ([Failure instance: Traceback (failure with no frames): <class 'twisted.internet.error.ConnectionRefusedError'>: Connection was refused by other side: 61: Connection refused.
]). Retrying.
26-09-14 22:36:58 [-] [ERROR] Could not reach the Portal at localhost:4006 ([Failure instance: Traceback (failure with no frames): <class 'twisted.internet.error.ConnectionRefusedError'>: Connection was refused by other side: 61: Connection refused.
]). Retrying.
26-09-14 22:37:06 [-] [ERROR] Could not reach the Portal at localhost:4006 ([Failure instance: Traceback (failure with no frames): <class 'twisted.internet.error.ConnectionRefusedError'>: Connection was refused by other side: 61: Connection refused.
]). Retrying.
26-09-14 22:37:18 [-] [ERROR] Could not reach the Portal at localhost:4006 ([Failure instance: Traceback (failure with no frames): <class 'twisted.internet.error.ConnectionRefusedError'>: Connection was refused by other side: 61: Connection refused.
]). Retrying.
26-09-14 22:37:28 [-] [ERROR] Could not reach the Portal at localhost:4006 ([Failure instance: Traceback (failure with no frames): <class 'twisted.internet.error.ConnectionRefusedError'>: Connection was refused by other side: 61: Connection refused.
]). Retrying.
26-09-14 22:37:37 [-] [ERROR] Could not reach the Portal at localhost:4006 ([Failure instance: Traceback (failure with no frames): <class 'twisted.internet.error.ConnectionRefusedError'>: Connection was refused by other side: 61: Connection refused.
]). Retrying.
26-09-14 22:37:46 [-] [ERROR] Could not reach the Portal at localhost:4006 ([Failure instance: Traceback (failure with no frames): <class 'twisted.internet.error.ConnectionRefusedError'>: Connection was refused by other side: 61: Connection refused.
]). Retrying.
26-09-14 22:37:56 [-] [ERROR] Could not reach the Portal at localhost:4006 ([Failure instance: Traceback (failure with no frames): <class 'twisted.internet.error.ConnectionRefusedError'>: Connection was refused by other side: 61: Connection refused.
]). Retrying.
26-09-14 22:38:06 [-] [ERROR] Could not reach the Portal at localhost:4006 ([Failure instance: Traceback (failure with no frames): <class 'twisted.internet.error.ConnectionRefusedError'>: Connection was refused by other side: 61: Connection refused.
]). Retrying.
26-09-14 22:38:17 [-] [ERROR] Could not reach the Portal at localhost:4006 ([Failure instance: Traceback (failure with no frames): <class 'twisted.internet.error.ConnectionRefusedError'>: Connection was refused by other side: 61: Connection refused.
]). Retrying.
26-09-14 22:38:27 [-] [ERROR] Could not reach the Portal at localhost:4006 ([Failure instance: Traceback (failure with no frames): <class 'twisted.internet.error.ConnectionRefusedError'>: Connection was refused by other side: 61: Connection refused.
]). Retrying.
26-09-14 22:38:38 [-] [ERROR] Could not reach the Portal at localhost:4006 ([Failure instance: Traceback (failure with no frames): <class 'twisted.internet.error.ConnectionRefusedError'>: Connection was refused by other side: 61: Connection refused.
]). Retrying.
26-09-14 22:38:48 [-] [ERROR] Could not reach the Portal at localhost:4006 ([Failure instance: Traceback (failure with no frames): <class 'twisted.internet.error.ConnectionRefusedError'>: Connection was refused by other side: 61: Connection refused.
]). Retrying.
26-09-14 22:38:57 [-] [ERROR] Could not reach the Portal at localhost:4006 ([Failure instance: Traceback (failure with no frames): <class 'twisted.internet.error.ConnectionRefusedError'>: Connection was refused by other side: 61: Connection refused.
]). Retrying.